u,v,distance_m
711327755,711332946,58.0
711327756,703557073,4.0
711327759,703557072,5.0
711327760,711331451,59.0
777781264,387153082,14.0
356125087,356124993,107.0
560988348,758611953,66.0
560988354,560988348,86.0
560988353,2347007251,5.0
560988353,3810637310,12.0
367132897,6207245784,58.0
579993929,579993932,22.0
579993932,579994885,31.0
767820210,368390158,39.0
767820210,368389680,127.0
6226313833,575570532,56.0
6226313833,746924716,19.0
6226313842,576834725,15.0
6226313842,6226313846,272.0
6226313846,575467530,7.0
6226313846,575384839,44.0
6226313846,6226313842,272.0
3276407461,92141618,68.0
775946936,777825195,20.0
775946941,777832638,11.0
1132069603,60653717,4.0
1132069612,1132069613,4.0
1132069613,635530384,6.0
579470070,55905953,32.0
1132069623,1132069653,5.0
1132069624,635530497,115.0
1132069648,1132069603,3.0
1132069653,506050308,5.0
54552174,575384239,17.0
2935358337,2935358343,4.0
2935358344,2935358337,5.0
54552188,575390860,19.0
560989090,301537530,48.0
710018065,710018068,7.0
710018068,4969353892,73.0
589431853,1327098219,3.0
589431853,2776396941,99.0
560989237,528650475,31.0
589431885,589431853,61.0
282854566,282854567,39.0
282854567,282854568,46.0
282854568,282854569,75.0
282854569,282854570,99.0
282854570,282854571,67.0
282854571,282854572,72.0
1224869048,1224856493,3.0
1224869051,1224856497,8.0
1224869049,1224869065,15.0
1224869056,1224869051,8.0
1224869058,1224869091,6.0
1224869068,635493548,117.0
250479829,1982440009,55.0
250479836,250480609,13.0
1224869091,1224854753,30.0
250479850,250479864,96.0
1224869101,1224869048,5.0
1224869101,277125478,13.0
250479864,1463620982,5.0
579994885,579994943,29.0
250479885,3431070188,69.0
2577925392,579515304,155.0
250479896,1463547093,112.0
250479903,443274289,4.0
579994943,579995038,190.0
282854772,282852909,9.0
282854778,282854783,45.0
282854783,282854566,60.0
2170946980,2029614911,20.0
2170946980,2213981040,32.0
560989608,301544549,4.0
560989608,844489301,45.0
560989610,560989611,4.0
560989611,844462098,5.0
591398356,591398359,24.0
591398359,591408190,113.0
2789606893,2213981051,43.0
2789606895,2789606893,9.0
608962184,541122905,9.0
576860418,643991276,9.0
576860418,576860085,9.0
266733258,30944137,16.0
1224869661,709966972,18.0
1224869676,634774941,14.0
1224869677,1224869676,186.0
634783578,634783937,42.0
1367607237,1367607240,118.0
1367607240,370242314,10.0
250480609,250480641,74.0
250480634,2312383359,160.0
250480641,30947985,30.0
250480649,30947985,39.0
250480649,30947983,50.0
250480655,2236727765,2.0
250480655,705744124,79.0
250480659,250480672,79.0
250480659,332794352,80.0
250480662,35301705,64.0
250480662,2672365503,49.0
250480666,250480669,72.0
250480669,30948020,57.0
250480672,250480677,72.0
250480672,250480659,79.0
250480677,2672365503,27.0
250480677,250480672,72.0
54396972,387153042,10.0
634783845,123087006,36.0
634783937,634774998,38.0
906234093,128891277,16.0
906234093,2384157684,134.0
906234095,305909758,124.0
906234095,2384157684,191.0
634784031,634784032,9.0
634784032,634783578,28.0
356124993,269327967,66.0
575539547,576818194,92.0
634784114,634783914,13.0
634784124,634784114,21.0
634784125,634784124,9.0
634784134,634784125,74.0
123079071,633912912,12.0
2346846625,233578163,46.0
332794352,244283340,87.0
6206786039,589402277,24.0
332794361,332794364,73.0
30385484,5959605036,37.0
30385485,356088432,47.0
266734205,767665017,7.0
266734205,767665024,7.0
266734280,417273054,158.0
634784608,634777956,6.0
95554473,251083833,41.0
2894990347,589805478,6.0
122817581,589704716,8.0
2090732592,4309902215,18.0
2090732592,302571407,53.0
122817608,3743608254,4.0
595594344,595594345,27.0
595594345,6207022858,12.0
595594346,6207022860,8.0
595594347,6167236677,7.0
595594347,595594348,17.0
595594348,6167344540,4.0
595594349,595594350,36.0
595594350,595594351,78.0
595594351,6167344517,64.0
595594352,6167344378,7.0
595594353,595594354,39.0
595594354,4544002876,43.0
595594355,6167265883,46.0
595594357,4544035096,43.0
595594360,595594361,40.0
595594361,131221744,12.0
595594361,595594362,44.0
595594362,595594363,17.0
595594363,6167489445,22.0
595594365,6167152987,84.0
595594366,4520380525,4.0
595594367,634783845,102.0
595594369,123087089,56.0
595594369,595594370,32.0
595594370,595594371,14.0
595594371,26034526,12.0
595594371,2850399839,78.0
122817669,589759812,4.0
122817669,760180220,5.0
35523908,1283629001,28.0
35523916,777906400,12.0
35523917,53133031,62.0
598347137,1327098219,2.0
598347137,598347148,36.0
598347148,598347137,36.0
598347148,598401578,30.0
260907255,260907218,129.0
35524096,35524350,118.0
1449266727,1449266782,114.0
1449266733,1449285248,12.0
1449266728,1449266736,16.0
1449266736,1449316577,33.0
387700302,664378915,84.0
387700302,847533460,4.0
2190478922,6167191167,5.0
2190478926,6167417946,3.0
2190478928,4326586221,5.0
2190478928,6167191729,9.0
2190478930,4326586213,5.0
2190478932,4326586220,4.0
2190478934,6167440966,8.0
2190478934,6167440973,6.0
2190478936,4326586210,5.0
2190478940,4326586223,5.0
2190478940,591429117,100.0
2190478937,3394726640,105.0
2190478937,6167247326,7.0
1449266782,1449266796,14.0
1449266796,1449266802,68.0
1449266802,1449266728,91.0
277089909,767584653,12.0
711331451,711327759,8.0
1449266841,1449295035,309.0
4301655729,260906825,73.0
560991951,560991956,4.0
560991954,560991962,5.0
774508242,774527826,4.0
774508242,1691676440,18.0
560991956,844412409,4.0
560991962,844489669,5.0
35524350,53132178,54.0
356126466,356126633,6.0
711331595,277517044,5.0
1905004303,1905004304,8.0
1905004304,1905004354,15.0
1905004354,845692519,15.0
1905004354,4398351515,108.0
6212685642,1449308623,85.0
222957430,248969196,62.0
222957430,30287591,243.0
581701516,581703526,251.0
356126633,356127424,38.0
634785708,310729981,67.0
634785744,634785708,32.0
634785744,1224854774,62.0
54398934,3222703094,39.0
356126764,2632208068,94.0
777916580,1691663875,67.0
777916580,4326586178,13.0
6021320893,1271016120,2.0
6021320897,206204624,262.0
581701844,581703450,75.0
2960003290,2960006640,5.0
2960003290,3313210937,4.0
2960003290,2960006639,13.0
2960003295,2960404462,30.0
2960003295,2960006639,104.0
636883225,364861092,105.0
356127080,356127457,37.0
356127080,1449308625,9.0
814816086,814816065,198.0
767693486,767710271,56.0
356127424,356126764,42.0
767693506,5957906913,52.0
356127457,576837332,41.0
4746121967,6167359488,73.0
4746121967,588198725,41.0
4746121968,4746122983,9.0
222958329,224738476,17.0
222958329,30287592,244.0
54399741,282825809,30.0
2183271187,775941687,27.0
2183271188,6125904515,8.0
2183271188,2183271187,15.0
356127514,356127550,54.0
1224872742,41675609,9.0
356127550,4583419070,29.0
4460254041,2207676346,3.0
4460254046,781092991,10.0
4460254047,2207974407,4.0
4460254048,780995790,10.0
1217532771,1217532913,6.0
1217532788,560984864,37.0
332796790,332797060,28.0
332796790,332797041,26.0
332796854,30287595,41.0
332796855,3807748049,17.0
1217532870,1217532771,32.0
153752520,3793626750,45.0
1217532913,1217532917,12.0
1217532917,92139159,7.0
711332946,711327756,8.0
332797041,35301704,44.0
332797041,332796790,26.0
579998842,579999037,202.0
332797060,35301705,45.0
332797060,332796790,28.0
127538409,746341037,60.0
127538423,127544550,138.0
127538423,310944921,15.0
266736903,576875919,5.0
266736903,582798938,383.0
266736930,1450727063,35.0
266736930,576864253,127.0
266736950,714724461,91.0
579999037,579999049,107.0
266736957,266736950,259.0
579999049,579999050,55.0
579999050,579999252,50.0
266736979,248737313,3.0
266736979,714724455,64.0
4238873971,6167266593,37.0
4238873973,2188399790,111.0
579999137,580000016,263.0
2133726644,2133726647,37.0
2133726646,2133726644,6.0
2133726647,2142220736,180.0
579999196,579999697,40.0
934024695,2314545794,11.0
266737144,5922126223,30.0
266737144,3494348621,87.0
579999252,202761482,35.0
202774098,581704986,171.0
316413655,6167489399,74.0
4746122984,2279153639,12.0
4746122984,6167359491,10.0
4746122984,4746122983,12.0
4746122983,6167357881,51.0
4746122983,4746122984,12.0
3066173175,176703266,67.0
581703450,581703550,143.0
6222911317,2312383359,9.0
581703514,581703526,45.0
581703526,581701844,153.0
6222911350,6222911352,59.0
6222911352,1650033638,20.0
6222911352,207078731,19.0
581703550,581703032,553.0
777787267,777787272,13.0
777787272,780992562,4.0
777787272,780979401,120.0
579475339,579478322,26.0
579475339,579478640,30.0
3098154918,529158996,5.0
579999697,579999705,28.0
579999705,580000457,289.0
2353534938,2353534942,19.0
2353534943,257506570,25.0
2353534942,257506582,33.0
2353534946,2353534943,17.0
2353534946,257506661,15.0
471341105,30287316,82.0
441587780,634777745,46.0
441587781,441587780,74.0
266737766,6202470179,14.0
266737766,5424203834,39.0
266737768,266738793,169.0
266737768,266737786,33.0
266737768,6202470179,28.0
266737786,5424203856,89.0
92149884,591224041,3.0
92149884,571731867,19.0
266737792,582797994,10.0
316414092,316413655,7.0
572004507,287630668,48.0
572004507,3094966842,32.0
92149924,373635381,15.0
92149924,163627903,101.0
92149927,591354710,10.0
92149931,92149927,10.0
266737835,2698607292,87.0
92149934,591354267,3.0
92149939,301539191,42.0
92149946,591199154,6.0
3208517859,233315115,23.0
1095506175,227770471,50.0
1095506175,227770331,114.0
580000016,581710140,260.0
441588022,441588021,29.0
441588023,5299391821,16.0
441588025,441588023,31.0
711334250,277517042,13.0
711334295,711357937,5.0
233314776,233314999,54.0
233314797,364869016,7.0
233314809,5957906915,7.0
233314809,233314833,64.0
711334398,711357122,7.0
233314824,4294474621,62.0
233314833,233314809,64.0
233314833,233314914,18.0
233314845,6145331908,54.0
233314855,233314845,92.0
5457975847,1668523241,3.0
5457975847,2400295351,2.0
636754479,377544273,67.0
636754479,2613024047,6.0
358731556,358731575,49.0
233314893,233314797,89.0
233314914,233314893,45.0
233314919,233315009,50.0
3208518267,233315095,10.0
233314946,233262696,84.0
3208518286,1725216611,20.0
3208518295,1725216810,20.0
3208518297,3208518295,46.0
3208518304,6167344505,57.0
3208518299,1725216770,37.0
233314981,628823578,5.0
233314999,233314946,115.0
3132496573,597547574,7.0
3132496575,597546784,9.0
233315009,361227524,34.0
233315030,361227884,41.0
233315035,5957906941,17.0
572005110,3094966843,44.0
589306639,589306736,22.0
92150545,591354261,10.0
233315095,448076959,28.0
233315095,30946386,11.0
589699881,2202858918,18.0
233315115,30946384,14.0
233315133,448076960,30.0
589306701,255058767,12.0
589306718,255059109,21.0
589306736,588876889,37.0
233315220,298099466,26.0
777788322,1833115018,12.0
777788326,387153096,69.0
777788326,777788328,14.0
777788328,777774421,82.0
3268156337,2347007256,120.0
3268156342,3268156337,17.0
3268156354,3268156342,22.0
370285600,370285607,65.0
560602147,541122861,37.0
370285607,633912912,25.0
2183273512,2183290186,7.0
2183273516,6167266631,7.0
6206790703,269335444,16.0
266738765,266738793,14.0
266738765,266739133,160.0
266738765,576824412,79.0
266738793,266738765,14.0
266738793,266737768,169.0
581704817,581701516,344.0
581704817,202774098,29.0
4423038317,4520380447,2.0
145235154,26034544,41.0
4423038318,4423038317,4.0
128982235,113536277,56.0
128982276,607756858,27.0
145235215,145235381,28.0
581704986,581705123,553.0
145235264,145236879,36.0
3945799005,2177124599,5.0
630463849,4305342596,29.0
266739054,252588540,275.0
3945799030,2174950793,7.0
3945799031,3945799033,4.0
3945799028,2174963249,2.0
3945799033,3945799034,6.0
3945799034,6167191688,10.0
3945799034,3945799030,4.0
3945799035,2174963237,5.0
3945799035,2269263377,7.0
3945799036,2174950792,6.0
3945799032,3945799035,5.0
581705123,373645741,649.0
3730054579,2481930366,10.0
145235381,145235154,10.0
1093410235,2621587200,8.0
1093410235,277368222,238.0
266739133,266739152,12.0
266739133,582798839,7.0
266739152,266739133,12.0
266739152,582798857,11.0
1093410277,277367211,147.0
1093410277,1093410280,203.0
1093410280,1093410277,203.0
1093410280,3036576338,12.0
2960006639,2960003295,104.0
2960006639,2960003290,13.0
2960006640,5856680721,1.0
2960006640,2960003290,5.0
777788921,317369542,51.0
596909581,6167441062,25.0
2588548681,577518118,19.0
777789012,777788921,12.0
572006019,5797734218,34.0
572006019,137157901,31.0
233578120,4283908129,22.0
233578120,2346846625,81.0
233578139,307349677,15.0
233578163,269335261,222.0
579477191,4264281406,73.0
580001776,581704817,165.0
568336382,1686695067,30.0
579477592,4264281401,210.0
1492131944,296027574,43.0
5034416925,2006021064,8.0
266739818,577455294,14.0
266739826,248746937,27.0
266739826,248266307,123.0
2190483577,6167441047,5.0
2190483579,6167441005,6.0
2190483579,2190483581,15.0
2190483580,6167441058,4.0
2190483580,6167440989,7.0
1492131965,1492131944,8.0
2190483581,6167441016,107.0
2190483590,4326586192,6.0
2190483590,6167440999,8.0
2190483582,2190483584,14.0
2190483583,4326586193,5.0
2190483584,6167441002,7.0
2190483584,6167441026,9.0
2190483586,4326586203,6.0
2190483588,6167285770,6.0
2190483589,4326586183,5.0
2190483591,6167236651,7.0
2190483592,6167236693,9.0
2190483592,4326586201,6.0
2190483594,2190483592,12.0
2190483598,6167441011,13.0
2190483600,2190483591,12.0
2190483600,6167440992,7.0
266739860,4380043477,5.0
266739860,266740432,86.0
266739935,2569100353,81.0
283255046,2312383366,8.0
283255047,5668009832,15.0
416817424,416817425,76.0
416817425,3146808102,36.0
266740008,2569100356,13.0
6167191690,6167191713,27.0
6167191725,2188421311,105.0
103293548,612015102,82.0
103293548,103295646,17.0
6167191730,6167441077,51.0
579478220,579478322,31.0
579478220,579478244,27.0
266740432,576860093,39.0
266740436,576860677,4.0
579478244,579477191,20.0
628761345,2358071077,67.0
579478322,579475339,26.0
579478322,579478220,31.0
2346984246,560989090,21.0
2346984246,844407073,16.0
560997175,310727779,72.0
579478363,579478220,27.0
576856945,576860007,9.0
579478395,579478244,32.0
145236879,145235215,8.0
938091424,2392803738,11.0
938091424,6206790703,114.0
30942256,130038870,263.0
30942258,387152996,14.0
30942258,3202917978,49.0
30942260,387153032,14.0
30942261,3215192041,44.0
30942262,332546227,51.0
30942265,387152990,56.0
579478640,579512268,762.0
579478640,579475339,30.0
2641765496,2641765498,44.0
2641765498,267317732,166.0
30286983,76459296,17.0
30286983,2613010008,19.0
30286983,373644207,29.0
3367904396,589402311,8.0
3367904396,6167236669,17.0
3367904407,2948774549,24.0
3367904412,6167289295,4.0
560997596,30286987,117.0
560997597,560997596,9.0
560997636,560997615,51.0
611984646,103299651,49.0
560997640,560997636,63.0
245507480,245507370,105.0
2180785571,2180785574,11.0
2180785574,6167191180,7.0
589702568,589704714,4.0
2180785594,2180785601,87.0
2180785601,6167191740,8.0
2180785601,2180785611,16.0
2180785611,6167344363,5.0
2180785618,2180785601,11.0
30287315,1985549819,12.0
30287315,472236193,36.0
30287316,6209516580,13.0
30287324,319157063,119.0
30287324,30287325,18.0
30287325,319157897,51.0
30287405,955611523,10.0
30942766,471259500,25.0
30287406,34160613,13.0
2005895266,477075431,7.0
2005895266,6209516581,10.0
30287410,3189789232,107.0
30287410,30287411,17.0
30287411,5642310405,3.0
30287414,30287406,16.0
2005895268,30947457,6.0
2005895268,6209516580,58.0
30942794,387152992,16.0
30942794,127650543,47.0
30942795,801840602,15.0
30942795,3204395235,79.0
30287464,4297530210,2.0
30287464,4297530208,2.0
30287469,2204643319,2.0
30287470,227770320,61.0
3793626736,6282174147,4.0
3793626736,664380189,709.0
3793626740,1525908932,14.0
3793626740,2177831012,377.0
3793626740,6282174147,132.0
3793626740,6282174159,12.0
3793626748,3793626747,6.0
3793626748,6282174159,11.0
3793626747,3793626748,6.0
3793626747,60095430,13.0
3793626747,2088335572,6.0
3793626750,6282174159,6.0
30287518,332127537,61.0
30287518,1982329495,8.0
30287528,2081997803,24.0
30287591,30287552,166.0
30287591,25635443,88.0
30287592,30287593,18.0
30287592,248969198,10.0
30287593,30287592,18.0
30287593,647852796,44.0
30287594,781120729,40.0
30287594,3830161454,62.0
30287594,3121574833,133.0
30287595,1982297474,6.0
30942992,30942795,116.0
30942993,387153091,120.0
30942993,259616740,15.0
30942994,289602599,43.0
30942994,3215106486,42.0
30287654,1458418091,6.0
777791299,777788322,53.0
361768817,361283566,30.0
248129431,529158814,130.0
2642814897,301537541,45.0
2642814904,3810637369,107.0
3132499903,103293548,14.0
30287877,1462398704,2.0
2133731379,2133731392,76.0
2133731392,711749003,120.0
2269259844,400812631,5.0
2269259849,591306178,4.0
30943323,5785557617,43.0
30943326,767737811,11.0
123086980,123087066,28.0
123087006,595594369,26.0
4380043470,6280295068,7.0
4380043470,577456465,27.0
4380043470,575529171,117.0
4380043472,576845696,7.0
4380043472,6280295068,17.0
4380043473,4380043472,9.0
4380043475,248746942,37.0
123087066,259616697,29.0
123087066,633913026,57.0
6126053594,2400295351,59.0
6126053594,4940410885,74.0
123087089,123087066,54.0
589703443,1479930096,13.0
5172636078,30947984,34.0
708717112,777753012,9.0
708717121,2991935465,74.0
708717121,2383215099,14.0
1459890788,1462398847,25.0
1459890791,1459890788,20.0
1459890794,260906816,71.0
103295646,611984646,5.0
591407783,591407828,16.0
1271016120,6021320897,161.0
2193369804,2699707720,40.0
2193369804,2193369809,11.0
2193369809,2193369804,11.0
2193369809,6167266607,9.0
591407828,4520380446,4.0
3268160215,576841938,16.0
4315294435,4315294436,6.0
4315294436,2174950855,5.0
4315294437,4315294438,1.0
4315294438,4315294439,4.0
4315294439,2174950856,6.0
1271016162,306968245,47.0
1271016162,6197209814,2.0
591407871,6206873033,68.0
3810929408,266739856,56.0
3810929409,3810929408,36.0
3810929407,248746945,32.0
3810929407,3810929409,70.0
317729584,603633283,104.0
317729584,55725841,194.0
317729593,703554589,21.0
317729599,317729593,73.0
1404234339,1404234343,28.0
591407999,1668523281,3.0
591407999,591408000,6.0
591408000,591398359,43.0
30944133,356083796,46.0
591408008,591408187,112.0
30944137,269335114,15.0
30944137,376145144,59.0
591408010,591408086,4.0
591408010,591408009,23.0
591408009,591408008,20.0
591408086,4520380456,2.0
591408086,2189269638,35.0
576859101,60095425,6.0
153758691,579402454,156.0
777792533,777799144,8.0
663497749,6167254932,62.0
591408187,111295073,71.0
591408190,591407783,69.0
576859255,576860007,7.0
591408273,591392065,23.0
127544550,4698484073,13.0
2975214867,5646660249,4.0
2975214867,2975214868,24.0
2975214868,363400139,7.0
4315295090,4315295101,9.0
4315295113,4157116177,59.0
4975504800,1459890794,5.0
4975504801,1462398911,19.0
4975504801,4975504800,4.0
4975504803,1462398739,47.0
443297188,1463620721,4.0
443297188,1463620801,56.0
4975504805,4975504803,26.0
4975504805,4975504804,4.0
4975504804,1458418018,5.0
4975504807,4975504805,19.0
252587482,54552820,9.0
589704714,589704716,4.0
589704716,1479930111,7.0
589704716,291965986,6.0
361770535,361770719,43.0
361770537,361770819,30.0
4998966831,2948774564,10.0
591408731,1833110274,30.0
131214954,6167489449,43.0
252587628,576859255,4.0
252587628,60095204,20.0
252587670,576841731,80.0
591408809,4520380479,5.0
591408819,4520380433,4.0
4391710424,597546804,18.0
4391710424,4391710425,98.0
4391710425,5902824189,7.0
4391710425,597546804,100.0
361770719,233255272,41.0
6202470179,266737766,14.0
6202470179,266737768,28.0
6202470181,5424203785,29.0
6202470181,5424203858,96.0
6202470181,5424203828,49.0
361770819,361770535,33.0
576860018,576860674,9.0
576860042,576860104,13.0
576860063,576860042,10.0
777793457,3215191973,25.0
576860085,576861863,7.0
777793465,777793457,27.0
576860093,60095437,10.0
777793471,3215191979,20.0
576860104,2977758614,3.0
2204643278,4297530201,84.0
2204643282,30287469,2.0
2204643289,372022839,48.0
2204643289,2204643278,115.0
2204643308,361268957,41.0
2960404462,591432433,3.0
2960404462,2960003295,30.0
2204643315,233314776,2.0
2204643315,2204643289,54.0
2204643319,2204643308,87.0
2277912675,2277912676,55.0
2277912675,2277912677,65.0
2277912676,2277912678,62.0
2277912677,2277912679,63.0
2277912678,3098154906,29.0
2277912679,2277912682,61.0
2277912680,3098154909,33.0
2277912688,2277912686,62.0
2277912688,3095063270,60.0
2277912682,2277912685,62.0
2277912683,3098154909,30.0
2277912686,2277912683,61.0
2277912685,578070441,61.0
2277912699,578070441,166.0
2277912706,2277912699,107.0
381825173,30944137,150.0
577458193,577458194,47.0
252588302,576876304,5.0
252588303,1449431612,7.0
252588317,3085953493,263.0
30945575,269335260,13.0
581710135,581709083,71.0
581710139,581710135,89.0
581710140,581711294,21.0
5457981821,5457984810,71.0
30945662,269335441,26.0
5457981822,5457981821,4.0
774517121,774517861,5.0
30945778,1449316667,51.0
252588540,428647141,7.0
576860674,266740436,7.0
576860677,4380043595,52.0
92156538,3938479955,5.0
114569851,6060217812,15.0
361771651,384005175,6.0
114569880,114569851,56.0
774517574,774508242,5.0
446051190,5427911108,14.0
443298695,370751497,9.0
446051211,312718309,34.0
6202471307,6202470179,147.0
3202364312,370285600,25.0
252588993,91970805,20.0
252588998,1217532788,6.0
6202471447,2177831028,66.0
5427967025,2975231286,6.0
5427967025,5427967026,91.0
5427967026,651992598,8.0
5427967031,5427967025,126.0
5427967032,2975231291,5.0
5427967043,5422257281,90.0
5427967046,4069715678,44.0
30946384,331167815,47.0
30946386,331167815,49.0
774517861,775941588,16.0
774517861,774517574,7.0
579482827,579485835,30.0
6167344360,6167254928,5.0
6167344360,6167254927,41.0
6167344361,120947918,41.0
6167344362,6167344363,8.0
6167344362,6167191739,5.0
6167344364,6167265869,207.0
6167344364,6167344365,4.0
6167344365,6167344366,4.0
6167344367,6167191156,5.0
6167344367,6167344366,6.0
6167344368,176736536,21.0
6167344368,6167344367,106.0
6167344369,6167344368,42.0
6167344370,6167344369,31.0
6167344372,6167265878,208.0
6167344376,245532558,23.0
6167344377,6167236684,22.0
6167344378,595594353,22.0
6167344380,6167236662,86.0
6167344384,6167266648,157.0
6167344384,6167289316,8.0
6167344384,6167344485,10.0
577516814,577516867,20.0
30946627,767724090,10.0
6167344485,6167344486,5.0
6167344486,4238873971,168.0
6167344486,6167344487,4.0
6167344487,6167344488,6.0
6167344488,6167344489,6.0
6167344489,6167289298,121.0
6167344489,6167344491,146.0
6167344491,6167344492,54.0
6167344492,6167344507,9.0
6167344493,6167289301,7.0
6167344493,6167344500,114.0
6167344494,6167344493,6.0
6167344496,6167344486,28.0
6167344496,6167344497,5.0
6167344497,2181268830,7.0
6167344498,6167289317,7.0
6167344498,6167289315,26.0
6167344498,6167344497,10.0
6167344500,319157143,62.0
6167344505,1833110319,8.0
6167344507,5371634609,40.0
6167344507,6167344508,11.0
6167344508,6167344511,11.0
6167344511,291210712,84.0
6167344515,6167236664,6.0
6167344517,1985557927,6.0
6167344518,6167236682,6.0
6167344520,1985557912,5.0
6167344520,6167417965,105.0
6167344521,6167344522,13.0
6167344522,6167413253,7.0
6167344525,1985557931,6.0
6167344527,6167191154,42.0
6167344532,6167344364,27.0
6167344535,1985557921,6.0
6167344538,6167236668,63.0
6167344540,595594349,29.0
6167344541,6167236679,30.0
6167344542,247018054,21.0
6167344546,4238873973,101.0
6167344548,595842978,57.0
6167344549,6167191152,6.0
6167344552,6167344553,4.0
6167344552,2247277141,174.0
6167344553,6167344554,9.0
6167344553,2180785594,125.0
6167344554,6167344555,27.0
6167344555,6167344556,76.0
6167344556,247025142,32.0
6167344556,6167344557,76.0
6167344557,6167344558,28.0
6167344558,6167254931,6.0
6167344558,6167254938,122.0
6167344558,6167344559,6.0
6167344559,6167344560,8.0
6167344559,6167344558,6.0
6167344560,1449431218,8.0
6167344560,6167344561,1.0
6167344561,6167344562,3.0
6167344561,6167344560,1.0
6167344562,576878119,7.0
6167344562,6167344563,2.0
6167344562,6167344561,3.0
6167344563,6167344564,6.0
6167344564,582800719,7.0
6167344564,6167254946,115.0
581711294,581710139,26.0
6167344576,6167344579,54.0
6167344579,741702223,8.0
6167344579,582800720,7.0
6167344580,1449431604,4.0
6167344580,1449431614,195.0
6167344581,6167344580,7.0
6167344582,6167254933,92.0
6167344582,6167254932,7.0
6167344582,6167344581,6.0
6167344583,6167344582,62.0
6167344584,2384091391,7.0
6167344584,6167344583,42.0
6167344585,6167344584,49.0
6167344586,6167344585,54.0
6167344588,6167344552,26.0
6167344591,6167191149,4.0
6167344592,589402289,6.0
6167344592,6167344591,106.0
6167344596,2188399789,6.0
6167344600,589402268,6.0
6167344601,6167236677,6.0
6167344602,595594347,6.0
6167344604,3367904396,6.0
2455254505,4973179170,3998.0
2269263377,2174963241,5.0
2269263377,6167191717,2.0
443299470,2692003115,7.0
576861863,252587628,4.0
774518617,774519013,9.0
774518617,774517861,15.0
774518620,774518617,14.0
302135272,4297530226,2.0
302135272,224750459,53.0
302135272,4297530227,41.0
302135273,233555377,54.0
302135273,4297530226,165.0
302135273,527842694,73.0
1458422269,1458422312,9.0
5635979269,5257193650,1.0
277362770,30948162,8.0
277362806,1546958636,332.0
277362806,723975301,49.0
277362814,4283908188,16.0
30947457,477081585,64.0
30947458,1725216573,10.0
2935371904,2935371913,48.0
2935371911,2935371922,7.0
2935371913,2935358343,285.0
2935371922,2935371908,40.0
1458422298,1458422312,7.0
1458422301,1463620925,12.0
30947521,4952477290,60.0
1458422312,1459448709,11.0
1458422312,30287654,4.0
1458422313,1458422264,121.0
774519013,711369697,17.0
774519013,774508242,18.0
6131956011,5727168130,10.0
6131956019,6131956011,108.0
6131956021,746922230,11.0
6131956024,746924542,56.0
6131956072,6131956024,97.0
30947751,356099095,38.0
30947751,440051942,8.0
277363204,781116475,96.0
277363224,299023766,156.0
577518118,577518117,43.0
577518122,267350505,31.0
577518122,577523837,42.0
577518129,577518122,84.0
30947901,2237521759,9.0
30947901,4283908165,2.0
30947902,4315827362,3.0
30947903,4315827371,2.0
30947904,1463656488,2.0
30947904,248746740,53.0
103299651,145261423,29.0
111295073,4423038318,16.0
30947983,250480649,50.0
30947983,705744124,5.0
30947984,5167159984,40.0
30947985,4283908173,2.0
30947985,250480649,39.0
30948030,248746739,66.0
30948028,410105024,86.0
6245726959,1681675832,45.0
30948116,2013560660,24.0
30948117,1463620781,73.0
332544824,332544825,10.0
332544825,702354055,33.0
332544825,30942256,12.0
30948162,30948116,101.0
30948162,610682568,52.0
30948166,1463620411,6.0
30948166,2481930758,56.0
5797722962,5797722961,26.0
30948182,1463620505,5.0
332544859,3215106462,38.0
332544859,332544912,12.0
332544860,30942265,13.0
332544866,332546017,96.0
332544910,332544859,40.0
332544912,3394730436,32.0
332544912,332544866,12.0
2207661088,2207661122,4.0
589708326,589742841,6.0
589708331,589708326,8.0
589708331,2459914486,20.0
2207661109,4460254041,81.0
589708344,2174963251,9.0
2207661117,2207663839,5.0
2207661122,2207661117,4.0
130038870,5556315220,82.0
4735909080,4735909079,18.0
4735909090,4735909080,17.0
5457984809,5231691614,67.0
5457984810,5457984809,3.0
5680151853,266739118,134.0
5680151853,2347234664,435.0
5680151853,582798861,41.0
332152166,4936954236,44.0
332152172,3775020762,62.0
527842694,30220702,50.0
527842694,302135273,73.0
248266235,1668524207,221.0
248266307,1358380090,48.0
313278043,313278044,26.0
313278043,313278047,118.0
313278047,6167441033,43.0
845692519,846546205,2.0
845692519,993190002,17.0
845692519,1905004354,15.0
92159611,591432618,3.0
92159611,4398346301,31.0
92159611,1715989182,195.0
130039434,3555805908,20.0
845692578,846546788,4.0
845692578,846546192,5.0
845692578,846546859,13.0
92159669,591407999,26.0
4315299520,440051909,114.0
4315299528,248746967,50.0
2621587160,492939898,102.0
3775020762,332152166,56.0
2621587187,299024279,50.0
313278197,3213448172,70.0
2621587189,2621587187,49.0
2621587191,2621587189,161.0
2621587191,299024283,75.0
2621587200,1093410235,8.0
2621587200,2272186202,74.0
313278217,2451926620,56.0
313278217,3213448162,44.0
3218226975,387152936,126.0
3218226979,3218226991,10.0
3218226980,3218226982,11.0
3218226982,702352972,26.0
3218226989,3218226980,22.0
313278255,313278197,35.0
3218226991,3218226989,31.0
3218226996,3218226979,51.0
3218226997,387152925,48.0
3218226997,5797758281,90.0
3218226999,3218226997,33.0
3218227005,3218226999,65.0
332546017,3215192363,16.0
332546017,30942262,14.0
847527932,298045618,11.0
576864255,575529171,80.0
576864252,60089302,4.0
576864252,60089303,40.0
576864253,60089302,10.0
576864253,266736930,127.0
579485835,579486160,51.0
847528076,847529568,6.0
332546227,332546228,44.0
332546228,30942261,14.0
332546359,387153009,15.0
611991912,611991915,65.0
611991913,611991912,37.0
611991915,611991924,73.0
611991916,2624210238,20.0
611991924,611991916,29.0
5680152951,3313134375,11.0
5680152951,2383211237,2.0
5680152951,591431023,1.0
144720250,36819910,67.0
938361251,248746677,33.0
2615820737,777768981,11.0
2615820738,1691676467,10.0
847528391,3961293509,14.0
309346765,443530294,204.0
3543024079,6167278774,133.0
3543024079,2189145385,12.0
579486160,579486162,30.0
579486162,21578114,59.0
3933094363,6167441017,107.0
103301615,145261535,19.0
746340941,746340945,35.0
746340941,3121574834,101.0
746340945,746340949,29.0
746341027,128876901,35.0
746341029,746341027,27.0
746341037,128876909,36.0
309346989,30947903,48.0
4095230643,4061053463,66.0
443302587,2481930754,76.0
579486396,579482827,159.0
443302591,248746632,58.0
5922126223,266737144,30.0
5922126223,60096860,72.0
1463620502,1463547090,6.0
1463620503,1463620537,42.0
3933095111,6167289307,9.0
710034749,634777774,10.0
2624210238,1686719032,122.0
2699707720,6167266608,72.0
2699707720,2193369804,40.0
577520998,577516814,73.0
277366120,492939899,42.0
277366121,277366120,29.0
4287120807,549746693,39.0
4287120807,370749868,86.0
777799144,777789012,30.0
847529552,847529579,4.0
847529568,847529579,4.0
847529577,847529579,10.0
847529579,3961293511,921.0
581715612,4927643637,14.0
277366439,544367430,7.0
277366439,277366890,80.0
145245869,145245999,23.0
145245869,145235264,20.0
2397324975,560986785,4.0
581715637,581715612,76.0
2397324992,531390710,79.0
610682568,4510119499,243.0
277366483,128891662,122.0
610682590,250479829,240.0
2207663839,1982492360,54.0
591415025,6167247290,5.0
145245956,6167191172,48.0
176703266,176703234,26.0
145245999,145245956,37.0
589449038,2189497215,52.0
145246048,145249638,34.0
710035320,634777739,8.0
710035347,634777737,3.0
197019550,3401024069,12.0
847529899,846566062,57.0
847530001,847529899,19.0
589449264,2324975784,9.0
3281799246,4871651915,104.0
3281799254,571731495,11.0
989874281,775942517,23.0
277366890,277366891,12.0
277366890,277366439,80.0
277366891,277366890,12.0
338577629,233262588,38.0
1253853406,2189382609,25.0
131221744,6167236649,7.0
2177124599,6167417940,4.0
2177124607,6167417920,6.0
2177124611,2020813843,5.0
2177124614,2177124622,37.0
2177124617,2177124614,35.0
2177124622,2177124624,47.0
2177124623,2177124607,13.0
2177124623,6167417888,129.0
2177124624,2177124623,14.0
131221774,131221827,79.0
131221774,131247295,21.0
589449502,589449505,3.0
589449505,589419721,4.0
131221827,6167236696,22.0
5299390820,441588025,12.0
847530367,847529552,19.0
277367211,723969549,15.0
277367211,310949036,69.0
277367211,1093410277,147.0
277367212,723969549,7.0
277367212,1986325609,132.0
277367212,310949030,164.0
3427813818,355818845,33.0
4072557018,302820279,35.0
4072557022,4072557024,46.0
4072557024,248746691,12.0
4072557024,248746735,294.0
2190625300,2383211195,6.0
2190625303,6167441038,202.0
2190625304,6167266641,217.0
847530550,847528076,14.0
847530551,847530550,28.0
847530555,847528391,8.0
847530555,243097144,10.0
589449808,589449820,38.0
589449808,589449502,8.0
589449820,6167357852,3.0
589449820,589449808,38.0
589449823,3419354758,6.0
581716579,581715637,41.0
577522375,2992212845,20.0
577522376,267319278,7.0
6245731019,6245731020,10.0
6245731020,6245731023,12.0
6245731023,6245731024,60.0
6245731024,6245726959,31.0
6245731035,6245731024,41.0
6245731037,6245731035,7.0
6245731039,6245731037,10.0
575556336,746912793,39.0
579488505,579507010,17.0
6245731080,266733258,82.0
6245731104,6245731101,8.0
589450032,589450215,5.0
847530804,298045614,41.0
176704317,176703266,24.0
777800550,611991913,11.0
777800550,3218293559,42.0
992496487,197019550,11.0
847530926,298045616,10.0
847530926,847530555,109.0
650267588,650282682,8.0
650267588,650288479,114.0
650267588,1449297305,12.0
589450215,4998966831,99.0
589450215,589449823,5.0
781082267,30287875,6.0
4698484056,128893036,106.0
581717087,581716579,26.0
581717100,581717087,51.0
581717100,581733261,518.0
4315827361,4283908169,15.0
4315827363,4283908178,50.0
4315827363,30947902,2.0
4315827362,443299470,44.0
4315827364,3168663488,3.0
4315827369,356087677,207.0
777800877,777800550,15.0
4315827371,356085105,145.0
4315827373,4315827375,36.0
4315827375,2249570202,161.0
4315827378,248746980,2.0
4315827379,2975262281,56.0
2632207571,576834912,129.0
332549397,30942258,15.0
5299391821,5299391822,19.0
5299391822,441588022,17.0
277368222,277368251,7.0
31477171,1521014718,9.0
31477172,128882514,77.0
847531461,847531670,56.0
3721154038,4299936435,43.0
847531553,847531521,10.0
847531670,847531553,69.0
2632208068,2632208069,36.0
2632208069,1449316638,122.0
55725841,711327755,15.0
5109337886,3729981790,87.0
576868170,576864255,4.0
2187874240,2383211226,4.0
2187874242,1838361813,5.0
2187874241,2187874240,11.0
581717964,41666069,75.0
581717966,581717964,46.0
581717966,580321413,40.0
114577426,594192913,23.0
4313862232,248746959,56.0
4313862232,419481484,49.0
1042174041,2384091370,39.0
4313862235,248746961,2.0
4313862244,4313862235,26.0
4313862246,4313862244,36.0
4313862256,419481486,25.0
4313862260,419632514,45.0
4313862261,4313862260,58.0
577523837,2588548681,28.0
4305342595,2069604240,9.0
4305342596,2069604240,15.0
4305342598,233255310,75.0
2324975784,589449502,26.0
847532233,664380096,25.0
847532240,664377909,9.0
847532322,847532240,5.0
589451560,589449038,8.0
589451560,6167359505,49.0
589713786,60072263,4.0
847532415,847531521,51.0
576868758,577455289,9.0
576868765,576868758,35.0
2385138106,5424203733,112.0
589713852,6167229079,70.0
575561666,3293340280,79.0
3189789232,471441550,23.0
650269226,650270799,53.0
650269226,5276517410,130.0
529158814,529159000,12.0
4969353892,709970691,3.0
6145331908,3109398488,11.0
575561731,575560977,220.0
650269460,1879021164,126.0
529159000,529159001,13.0
529159001,3098154918,8.0
2473002373,310944919,22.0
767710271,501027465,7.0
767710271,767710278,45.0
767710271,501018995,17.0
767710278,2200514710,7.0
767710278,767710271,45.0
767710278,5957906928,20.0
3790886018,306383987,3.0
122705038,301544528,49.0
2188399786,6167344372,7.0
2188399789,2187983890,5.0
2188399789,2188399793,17.0
2188399790,2188399786,15.0
2188399791,2188399789,3.0
2188399793,6167344546,4.0
52450483,52450490,81.0
222975227,222976606,79.0
222975227,301549266,47.0
6207067487,137181091,11.0
145249638,145245869,7.0
847533460,664378473,3.0
847533460,387700302,4.0
283530679,579398336,23.0
6206936509,332544825,117.0
202659263,580320051,51.0
650270229,650269460,177.0
650270229,650270799,125.0
650270229,650272246,136.0
650270229,650275631,21.0
1681675817,1681675853,2.0
1681675827,1681675844,4.0
1681675832,1681675817,4.0
1681675840,1681675856,7.0
1681675844,1681675815,4.0
1681675853,1681675827,4.0
1681675856,6245731104,5.0
1681675863,1681675840,10.0
1492145770,2133731379,265.0
1492145781,1492145850,3.0
1492145782,2291074009,18.0
1492145785,1492145815,10.0
1449285243,1449295043,307.0
1492145788,1492145845,3.0
1492145788,1492145844,2.0
1449285248,1449285284,11.0
1449285254,1449266841,7.0
1449285254,1449285243,6.0
1449285256,1449285254,4.0
1449285256,4148846600,219.0
1492145815,1492145770,94.0
1492145816,1492145788,6.0
1492145817,1492145782,38.0
1449285284,1449285256,6.0
1449285284,1449285282,27.0
1492145844,6167231010,5.0
1492145845,1492145785,6.0
1492145846,1492149379,33.0
1492145850,1492145816,1.0
1450727124,1450727063,95.0
122705649,589759919,9.0
111302426,591308515,8.0
650270799,650269226,53.0
650270799,650270229,125.0
2384091370,2505811399,80.0
2384091371,767737811,42.0
2384091372,30287324,11.0
2384091372,3208518304,57.0
2384091373,2384091372,17.0
2384091374,767584648,4.0
2384091377,2384091378,5.0
2384091377,767661756,16.0
2384091378,2384091377,5.0
2384091378,767593284,3.0
2384091379,767665017,19.0
2384091380,1889102287,149.0
2384091380,767653222,14.0
2384091380,767593284,2.0
2384091381,2384091379,2.0
2384091382,2384091381,3.0
2384091382,767665001,3.0
2384091382,1889089757,17.0
2384091382,767592455,7.0
2384091383,2384091380,4.0
2384091386,767661779,6.0
2384091386,767584876,10.0
2384091387,2384091386,8.0
2384091387,767652542,6.0
2384091388,2384091389,7.0
2384091388,2384091387,4.0
2384091388,6167359503,135.0
2384091389,767661788,6.0
2384091391,26051948,16.0
2384091391,663497749,42.0
2384091392,6167254904,7.0
2384091393,6167247330,76.0
163634513,4442505890,26.0
55859649,224750324,95.0
55859661,356452387,8.0
650271243,650285635,103.0
222976606,301549282,76.0
222976606,222975227,79.0
416832108,2696446375,82.0
416832108,2696446373,14.0
416832108,2325395496,143.0
1132023820,1132014819,63.0
5959605036,356088693,23.0
6126066495,250774448,3.0
774527826,774529205,7.0
774527826,774527847,69.0
774527847,2615820737,14.0
1463620743,5656845889,1.0
6282173382,6282174141,10.0
6282173382,2700682439,17.0
6282173383,6282174109,23.0
594172912,126919692,54.0
2615827667,2384091373,31.0
6212705501,2384091386,60.0
575560977,6131956019,20.0
2183290170,6125904523,55.0
2183290179,2183290170,17.0
575379890,575379893,9.0
2183290186,2183290188,4.0
5424203727,5424203737,4.0
2183290188,2183290179,13.0
2183290188,2183273516,6.0
5424203729,5424203727,6.0
246439386,588876900,25.0
650272219,278912971,80.0
246439398,589306639,20.0
650272246,650270229,136.0
650272246,650275823,39.0
650272246,650276838,162.0
2313051644,6167191727,50.0
650272311,650272246,139.0
650272351,1879021162,5.0
6282174090,6282174144,7.0
6282174090,6282173382,132.0
6282174091,1525908992,18.0
6282174096,6282174090,15.0
6282174102,6282173383,20.0
6282174102,2700682443,11.0
6024224413,301537534,40.0
6024224416,301537535,21.0
6282174109,3293340293,98.0
6282174139,2700682442,9.0
6282174141,6282174144,130.0
6282174141,6282174139,12.0
6282174144,6282174141,130.0
6282174144,2698607298,15.0
6282174147,277164375,13.0
6282174147,3793626736,4.0
6282174147,6282174153,6.0
6282174147,3793626740,132.0
6282174153,6282174154,9.0
6282174154,6282174102,10.0
6282174159,3793626748,11.0
6282174159,3793626740,12.0
250933628,260907255,11.0
250933629,2074055733,7.0
1492410145,1492410149,7.0
1492410145,1492410156,11.0
1492410147,2183271188,15.0
1492410149,775942859,116.0
1492410156,1492410194,99.0
1492410160,4418535313,23.0
1492410162,1492410186,11.0
114581307,114577426,4.0
1492410173,1492410145,4.0
1492410178,2505811398,50.0
1492410186,1492410173,6.0
1492410187,1492410223,91.0
1492410192,1492175302,4.0
1492410194,1492175308,107.0
1492410198,1492410145,222.0
1492410203,1492410162,50.0
1492410223,3537280107,70.0
650272629,650272351,12.0
577396644,3085953488,842.0
577396673,2347234663,49.0
767582148,6167357832,16.0
767582209,6167357841,7.0
4148846600,4148846602,10.0
4148846602,6212685642,70.0
2239389713,4283908172,6.0
711745634,377544503,45.0
55861404,2399230968,43.0
55861404,2213857170,15.0
55861404,4297530224,11.0
774529205,1895925155,7.0
991977663,991978006,5.0
531390701,452380704,5.0
531390710,758631468,30.0
531390712,531390714,97.0
531390714,301537532,112.0
531390714,531390718,159.0
531390718,2397324992,11.0
531390737,560988348,5.0
531390737,758611933,66.0
443310353,364860960,12.0
991977779,4398351516,21.0
991977779,991977663,92.0
54550902,4583419070,167.0
3721159057,250774450,8.0
710042045,441030950,35.0
650273215,2392803738,195.0
991978006,579408576,11.0
1490182711,265516775,28.0
1490182711,1490182710,19.0
3293340280,3293343010,5.0
3293340286,5727168140,10.0
3293340293,243963300,41.0
3293340294,3293342999,9.0
33317568,781112992,36.0
544367430,277366439,7.0
544367430,1140238747,5.0
650273629,307349581,54.0
2771805040,583242777,108.0
767583225,26034664,75.0
1492149379,6167489359,3.0
1492149379,2291074009,7.0
650274000,278913068,175.0
579495286,579488505,6.0
2766300592,472236199,16.0
2766300593,331164104,67.0
2766300594,30287414,106.0
2766300598,2766300600,35.0
2766300599,2766300594,34.0
2766300600,5096779238,69.0
2766300602,34160613,20.0
2766300604,767670317,166.0
114583003,591321361,13.0
2834982472,2834982476,44.0
2834982476,778942366,201.0
1449289318,241807391,32.0
6206809710,440061343,41.0
1449289339,3144992691,32.0
54552187,575387785,14.0
54552187,575387776,14.0
54552189,54552190,14.0
54552190,54552189,14.0
767583992,6167357824,9.0
767584026,767584430,64.0
561538862,561538887,96.0
561538868,4698484056,13.0
561538874,305909580,127.0
561538874,561538883,41.0
128882408,128882462,18.0
5797734215,572006019,12.0
5797734218,572006019,34.0
5797734218,5797734219,16.0
5797734219,5797734218,16.0
2975229836,2975229837,33.0
2975229838,2975229837,19.0
2975229842,2975229838,27.0
767584149,767584572,6.0
767584149,6167289309,33.0
767584204,1691676471,137.0
767584383,2291073957,13.0
767584430,2841675041,65.0
5257193649,370750748,24.0
5257193650,549746541,70.0
5257193650,370750747,3.0
5257193653,241807196,5.0
5257193654,268533546,81.0
5257193656,5257193654,73.0
113535163,607756402,5.0
576874718,577455101,36.0
54552818,60088415,9.0
54552819,54552818,9.0
54552820,54552819,9.0
54552821,252587482,9.0
54552822,575386089,9.0
54552823,575386097,10.0
54552825,575381329,8.0
54552827,575380813,9.0
54552828,575379890,8.0
2768660746,1490182711,11.0
767584572,277089909,12.0
418539889,4380043473,176.0
418539890,418539889,16.0
655124860,655124861,15.0
655124860,4518640804,20.0
655124861,4518639882,19.0
655124862,655124860,15.0
6167357824,6167357826,64.0
6167357830,6167357831,13.0
6167357831,6167357849,110.0
6167357832,6167357838,6.0
6167357832,6167357830,16.0
6167357828,6167289310,21.0
767584648,6167357828,6.0
767584648,767584026,24.0
6167357839,6167357840,13.0
6167357839,6167357838,9.0
6167357838,6167357832,6.0
6167357838,767583992,3.0
6167357838,6167357839,9.0
767584651,2384091374,7.0
6167357842,6167357843,14.0
6167357842,6167357841,5.0
6167357843,6167357842,14.0
6167357840,6167357841,3.0
6167357840,6167357839,13.0
6167357840,767584651,45.0
6167357841,6167357842,5.0
6167357841,6167357840,3.0
6167357841,767584149,48.0
767584653,767584204,13.0
6167357844,6167357843,10.0
6167357850,3419354761,8.0
6167357850,6167357851,7.0
6167357851,3419354762,13.0
6167357852,589450032,5.0
6167357852,589449820,3.0
6167357849,6167357850,29.0
6167357853,6167236670,79.0
6167357853,3419354750,6.0
6167357854,595594344,50.0
6167357854,6167357855,8.0
6167357855,6167236674,50.0
6167357855,6167357856,103.0
6167357856,246439398,41.0
6167357856,6167357857,78.0
6167357857,6167417983,29.0
6167357858,6167357859,5.0
6167357859,6167357860,4.0
6167357860,6167357861,8.0
6167357860,6167344596,205.0
6167357861,6167413242,6.0
6167357862,589306701,41.0
6167357862,6167359491,12.0
6167357867,6167357866,3.0
6167357867,1449431554,9.0
6167357868,6167357867,2.0
6167357863,6167357864,21.0
6167357871,1449431580,6.0
6167357871,6138135272,65.0
6167357871,6167254934,111.0
6167357873,583242777,6.0
6167357881,1449431467,28.0
6167357883,6167359489,30.0
4005718489,418539890,120.0
767584756,387153091,15.0
2776394277,4391665567,4.0
2776394277,593055535,6.0
2776394279,593055535,9.0
2776394279,2776394281,30.0
2776394279,2776396935,106.0
2776394281,593055517,8.0
767584876,767584894,44.0
767584894,767659043,11.0
1492150939,1492150985,6.0
1492150945,1492150982,43.0
35285670,1833121231,66.0
1982491306,3222703092,15.0
1492150972,1492150987,11.0
1492150982,1492150984,6.0
1492150984,1492150939,4.0
1492150985,6167231007,6.0
1492150987,2133183709,116.0
767584972,767584984,42.0
767584972,767585458,44.0
767584984,767594363,105.0
3313134375,1838361782,92.0
650275631,650272219,108.0
6167489359,1492149379,3.0
6167489359,579986615,651.0
6167489384,6167489386,74.0
6167489386,319159699,8.0
6167489387,3306876671,171.0
6167489398,6167489397,12.0
6167489398,6167489412,7.0
6167489399,227508496,24.0
6167489400,6167489405,73.0
6167489405,6167489398,97.0
6167489405,6167489399,12.0
6167489409,703550857,45.0
6167489409,6167489384,10.0
6167489410,6167489409,11.0
6167489411,6167489410,9.0
6167489412,6167489411,13.0
6167489418,6167489398,77.0
6167489419,6167489418,27.0
6167489420,6167489419,6.0
6167489421,2181268810,7.0
6167489421,6167489420,12.0
6167489423,6167489410,105.0
6167489424,6167489423,5.0
6167489425,6167489424,12.0
6167489426,6167489425,12.0
6167489427,2020813862,5.0
6167489429,6167489426,97.0
6167489430,6167489429,4.0
6167489431,6167489430,9.0
6167489434,2020813855,4.0
6167489436,6167489437,14.0
6167489439,3394725588,5.0
6167489440,6167489431,97.0
6167489440,6167236647,68.0
6167489441,6167489440,7.0
6167489442,595594365,22.0
6167489442,6167489441,12.0
6167489443,6167231031,22.0
6167489443,6167489442,9.0
6167489443,6167489452,98.0
6167489445,2020813849,6.0
6167489446,6167231032,7.0
6167489449,26034533,6.0
6167489451,3394725583,98.0
6167489452,6167489457,5.0
6167489452,6167489443,98.0
6167489453,6167489454,7.0
6167489455,2020813831,7.0
6167489456,6167489457,8.0
6167489457,131124870,10.0
6167489457,6167489452,5.0
6167489458,6167417942,3.0
6167489459,6167489458,5.0
6167489460,2020813858,7.0
6167489460,6167489459,4.0
6167489461,6167489460,5.0
6167489463,6167489464,5.0
6167489464,6167489465,4.0
6167489464,4520380528,209.0
6167489465,3394725369,5.0
6167489462,6167489461,10.0
6167489467,6167413273,99.0
6167489468,3394725370,99.0
6167489466,6167489462,99.0
6167489470,2020813837,6.0
6167489470,6167489466,3.0
6167489471,6167489470,10.0
6167489473,2020813891,10.0
6167489474,6167489475,10.0
6167489475,145246048,28.0
6167489475,6167489467,3.0
6167489476,6167489474,98.0
6167489477,6167489471,98.0
6167489477,6167191169,6.0
6167489478,6167489477,5.0
6167489479,6167489478,11.0
6167489481,6167489476,5.0
6167489482,6167489481,11.0
6167489483,6167191725,111.0
6167489483,6167489482,10.0
6167489484,6167489483,100.0
6167489485,6167489486,51.0
6167489485,6167489488,4.0
6167489486,6167489480,49.0
6167489486,6167489485,51.0
6167489488,607756858,6.0
6167489489,136509229,29.0
6167489489,6167489484,5.0
6167489490,6167489489,7.0
6167489491,6167247292,42.0
6167489491,6167489490,97.0
6167489492,6167247294,6.0
6167489492,6167489493,97.0
6167489493,6167489485,12.0
6167489497,591393322,115.0
576875476,576875515,40.0
650275823,650272219,71.0
663120884,663120957,18.0
663120884,663120967,30.0
663120882,2096325809,25.0
6207106485,393115051,10.0
576875515,577457231,37.0
663120957,663120882,23.0
663120967,1283628978,8.0
767585458,493873191,127.0
541122850,544367430,15.0
3293342992,3293340294,8.0
113536277,128982276,16.0
3293342999,6131956011,159.0
3293343010,5727168141,6.0
3293343016,3293340286,7.0
2975231286,1283634766,3.0
2975231291,1283634746,4.0
711749003,711778918,15.0
576875919,2385138106,29.0
576875920,266739054,32.0
579497457,579499162,37.0
711749196,1131986141,9.0
579497586,579497457,23.0
575434354,575397943,3.0
575434354,575434357,17.0
575434357,575434354,17.0
575434357,575434361,18.0
575434361,575434357,18.0
575434361,575434365,21.0
575434365,575434361,21.0
575434365,575434371,17.0
575434371,575434365,17.0
575434371,575434375,3.0
575434375,575434371,3.0
575434375,575434378,6.0
575434378,575434375,6.0
575434378,576830130,5.0
575434381,575434378,23.0
575434384,575434381,3.0
575434387,575434384,11.0
575434391,575434387,15.0
575434395,575434391,15.0
575434398,575434395,25.0
575434417,575434398,6.0
1982492360,127588858,29.0
206204623,206204624,108.0
206204623,306969488,13.0
206204624,2970963296,219.0
206204624,206204623,108.0
206204625,2970963296,100.0
206204625,5231691614,453.0
575434454,575434451,22.0
575434457,576830453,7.0
575434451,575434448,14.0
575434451,54552187,22.0
575434461,575434457,19.0
575434465,575434461,18.0
575434469,575434465,35.0
575434472,575434469,5.0
1462398704,6222911350,7.0
575434506,575472974,81.0
576876304,54562201,5.0
1462398739,1462398773,48.0
1462398773,4975504801,29.0
3938479955,243097384,4.0
3938479955,387704653,90.0
3938479955,2400284873,11.0
3938479956,41675706,5.0
1462398847,260906780,11.0
1462398856,4301655729,39.0
1462398911,1462398847,35.0
650276838,650277273,5.0
650276838,650272246,162.0
1462398968,746909188,46.0
6167359485,4283908893,47.0
6167359489,589398179,3.0
6167359489,6167359490,32.0
6167359490,589398626,2.0
6167359490,6167359488,9.0
6167359491,4746122984,10.0
6167359491,6167357863,24.0
6167359491,6167357862,12.0
6167359493,6167359495,45.0
6167359493,588236803,34.0
6167359488,4746121968,7.0
6167359488,5694419767,60.0
6167359488,6167359490,9.0
6167359495,589451560,72.0
6167359495,6167359493,45.0
6167359499,367132897,62.0
6167359500,6167359499,8.0
6167359501,589472357,8.0
6167359502,2384091387,135.0
6167359503,6167359504,6.0
6167359504,6167359505,8.0
6167359506,589449808,8.0
6167359506,3419354762,44.0
6167359510,6167359500,46.0
2384097340,3306876674,45.0
2384097341,387266357,6.0
2384097341,2384097340,33.0
576876684,576875476,724.0
591294679,598154601,15.0
579498247,579498248,20.0
579498248,579498250,40.0
579498250,579501932,31.0
579498253,2086696164,36.0
650277209,2501490566,7.0
650277209,278912960,79.0
650277273,650276838,5.0
650277273,2501490564,6.0
5957906903,291966940,6.0
5957906913,5957906914,9.0
5957906913,767726031,36.0
5957906914,5957906913,9.0
5957906914,5957906915,4.0
5957906915,5957906914,4.0
5957906915,233314809,7.0
5957906920,767659045,190.0
5957906923,501027469,44.0
5957906928,3199635547,16.0
5957906940,233315035,132.0
5957906941,1367582250,9.0
5957906941,233315035,17.0
5957906944,5957906940,7.0
5957906945,5957906944,4.0
767586829,6212705501,27.0
767586831,767586829,27.0
5636125216,5636125217,11.0
5636125217,1463620798,2.0
643985980,248746674,15.0
650277506,650277209,11.0
6167229075,1479905301,61.0
6167229079,60072264,7.0
6167229080,122817581,7.0
6167229084,6167191718,108.0
711357122,711357396,33.0
1492153091,1492153096,6.0
1492153093,1492153104,6.0
1492153094,259616709,102.0
1492153096,289592440,26.0
1492153097,1492153104,13.0
1492153099,1492153096,12.0
1492153102,1492153091,5.0
1492153104,1492153102,4.0
1492153104,1492145817,164.0
1492153105,6167278773,113.0
1492153105,1492153093,9.0
746912591,746912590,6.0
746912592,746912591,5.0
711357396,711357439,4.0
613315545,131221774,81.0
259159110,2992212844,53.0
259159111,259159110,26.0
259159152,576860418,7.0
2776396935,2776396941,15.0
2776396935,2776394279,106.0
2776396941,2776396935,15.0
2776396941,589431853,99.0
579499162,579498253,78.0
1283617975,1283618016,13.0
534017209,547568911,52.0
1283618016,387152919,15.0
591354256,591354690,28.0
1283618042,1280096200,826.0
291965986,1479930106,6.0
576877856,252588317,2.0
576877857,6167344564,10.0
591354259,591354256,6.0
579499378,579497586,52.0
579499378,579498247,28.0
4421481854,4421481853,59.0
4421481853,4421481863,14.0
4421481863,30947261,13.0
4421481865,4421481854,93.0
579499431,579499378,29.0
393115051,248746629,64.0
711357937,711357439,28.0
576878119,6167254945,109.0
576878131,283530679,169.0
1492416105,2299094542,51.0
1492416106,5635942525,10.0
594179721,594172912,3.0
579499715,579499431,27.0
34633426,387153095,14.0
412776175,498680831,59.0
412776176,248746700,33.0
259159793,259159800,64.0
412776177,248746689,33.0
259159800,243097380,63.0
4326586166,4326586167,4.0
4326586167,2209383495,4.0
4326586170,4326586166,8.0
4326586172,4326586170,114.0
4326586176,1545387649,11.0
4326586178,4326586172,89.0
4326586180,774518617,79.0
4326586182,4326586180,117.0
4326586183,4326586184,4.0
4326586184,2190483579,6.0
4326586184,4326586182,14.0
4326586188,6167285771,5.0
4326586190,2190560996,5.0
4326586191,2190483588,4.0
4326586192,4326586191,3.0
4326586192,2266562025,430.0
4326586193,4326586194,4.0
4326586194,2190561002,6.0
4326586194,2190483590,6.0
4326586198,6167441046,5.0
4326586201,4326586202,3.0
4326586203,4326586204,3.0
4326586205,2190560998,5.0
4326586206,6167417947,3.0
4326586208,2190561000,5.0
4326586200,6167236652,7.0
4326586202,4326586200,12.0
4326586202,2190483600,6.0
4326586209,2190478926,5.0
4326586204,4326586202,109.0
4326586204,2190483580,6.0
4326586210,4326586209,4.0
4326586210,6167489460,212.0
4326586212,2190560994,5.0
4326586214,2190478934,5.0
4326586214,6167440974,6.0
4326586219,2190478922,4.0
4326586220,6167440950,6.0
4326586220,4326586219,4.0
4326586216,6167191166,5.0
4326586213,4326586214,4.0
4326586223,4326586224,2.0
4326586224,4326586225,2.0
4326586224,2190566770,7.0
4326586218,2190564626,5.0
4326586221,4326586222,4.0
4326586222,2190564628,4.0
4326586222,2190478932,6.0
4326586225,2190478937,6.0
2207676346,4460254046,2.0
549746669,2325395499,12.0
549746693,549746669,81.0
711358557,711331595,8.0
871135414,361797592,51.0
871135414,364846732,54.0
131102989,26034534,44.0
4544035094,4544035099,69.0
4544035096,4544035094,23.0
4544035097,595594357,3.0
4544035098,4544035099,12.0
4544035099,3394697044,45.0
580024664,580025166,22.0
580024664,3260985583,488.0
1838361811,6167266614,9.0
711358863,711358867,12.0
711358867,708717121,23.0
1838361813,6167266608,8.0
591427994,591427998,7.0
591427998,2189273817,128.0
128874949,3067843936,86.0
128874985,4698523258,74.0
576879096,21579160,43.0
576879097,576879120,460.0
6167230985,6167230986,6.0
6167230986,6167230987,1.0
6167230986,3945799032,6.0
6167230987,3945799028,6.0
6167230991,6167191182,6.0
6167230999,2174966079,11.0
6167231000,2174950796,7.0
6167231001,6167231000,59.0
6167231003,2173272382,5.0
6167231003,4716795156,8.0
6167231005,6167231003,193.0
6167231006,1433204920,20.0
6167231007,1492150972,27.0
6167231010,289607026,102.0
6167231022,6167231001,65.0
6167231023,6167231022,84.0
6167231024,259616697,100.0
6167231024,3394726304,14.0
6167231026,6167231024,194.0
6167231027,4520380525,10.0
6167231027,6167231028,4.0
6167231027,3394725585,7.0
6167231028,6167231029,6.0
6167231028,6167231027,4.0
6167231029,6167231028,6.0
6167231030,6167231029,104.0
6167231031,6167231030,84.0
6167231032,3394725583,12.0
6167231033,6167489446,21.0
6167231034,6167231033,17.0
3036576338,3036576351,164.0
3036576338,1093410280,12.0
711359068,711369366,9.0
711359068,1691676440,8.0
3036576351,299023699,374.0
3036576351,3036576338,164.0
248746692,440061345,119.0
248746693,248746726,105.0
248746693,4072557018,8.0
248746694,440061344,87.0
248746700,412776177,34.0
248746703,248746693,63.0
248746706,4095230643,79.0
248746706,248746698,39.0
248746706,248746724,89.0
3146808059,3144992720,96.0
3146808060,3146808069,29.0
3146808061,416832108,49.0
3146808063,547586436,77.0
3146808064,370752171,101.0
3146808069,370751656,14.0
3146808070,3146808061,29.0
3146808071,370752408,15.0
3146808071,3146808077,92.0
3146808072,370752408,43.0
3146808075,3146808076,18.0
3146808077,3146808079,33.0
3146808078,3146808072,49.0
3146808079,5257193649,12.0
3146808080,3146808078,33.0
3146808092,370749292,79.0
3146808093,3146808095,43.0
3146808094,3146808092,43.0
3146808095,3146808097,27.0
3146808097,241807395,72.0
3146808100,233578139,19.0
3146808102,3146808100,104.0
3146808096,3146808094,27.0
3146808096,3146808097,15.0
3146808103,2372885313,101.0
3146808103,3146808104,50.0
3146808104,2583201107,29.0
3146808108,3146808113,78.0
3146808113,3146808093,10.0
3146808114,241807175,36.0
4294474620,2797986650,3.0
4294474620,2200514713,6.0
4294474621,2200514713,5.0
4294474621,4297530203,62.0
4294474622,2200514710,6.0
4294474622,2797986650,3.0
591428485,591427994,109.0
711359372,3327893030,27.0
711359372,3327893032,64.0
579500978,579498250,32.0
277117986,571731867,13.0
1449295035,1449295050,15.0
1449295035,269327461,76.0
1449295036,60096109,86.0
1449295043,1449295035,6.0
1449295043,814816086,158.0
1449295050,1449297346,132.0
1449295057,1449295043,5.0
1449295057,1449285264,308.0
1449295066,1449295057,20.0
2347007243,531390712,14.0
2347007247,531390737,87.0
2347007251,844501069,6.0
2347007251,2642814904,59.0
2347007256,746922193,8.0
2347007258,1450727124,11.0
1390575046,4940410885,7021.0
591429117,6167254902,8.0
576840457,576824420,4.0
54558279,1597555534,34.0
580026120,127588852,11.0
248746929,2975262285,8.0
248746933,248746932,43.0
591429446,591429491,4.0
591429446,6167247321,4.0
591429446,6167254916,6.0
277118795,36825329,23.0
248746940,266740008,35.0
2013560660,250479836,56.0
579501932,579502233,105.0
591429485,6167254921,5.0
591429491,5827673276,15.0
591429491,591429485,23.0
248746952,356097878,14.0
248746952,4312130696,4.0
248746953,356099268,40.0
248746953,248746950,32.0
248746953,356097878,40.0
248746954,356096427,44.0
248746954,4313862246,41.0
248746956,340367480,58.0
248746959,418104791,103.0
248746961,419481493,38.0
248746961,4313862256,27.0
6206873033,636883225,27.0
777813987,767737566,11.0
113541105,128982235,12.0
113541129,113541105,48.0
3863773230,36825302,131.0
2442297401,6167231006,6.0
2442297408,2442297450,130.0
2442297410,2442297408,26.0
2442297413,2442297410,20.0
2442297416,2442297413,25.0
2442297419,2442297416,19.0
1257406547,129279833,96.0
1960476767,5630513723,7.0
2442297447,4716795309,20.0
1960476776,5630513724,27.0
2442297450,2442297447,4.0
1960476797,4716823526,5.0
579502233,628181052,35.0
128876884,2005992020,40.0
128876893,128876884,62.0
128876901,128876893,63.0
176718197,6167265876,26.0
777814394,777813987,4.0
591430021,591428485,45.0
2696446373,3146808060,49.0
2696446375,370751648,42.0
4730421707,4730421708,8.0
4730421707,4735836881,4.0
4730421708,4730421707,8.0
4730421708,4735836857,2.0
4730421708,4735836858,2.0
575570427,575570540,258.0
243434000,2700682445,91.0
575570514,6131956072,177.0
245531231,6167265881,29.0
575570529,575570532,102.0
575570529,746924352,30.0
575570532,575570529,102.0
575570532,6226313833,56.0
575570532,746917991,73.0
575570540,576860063,3.0
245531251,245531231,5.0
591430323,1964021886,25.0
591430324,6167254916,113.0
4544037561,595594360,78.0
3738993372,250933636,91.0
6138135272,6167357871,65.0
6138135272,6167357869,101.0
4544561906,2189497200,2.0
4544561907,6167418090,3.0
4544561907,2189485869,14.0
578061043,36824718,34.0
52593421,4733727851,13.0
554206047,2185303474,69.0
554206047,554206050,223.0
554206050,306968733,11.0
554206050,554206047,223.0
781091686,281390967,12.0
145261423,103301615,21.0
591430541,591430562,34.0
591430541,2412954936,4.0
591430541,2383211240,8.0
591430562,741702279,215.0
250774441,30948028,15.0
250774442,1458422327,9.0
250774442,1458422285,9.0
250774443,5619579757,30.0
250774446,3721154038,10.0
250774448,250774472,75.0
250774448,250774443,49.0
250774449,4307285744,43.0
250774449,1458422326,34.0
250774450,6126066495,67.0
250774450,3721159056,7.0
250774459,3721159056,83.0
250774458,250774468,119.0
250774468,1459890791,37.0
250774471,1458422313,61.0
250774472,250774458,48.0
145261535,6167489470,24.0
245531711,245531251,14.0
2209383495,778809794,11.0
299026739,1140238688,102.0
222987367,224738431,82.0
577518117,577517978,211.0
591430819,591430822,38.0
591430822,2412954936,5.0
591430822,591431020,3.0
591430822,591430324,83.0
2841675038,5096779233,10.0
2841675038,2455223905,1229.0
2841675045,2291073960,59.0
2841675062,6167279409,137.0
2583201106,2702095683,5.0
2583201106,241807452,55.0
2583201107,2702095691,2.0
591431019,591431040,4.0
591431019,591431020,10.0
591431020,591430822,3.0
591431020,591431019,10.0
591431020,591430323,82.0
591431022,591431023,12.0
591431022,2383211240,8.0
591431022,6167266606,104.0
591431022,6167254905,53.0
591431023,5680152951,1.0
591431023,591431022,12.0
591431024,6167265865,6.0
591431024,4329375111,23.0
591431024,6167265866,102.0
591431033,598155989,9.0
591431033,6167254973,215.0
591431033,598171691,81.0
591431040,591431019,4.0
591431040,2768616811,23.0
591431040,576878926,14.0
1449297301,1449295066,131.0
1449297305,1879021160,10.0
1449297305,650267588,12.0
1449297305,1449297301,7.0
1449297324,650267588,7.0
1449297346,814816061,193.0
591431246,576878926,10.0
650282682,650267588,8.0
650282682,1517123099,184.0
5928027852,268533990,45.0
5928027852,268533993,83.0
361268957,233275064,54.0
643991276,576844518,10.0
54560511,5402876198,114.0
767592197,767610868,12.0
781092635,781092815,71.0
781092668,781092635,12.0
571377469,137172748,92.0
781092688,781092721,12.0
781092721,781093879,15.0
245532558,594801681,5.0
781092760,781151605,24.0
781092782,137157732,46.0
781092782,781092688,81.0
781092815,30943323,10.0
1517193200,241807187,108.0
767592455,767592619,8.0
781092991,1880686094,11.0
781092991,287630681,31.0
767592583,767592589,17.0
767592589,2384091388,8.0
767592592,767592589,3.0
154044566,664372298,43.0
244222119,5096779235,21.0
244222121,1367607237,21.0
767592619,767647066,4.0
767592620,767592619,5.0
244222123,244222119,23.0
781093034,781023109,42.0
781093034,2207974389,11.0
580028683,580024664,154.0
1449298227,575379884,75.0
767723857,2885237377,6.0
443189604,1463547028,45.0
579504501,579504503,63.0
579504503,628175395,64.0
781093236,3218293527,30.0
781093248,781092991,111.0
245533066,594798649,3.0
781093319,287629393,51.0
781093319,781093689,26.0
781093347,781093319,25.0
2430634484,248969213,28.0
781093374,387153044,10.0
580160001,580025166,465.0
702450201,4633573547,17.0
767724090,767724093,2.0
767724093,767723857,10.0
6206949955,6167254929,72.0
6206949956,6206949955,17.0
781093481,4460254048,2.0
781093481,781137142,4.0
3961293509,3961293510,9.0
3961293510,847529577,8.0
131107544,131102989,43.0
591432433,5314227974,11.0
591432433,2960404462,3.0
591432434,5314227974,6.0
591432435,591432434,16.0
591432436,5314227976,7.0
591432437,591432438,8.0
591432437,1964021915,3.0
591432438,591432437,8.0
591432438,591432618,4.0
131238672,131247249,21.0
781093689,838386029,26.0
131238716,131221774,18.0
767593284,2384091378,3.0
767593284,767610868,17.0
131238763,131238716,13.0
581733261,581741508,53.0
131238813,131238902,12.0
591432618,92159611,3.0
591432618,591432438,4.0
591432618,4398346300,31.0
131238848,131238813,21.0
4120677316,4120677317,6.0
4120677316,6167266647,47.0
4120677317,4120677316,6.0
4120677317,6167266591,57.0
3222703092,54398934,5.0
131238902,131238763,9.0
781093879,781092760,30.0
3222703096,3222703099,87.0
3222703099,2207661109,37.0
3222703094,3222703096,38.0
245533703,600744933,4.0
591432725,243097404,1.0
591432725,591432775,125.0
131238955,131238902,77.0
591432775,4826905589,4.0
591432775,1668523257,188.0
196906311,298045607,61.0
176721271,176721301,22.0
575434448,575434417,52.0
176721301,176718197,37.0
54562201,266736979,8.0
5680172487,5511139621,22.0
2640744060,2640755142,10.0
2640744060,1833126498,72.0
702451422,3094966844,47.0
2302316258,2302316260,24.0
2302316260,5276518425,73.0
702451430,702451621,12.0
702451442,702451772,11.0
4157116150,60095861,12.0
4157116150,1463620369,58.0
4157116156,4157116165,61.0
4157116158,248746968,6.0
4157116160,1463620472,2.0
4157116165,4157116167,2.0
4157116167,1463620508,50.0
4157116171,4157116173,4.0
4157116171,30404321,16.0
4157116173,4157116160,88.0
4157116176,4157116187,97.0
4157116177,419481489,23.0
4157116187,1463620359,10.0
528650042,2346984255,9.0
2086399986,227766956,69.0
767594363,371967865,6.0
702451581,702451621,75.0
767594381,767667826,33.0
767594382,767594381,9.0
767594382,371967853,120.0
767594382,493873187,40.0
1277988762,1277988777,69.0
702451621,702451699,11.0
702451621,287630727,49.0
1277988773,1277988762,62.0
1277988775,1277988777,45.0
1277988792,1277988775,28.0
702451699,702478012,43.0
6167236637,6207096572,38.0
6167236639,259616706,7.0
6167236639,6167236637,14.0
6167236640,103116490,39.0
6167236640,6167236639,113.0
6167236641,2189145384,105.0
6167236641,6167236640,110.0
6167236642,4520380523,105.0
6167236642,6167236641,6.0
6167236643,26034521,7.0
6167236643,6167236642,4.0
6167236644,6167236643,6.0
6167236645,6167236644,94.0
6167236646,6167236645,25.0
6167236647,6167236646,23.0
6167236647,161467170,73.0
6167236648,2020813895,27.0
6167236648,6167489440,9.0
6167236649,168408619,76.0
6167236649,6167489439,82.0
6167236650,6167236649,91.0
6167236651,6167441052,98.0
6167236651,6167440994,7.0
6167236652,3481124174,42.0
6167236652,6167236651,6.0
6167236653,6167236652,3.0
6167236654,2190483594,7.0
6167236654,6167236653,6.0
6167236655,176704317,26.0
6167236655,6167441053,181.0
6167236656,6167266618,9.0
6167236657,6167236656,2.0
6167236658,6167236657,2.0
6167236658,2187770700,7.0
6167236658,2187770698,105.0
6167236659,6167236658,2.0
6167236659,2187770709,7.0
6167236662,6167266585,122.0
6167236663,6167344380,7.0
6167236664,6167236663,14.0
6167236665,6167344515,25.0
6167236666,6167236665,57.0
6167236667,6167236666,16.0
702451772,702451774,81.0
6167236669,6167344538,5.0
6167236670,6167344604,127.0
6167236671,767583225,28.0
6167236671,6167357853,10.0
6167236668,6167236667,46.0
702451774,1833877037,11.0
6167236674,6167236675,27.0
6167236675,6167236676,62.0
6167236676,6167344601,69.0
6167236677,589402268,104.0
6167236677,6167236678,17.0
6167236678,6167344541,4.0
6167236679,6167236680,36.0
6167236679,247018102,46.0
6167236680,6167236681,78.0
6167236681,6167344518,64.0
6167236682,6167236683,15.0
6167236683,6167344377,7.0
6167236684,6167236685,39.0
6167236685,6167236686,101.0
6167236686,6167265882,45.0
6167236687,6167236688,4.0
6167236688,2187770703,101.0
6167236688,6167236689,2.0
6167236688,6167236687,4.0
6167236689,2187770693,101.0
6167236689,2187770696,8.0
6167236689,6167236690,2.0
6167236689,6167236688,2.0
6167236690,6167236691,2.0
6167236690,6167236689,2.0
6167236691,6167266615,10.0
6167236691,6167236690,2.0
6167236692,6167236697,55.0
6167236692,6167266615,30.0
6167236693,6167236694,14.0
6167236695,131238955,23.0
6167236695,6167236696,40.0
6167236696,595594361,9.0
6167236696,6167231034,44.0
3199635545,1865096363,5.0
6167236697,4391665567,1.0
6167236697,6167441055,124.0
6167236697,6167236692,55.0
3199635547,5957906920,28.0
6167236694,6167440991,7.0
6167236694,2190483600,9.0
227315809,356478170,43.0
227315809,227770511,31.0
650285160,650285164,14.0
650285164,583242779,113.0
579506290,60096993,54.0
650285170,580890024,81.0
1449431156,1449431609,15.0
227315844,356477680,40.0
1449431206,6167191744,5.0
1449431212,1449431372,5.0
1449431212,4148228282,5.0
1449431218,1449431612,16.0
227315895,301549282,155.0
1449431232,1449431613,5.0
1449431236,1449431342,5.0
1449431238,1449431544,4.0
1449431244,1449431437,7.0
1449431263,1449431623,9.0
1449431267,650285160,64.0
1449431270,1449431212,5.0
528650475,277124775,96.0
578064624,571731485,31.0
2688454941,1982456959,14.0
1449431342,1449431625,6.0
227316012,384017929,33.0
1449431350,6167191746,3.0
1449431372,1449431232,5.0
1449431372,1449431606,5.0
1449431389,741702052,40.0
245535095,245533066,9.0
1879216504,5646660250,7.0
2318307717,2318307718,14.0
2318307718,6245731039,33.0
1449431432,6167357883,14.0
2318307719,6245731019,30.0
1449431437,1449431564,10.0
1449431448,1449431236,6.0
591434144,598156578,8.0
1449431464,2771805040,4.0
1449431464,1449431590,8.0
1449431465,1449431448,9.0
1449431476,2279153644,44.0
1449431476,1449431232,5.0
4996764092,1492145774,84.0
4996764092,289597163,14.0
4996764093,5002595148,12.0
4996764094,4996764093,29.0
4996764095,4996764094,14.0
767726031,501027460,64.0
1449431504,1449431533,3.0
1449431510,6167357867,2.0
1449431511,576877857,7.0
1449431515,1449431350,4.0
1449431517,6167344588,191.0
1449431526,6167357865,7.0
1449431526,1449431625,7.0
1449431526,1449431517,15.0
1449431533,1449431263,5.0
1449431539,5694419768,47.0
1449431544,6138135272,6.0
1449431544,1449431584,101.0
227316218,224738452,31.0
1449431554,1449431206,61.0
1449431564,1449431622,19.0
1449431574,1449431504,4.0
1449431578,580890024,26.0
1449431579,6167344562,9.0
1449431580,1449431544,65.0
1449431584,6167191745,4.0
1449431585,667680173,23.0
1449431590,1449431238,4.0
1449431597,1449431515,6.0
1449431600,6167357865,5.0
1449431600,1449431624,3.0
1449431600,1449431476,13.0
1449431604,1449431632,7.0
1449431604,6167344579,7.0
1449431606,4148228277,7.0
1449431609,4369807452,136.0
1449431613,1449431467,6.0
1449431612,6167344580,7.0
1449431612,1449431632,4.0
1449431615,583243026,41.0
1449431624,1449431600,3.0
1449431624,1449431156,3.0
176722502,176722515,20.0
1449431625,1449431597,7.0
1449431625,1449431510,6.0
1449431632,1449431579,16.0
1449431632,741702223,7.0
176722515,176721271,19.0
277517042,711334295,25.0
277517044,589408684,6.0
579507010,579506290,26.0
1597543248,6202471307,82.0
4716795139,4716795179,17.0
4716795144,1964023943,4.0
4716795153,4716795154,2.0
4716795154,4716795155,2.0
4716795155,4716795834,4.0
4716795156,6167231003,8.0
4716795157,4716795569,16.0
4716795157,4716795153,4.0
4716795162,4716795139,25.0
4716795179,1964023963,18.0
4716795183,4716795184,5.0
2640745799,387153078,75.0
4716795309,4716795184,13.0
4716795320,1964023936,49.0
2927793636,248746922,43.0
2927793638,4315827379,2.0
4716795394,1964023942,3.0
4716795466,4716795162,22.0
4716795479,4716795466,3.0
277124775,553459306,9.0
297178797,310956988,117.0
4716795569,4716795594,3.0
4716795594,4716795479,4.0
880187088,1283634748,28.0
880187107,312718912,34.0
3132397293,3132397296,20.0
3132397296,711358557,4.0
128882422,3065030525,14.0
591435542,1715989148,16.0
591435542,846546790,8.0
128882462,4698523257,51.0
128882514,305913663,39.0
591435610,163642967,45.0
277125012,1224869101,166.0
4716795834,1960504466,5.0
572037071,387153087,12.0
361797592,224750210,45.0
277125097,122749619,121.0
4716795887,4716795144,19.0
5680175093,1713449449,10.0
5680175093,5680175257,217.0
4157118500,30404319,2.0
4157118500,4157118501,201.0
4157118501,4157118502,51.0
4157118502,2249575583,150.0
4157118503,2249575579,2.0
4157118515,4157118521,66.0
4157118521,4157118524,63.0
157849660,591261641,4.0
4157118524,250933627,202.0
4157118524,4157118532,138.0
4157118532,4157118546,539.0
4157118546,304536850,211.0
1964021884,6167247321,2.0
1964021884,5314227973,44.0
1964021886,591429446,89.0
1964021894,1964021905,2.0
1964021898,5856680721,7.0
1964021898,2768616811,21.0
1964021902,591431246,77.0
1964021905,1964021902,83.0
1964021915,591432436,19.0
1964021915,591432437,3.0
1964021915,5314227975,25.0
591435936,591435935,4.0
591435965,294622367,2.0
828414268,846546859,5.0
277125478,1224869068,14.0
5785557614,125386156,50.0
5785557617,306381654,102.0
5167159984,443302591,10.0
5167159986,443302587,7.0
605199042,1327054098,14.0
605199043,605199042,10.0
2337839881,2337839904,17.0
2337839904,1404216327,31.0
4696480570,5034416925,41.0
4696480571,4696480570,17.0
5058108327,579411832,10.0
5058108339,257485945,83.0
5058108340,5058108339,14.0
5058108341,5058108344,14.0
5058108344,5058108338,15.0
5058108346,5058108347,20.0
612015102,612015103,3.0
612015103,6167440960,29.0
612015106,612015103,21.0
52599856,52593421,46.0
3537280107,1492410147,14.0
578067623,3095063270,95.0
589763586,589763571,21.0
3144850722,3144992684,59.0
52600101,871096413,32.0
52600101,52600156,92.0
3144850725,1449289318,32.0
52600109,5427967046,4.0
52600120,446051211,117.0
52600120,880187107,12.0
52600156,778812520,42.0
650288479,650271243,25.0
52600161,880187088,12.0
52600163,312718298,94.0
650288534,5680175093,17.0
591306178,400812637,4.0
2868682188,767752593,46.0
3144850932,3144992691,53.0
3144850934,3144850932,29.0
3144850937,241807189,90.0
767729190,387153092,73.0
767729202,332546359,37.0
372022839,233314981,48.0
5656845888,1463620564,1.0
5656845889,1463620697,17.0
5656845889,5656845891,15.0
5656845890,5656845888,15.0
5656845891,1463620954,1.0
767729252,387153004,16.0
767729455,4421481865,24.0
767729490,501019005,7.0
767729490,767729455,27.0
1283628978,1833120524,14.0
1283629001,663120884,37.0
582787049,153752520,223.0
662741000,847530001,48.0
1964023936,377540818,171.0
1964023942,1964023946,5.0
1964023943,4716795353,1.0
1964023944,4716795887,9.0
1964023946,1964023944,143.0
1964023963,4716795320,21.0
1964023963,4716795183,5.0
572039368,387153086,51.0
3285622990,76459258,24.0
3285622990,52510917,171.0
702456085,702451581,69.0
844407073,844418936,59.0
60072263,1479905406,7.0
60072264,1479930111,8.0
310944071,723964405,4.0
3215106461,3215106462,12.0
3215106470,3215192060,76.0
3215106486,387153098,88.0
3215106498,2700794304,54.0
589472357,767586831,14.0
589472357,6167359506,7.0
589472358,589472357,17.0
589472356,589449264,4.0
589472356,6167359501,43.0
2885198474,2879917028,8.0
711369360,711334250,1.0
711369366,711358863,61.0
711369366,711369360,7.0
774546107,774546111,7.0
774546111,777743542,4.0
774546115,777759525,13.0
774546117,774546115,75.0
774546128,774546107,9.0
428647141,266737835,229.0
298099466,361229932,27.0
5371634609,1725216922,72.0
774546374,1725216852,20.0
774546373,775941673,2.0
711369697,711359068,13.0
600744933,1457647364,49.0
1404216311,2337839881,39.0
1404216321,227324395,71.0
126919692,114569851,6.0
5556315220,4793613069,17.0
576868445,4157118500,391.0
310944919,723967270,38.0
310944921,2473002369,43.0
310944920,2473002363,11.0
310944924,2272188025,41.0
310944925,310944924,32.0
2247271583,6167440957,4.0
572040352,387153089,47.0
310944926,723967205,17.0
2247271590,2247271583,36.0
736011451,846546861,8.0
589473307,589501824,85.0
3202917978,702354385,74.0
591308515,291965894,4.0
4884440882,4884440913,8.0
4884440908,4884440916,14.0
4884440910,4884440911,9.0
4884440911,2419787407,123.0
4884440911,4884440882,8.0
4884440913,4884440914,8.0
4884440914,4884440915,8.0
4884440915,4884440908,16.0
4884440916,4884440917,8.0
4884440917,4884440919,8.0
4884440919,3162729675,949.0
129279833,385026714,37.0
3065030525,3065030524,11.0
3065030524,128882408,36.0
578070441,2277912688,51.0
578070441,2277912685,61.0
579512268,579968879,315.0
245802961,312719443,14.0
578070517,571731102,3.0
578070517,2277912706,73.0
3367904406,6167413255,7.0
440051882,440051924,11.0
440051891,440051897,8.0
440051897,248746933,8.0
2188421309,136514376,31.0
2188421311,2188421309,62.0
440051909,440051882,10.0
440051913,440051915,50.0
440051915,440051926,8.0
440051924,3804564096,87.0
440051924,248746966,11.0
440051926,30947751,8.0
440051942,356098879,85.0
440051944,248746914,11.0
2089593074,2089593076,18.0
2089593076,2089593079,84.0
2089593079,728165676,12.0
2089593079,2089593081,84.0
2089593081,728165678,12.0
2089593081,728165741,82.0
440051965,266739935,57.0
35301704,332797041,44.0
35301704,2967053356,126.0
35301705,332797060,45.0
35301705,250480662,64.0
1140238688,496572549,43.0
1140238747,1140238688,167.0
594192913,126919692,28.0
302820090,302822341,21.0
2213981040,2170946980,32.0
2213981040,301549275,2.0
2213981044,448078442,37.0
2213981051,233262526,2.0
2213981059,227770320,2.0
777825195,767737627,58.0
302820279,938361251,43.0
581741508,581741497,243.0
34909156,282825799,68.0
34909156,387153041,12.0
1588112477,267315670,16.0
131247249,131238848,10.0
302820534,248746686,43.0
131247295,131247404,59.0
131247295,131214954,21.0
317369542,317369554,38.0
5448707279,2277912675,8.0
5448707280,5448707279,2.0
5448707282,5448707280,2.0
317369554,317369597,36.0
317369597,34633426,36.0
76459296,2172718107,14.0
131247404,131247470,23.0
777825626,767737602,84.0
844410211,1132053705,4.0
2332601815,2176972931,5.0
5096779233,244222121,34.0
5096779233,938149791,26.0
5096779233,2841675038,10.0
5096779233,244222123,9.0
5096779234,472236196,63.0
5096779234,5096779236,18.0
5096779235,5096779234,14.0
5096779236,370243518,52.0
5096779238,34160619,12.0
5096779238,5096779236,13.0
5096779239,2766300599,69.0
5096779240,767752603,103.0
5096779240,5096779239,8.0
579514099,55931054,36.0
5314227973,5314227975,27.0
5314227973,1964021884,44.0
5314227974,591432433,11.0
5314227974,5314227973,2.0
5314227975,1964021915,25.0
5314227975,5314227973,27.0
5314227976,591432435,6.0
54560946,5109337886,65.0
4940410885,6126053594,74.0
4940410885,49492954,283.0
3260985583,306383987,22.0
711766276,2716423449,88.0
4973179165,2455200662,785.0
4973179167,4973179170,4.0
4973179167,2455223905,840.0
4973179170,4973179165,3.0
4973179170,4973179167,4.0
579383627,579383913,46.0
1449308528,1449316577,26.0
1449308528,1449308568,22.0
1449308543,241807190,29.0
1449308548,2810279750,101.0
1449308555,1449316667,18.0
1404219801,2936354302,8.0
1404219801,1521014653,9.0
2247274906,4520380542,338.0
1449308568,2810279737,43.0
1449308580,356127080,29.0
1449308597,2810279736,2.0
227324345,356474390,32.0
227324361,332127589,66.0
227324361,384017930,26.0
1449308623,1449308639,2.0
1449308625,356127514,35.0
814526942,161535785,10.0
1449308639,1449308528,26.0
227324395,356474167,29.0
227324436,384017930,33.0
227324436,332127537,61.0
1492169247,1492169299,49.0
1492169253,1492169260,5.0
1492169253,1492169247,70.0
1492169257,1492169319,7.0
1492169260,1492169257,4.0
227324467,356474260,32.0
1492169287,1492169314,5.0
1492169299,1492169329,54.0
1492169314,1492169319,70.0
579383913,248129431,65.0
1492169319,1492169335,9.0
1492169319,312719433,31.0
1492169335,5648622173,29.0
711766687,252588993,47.0
711766722,711766687,9.0
711766722,711766276,63.0
575384241,54552174,42.0
575384241,1449298227,18.0
227324737,1404221282,72.0
227324737,1404221281,6.0
3259282309,301544524,40.0
579515304,579500978,66.0
302822341,443279898,31.0
5587121107,571730618,6.0
702460953,702465424,15.0
702460953,259617268,55.0
310949030,207093560,21.0
310949036,277366891,712.0
267350505,267350556,175.0
2692003111,2236727826,38.0
2692003113,2692003111,76.0
2692003115,2692003116,88.0
2692003115,4315827364,52.0
2692003116,2692003115,88.0
2692003116,5172837974,45.0
2702095683,2702095684,14.0
2702095684,2702095692,22.0
2702095691,2702095693,20.0
2702095692,2702095693,11.0
1725216215,1881118510,6.0
844412409,2346984255,8.0
1725216267,137181198,12.0
1725216302,3327901008,21.0
1283634746,2653377674,74.0
1283634748,5427967031,7.0
1725216333,871096402,33.0
1283634766,1283634781,34.0
1725216340,312718915,37.0
1725216344,1725216355,13.0
1283634781,2975229836,20.0
1725216355,364329376,14.0
1725216355,1725216465,71.0
1725216360,1725216355,4.0
603633283,711327760,14.0
1725216465,1725216474,5.0
1725216474,1725216487,7.0
1725216487,52600120,14.0
1725216501,446051190,34.0
1725216511,6207067487,7.0
1725216520,312718307,15.0
1725216520,1725216501,41.0
1725216525,52600120,66.0
1546958636,781091686,19.0
1725216573,1985546061,7.0
1725216590,3208518286,28.0
137148242,95554473,213.0
1404221279,1404223615,38.0
1404221281,227330394,7.0
1404221282,2774328319,68.0
1725216611,356215182,11.0
1725216611,1725216706,66.0
1725216623,1833117901,46.0
30385483,746427709,58.0
1725216680,767737668,60.0
1725216680,1725216623,11.0
1725216706,1725216746,29.0
30385488,30385495,81.0
30385488,1982456959,48.0
1725216731,1725216680,27.0
1725216746,1725216770,11.0
1725216770,1042174041,12.0
1725216770,3208518297,69.0
1725216788,1725216731,71.0
1725216788,2296976215,11.0
709966960,506049281,21.0
2325395488,2325395489,16.0
2325395489,316414091,34.0
2325395489,2325395491,51.0
2325395491,3213448176,24.0
2325395494,227508487,15.0
2325395496,3146808096,19.0
2325395496,416832108,143.0
2325395498,5001030332,13.0
1725216810,1725216871,90.0
2325395499,370751614,21.0
2325395502,6167247292,6.0
1725216833,1725216788,103.0
1725216852,1725216833,22.0
1725216871,1725216922,12.0
1725216895,2183271188,121.0
1725216922,1725216895,11.0
1725216922,6154467901,13.0
4633573544,702378611,17.0
4633573546,287630739,9.0
4633573547,4633573546,15.0
702462230,471259500,20.0
6167247178,6167229084,90.0
128891277,299029600,24.0
6167247285,3306900958,47.0
6167247289,4520380550,97.0
6167247290,6167247289,4.0
6167247292,6167489491,42.0
6167247292,591415025,70.0
6167247293,6167489491,8.0
6167247294,6167247293,15.0
6167247295,6167489492,38.0
6167247296,6167247298,28.0
6167247297,6167247296,22.0
6167247298,6167247295,117.0
6167247306,589473307,8.0
6167247306,589501821,86.0
6167247308,6167247306,38.0
6167247310,591392674,15.0
6167247321,1964021884,2.0
6167247321,591429491,5.0
6167247321,1964021894,6.0
6167247321,591429446,4.0
6167247326,113535163,21.0
6167247328,6167247329,106.0
6167247328,6167441073,9.0
6167247329,2190478940,5.0
6167247329,6167254903,100.0
6167247329,6167247328,106.0
6167247330,1833110269,9.0
6167247330,6167254903,4.0
6167247330,6167254914,7.0
207141377,163634513,72.0
2247277141,6167344532,32.0
2948774548,6167489359,10.0
2948774549,2948774556,46.0
2948774550,2948774572,18.0
2948774551,2948774548,1600.0
2948774554,2948774550,25.0
2948774556,2948774577,32.0
2948774557,2948774584,29.0
2948774558,2948774566,22.0
2948774559,2948774582,474.0
2948774564,2948774569,474.0
2948774566,2948774554,21.0
2948774569,55900730,365.0
2948774569,577474522,820.0
2948774571,2948774558,22.0
2948774572,2948774557,25.0
2948774577,2948774571,26.0
2948774582,2948774576,166.0
2948774584,2948774576,30.0
591354261,591354259,10.0
361282276,30287470,59.0
4793613069,3790949321,166.0
128891662,299029620,64.0
2187770691,6167236688,8.0
2187770691,2187770696,2.0
2187770692,6167266622,11.0
2187770690,1838361797,2.0
2187770693,2187973613,87.0
2187770693,2187770694,2.0
2187770696,6167236689,8.0
2187770696,2187770700,12.0
2187770696,2187770690,2.0
2187770698,2187770708,2.0
2187770700,2187770696,12.0
2187770700,6167236658,7.0
2187770694,1838361811,2.0
2187770703,6167417957,110.0
2187770703,2187770693,2.0
2187770705,6167266645,8.0
2187770708,1558806055,4.0
2187770709,2187770691,12.0
53132178,53132186,83.0
777829277,777829305,13.0
777829280,777829277,13.0
777829280,777832638,5.0
777829305,777829308,106.0
777829305,777832645,5.0
777829308,777839236,146.0
299029562,580530626,17.0
4826905584,1495248920,24.0
4826905589,243097403,7.0
4826905590,4826905596,8.0
4826905596,294625488,100.0
299029600,299029572,183.0
1131986098,1131986129,8.0
1131986117,1132014900,2.0
1131986129,711749196,2.0
1131986141,1131986143,5.0
1131986143,709846561,10.0
299023699,1093410235,10.0
299023699,3036576351,374.0
299023726,299023699,131.0
299023766,723973453,58.0
299023766,2272186199,15.0
777829842,777829280,4.0
777829888,777829305,4.0
1691663875,780914756,20.0
1691663889,777906388,18.0
633912912,161461931,47.0
1545387649,780915027,5.0
633912993,634783845,110.0
633912993,123086980,37.0
633913026,6167417921,57.0
767737566,777800877,54.0
53133025,283334284,30.0
53133031,53133025,92.0
53133031,1283618016,47.0
2707996412,2766300602,43.0
2707996427,2707996412,33.0
163364625,1492153105,48.0
767737627,777825626,9.0
767737627,137172657,32.0
767737643,777833061,12.0
767737648,777825195,13.0
767737668,52600163,12.0
767737668,3213448180,33.0
767737689,1725216680,14.0
299024279,214131808,204.0
299024283,207085910,96.0
767737803,1985336815,34.0
767737811,767737803,19.0
361283566,2086399986,45.0
128893036,906234093,16.0
1404223615,2281655420,67.0
838386029,781093374,8.0
838386039,781006787,4.0
777830787,777833054,13.0
4061053437,4061053447,54.0
4061053447,4061053449,3.0
4061053449,4061053453,6.0
4061053448,170216835,11.0
4061053453,2236727821,55.0
4061053453,4061053456,6.0
4061053456,4061053461,6.0
4061053461,4061053460,7.0
4061053461,4283908149,156.0
4061053460,4061053464,9.0
4061053460,4061053448,54.0
4061053463,4061053464,17.0
4061053474,4061053480,47.0
4061053480,4283908154,14.0
4061053480,4061053484,3.0
4061053484,30404320,12.0
60095425,576860018,12.0
60095425,2977758613,10.0
589742841,589742849,12.0
589742849,1479930093,10.0
1597555513,1597543248,113.0
1597555534,1597555513,23.0
163627875,591258553,12.0
163627903,163627875,78.0
1449285264,1449285256,8.0
5406376885,257505381,4.0
5406376907,5544289003,5.0
1449285282,1449285285,46.0
2081997801,222958329,234.0
2081997803,248969195,47.0
2081997803,2081997804,31.0
2081997804,248969196,267.0
2081997804,2081997801,37.0
1449285285,1449266727,31.0
129549424,35726391,12.0
129549424,373649829,201.0
114607245,6167247329,41.0
114607264,114607245,21.0
5797758258,5797758274,17.0
5797758261,5797758258,9.0
5797758263,5797758264,10.0
5797758264,5797758261,22.0
2412954936,591430541,4.0
2412954936,591430822,5.0
5797758274,5797758275,15.0
5797758281,5797758263,9.0
157861192,591259275,44.0
157861191,591259268,54.0
777831779,2383215085,12.0
777831779,767737643,13.0
702465424,52599856,56.0
777700831,777701883,7.0
6197211471,6197211470,5.0
6197211471,6197211472,8.0
6197211472,6197211471,8.0
6197211472,6197211473,7.0
6197211473,6197211472,7.0
6197211473,6197211474,6.0
6197211474,6197211473,6.0
6197211474,6197211475,3.0
6197211475,6197211474,3.0
6197211475,6197211476,2.0
6197211476,6197211475,2.0
6197211476,6197211477,3.0
6197211477,6197211476,3.0
6197211477,6197211478,3.0
6197211478,6197211477,3.0
6197211478,306968361,3.0
6197211479,6197211480,15.0
6197211479,306968348,13.0
6197211480,6197211481,19.0
6197211480,6197211479,15.0
6197211481,306968361,73.0
6197211481,6197211480,19.0
6197211482,306968348,9.0
6197211482,6197211483,10.0
6197211483,6197211482,10.0
6197211483,6197211484,50.0
299029572,299029562,34.0
3168663491,4315827363,45.0
6207096572,26034528,67.0
6207096572,6207096573,13.0
6207096573,259616712,20.0
589481822,1479905326,5.0
2978793339,2978797401,42.0
2978793339,129952492,1160.0
452380549,5231666921,129.0
419481484,4313862235,70.0
419481486,419481487,102.0
419481489,1463620385,2.0
419481489,356089138,30.0
2213857170,460411875,31.0
2213857170,55861404,15.0
419481493,418104790,5.0
3144992684,3144850725,44.0
3144992691,1449289339,32.0
3144992699,370751780,33.0
3144992716,241807198,31.0
3144992720,3144992722,45.0
5424203733,266739118,74.0
5424203733,5424203729,35.0
5424203734,5402876168,20.0
5424203737,5402876149,3.0
6207227908,319157897,11.0
6207227908,2615827667,20.0
5424203785,582798753,20.0
5424203785,6202470181,29.0
5424203785,2698607292,38.0
452380704,452380549,23.0
5424203828,5424203854,12.0
5424203828,6202470181,49.0
5424203832,5424203854,13.0
5424203832,5424203834,30.0
5424203834,266737766,39.0
5424203834,5424203832,30.0
5424203842,5424203856,21.0
5424203854,5424203828,12.0
5424203854,5424203832,13.0
5424203856,6202471447,16.0
5424203858,5424203842,33.0
452380773,452380996,31.0
777832599,777834973,43.0
777832607,777832645,13.0
400738474,26680059,80.0
400738477,41675612,84.0
777832638,767737648,12.0
777832638,777832607,13.0
777832645,777832599,104.0
176736454,4976357659,38.0
2237581543,4283908145,78.0
176736536,176736454,15.0
591317288,111302426,8.0
452380996,452381038,37.0
452380999,452381158,15.0
452381000,452380999,85.0
1404216327,1404216321,64.0
227330394,227330469,80.0
452381032,452381038,8.0
227330419,227330518,24.0
129288570,283059741,150.0
129288610,129291065,64.0
129288610,493051265,9.0
129288610,227324737,101.0
227330469,227330419,7.0
1492175302,1492175321,19.0
1492175303,1492350739,67.0
1492175306,1492350741,3.0
1492175308,1492175306,4.0
1492175308,1492175312,5.0
1492175308,1492350747,83.0
1492175312,1492175313,4.0
1492175313,1492410160,3.0
1492175321,1492350741,3.0
227330518,356080190,66.0
452381158,452381181,6.0
777701883,777743504,4.0
452381181,452381032,6.0
777701894,777753004,9.0
452381260,452381262,19.0
452381262,452381000,66.0
777833054,777829888,4.0
777833061,777829842,5.0
777702088,777753001,9.0
299027313,6207002055,30.0
2640759823,777781181,33.0
2189478938,2189497210,6.0
2189478938,1449431539,11.0
2935371908,2935358344,253.0
780979401,781005396,2.0
780979401,780979413,14.0
780979413,780992456,4.0
780979413,780979427,118.0
780979419,780992474,4.0
780979427,777775988,4.0
780979427,780979419,15.0
705744124,2236727766,2.0
705744124,30947983,5.0
705744124,250480655,79.0
746909188,571467856,22.0
440061343,248746694,43.0
440061343,440061349,65.0
440061344,248746726,51.0
440061344,440061348,55.0
440061345,248746674,55.0
440061348,440061349,131.0
440061349,746435485,53.0
582798753,582798766,125.0
2272185768,207078719,7.0
582798766,266737792,31.0
2272185773,2272185967,164.0
844418490,528650042,110.0
582798849,582798857,271.0
582798857,5680151853,8.0
582798857,266739152,11.0
131124746,131130460,22.0
3215191990,572037071,74.0
582798861,54560511,75.0
299027987,282854772,14.0
4952477280,30947521,111.0
4952477281,3306876676,116.0
4952477281,4952477280,2.0
4952477290,387266338,145.0
131124870,131130370,18.0
582798986,582798975,32.0
711773913,91971018,93.0
1889062696,30220445,8.0
2272186199,299023726,24.0
2272186202,2621587200,74.0
2272186202,723973453,22.0
844418936,844418490,22.0
5563404258,1458422309,30.0
5563404264,370470105,8.0
767610868,767610869,4.0
767610868,767647066,10.0
767610869,767592592,7.0
1889062900,2978793339,359.0
310727779,709953306,64.0
377540818,827019327,3.0
1449316569,2810279744,5.0
1449316569,2810279752,65.0
1449316577,1449316602,11.0
5642440936,3215191975,70.0
5642440937,30467863,3.0
1449316602,2810279738,28.0
1449316603,4313862232,36.0
1449316618,307349700,11.0
1449316621,4315295101,31.0
1449316621,4157116150,17.0
1449316638,4313862232,21.0
3199521095,3199521098,150.0
3199521097,591435610,31.0
3199521098,3199521097,8.0
3199521098,846570962,29.0
777834973,777835311,89.0
2140983798,581765998,210.0
223007282,222957430,86.0
5630513723,2173278061,14.0
5630513724,1960476797,2.0
5630513726,2442297419,37.0
310956628,457777462,66.0
223007318,493051199,194.0
223007318,30287528,92.0
579392143,2191735058,18.0
579392156,579392261,31.0
1458422264,1459448710,48.0
5642310405,471341105,36.0
5642310406,30287410,3.0
579392261,579392143,19.0
589484813,1479928057,8.0
777835311,1492416106,6.0
129291065,746340949,37.0
129291065,129291097,61.0
129291065,129288610,64.0
377541452,91971135,9.0
129291097,3830161454,3.0
129291097,129291065,61.0
377541501,711783259,22.0
310956988,92137440,17.0
310957025,760180220,16.0
299029620,282852911,227.0
289592440,5002595130,29.0
6197212213,306968733,856.0
6197212213,6197211452,455.0
582800631,5221319826,25.0
582800632,5221319827,62.0
582800719,576878131,2.0
582800720,266736957,2.0
3216954875,356453177,38.0
2140984929,580028683,28.0
579393133,579405400,20.0
2272188022,723964991,38.0
2272188025,2272188022,50.0
781112992,781112995,32.0
781112995,781112997,21.0
781112997,838386039,25.0
282852908,282854778,42.0
282852910,282852909,59.0
161535785,161535896,29.0
2978797397,4283908184,154.0
2978797401,2978797397,26.0
2978797401,2241718058,72.0
1521014626,498680517,28.0
1521014625,1521014626,77.0
1521014625,2936354302,38.0
6167254901,591785680,41.0
6167254902,6167254901,8.0
6167254903,6167247330,4.0
6167254903,6167247329,100.0
6167254903,591429117,6.0
6167254904,4451156232,47.0
6167254904,2384091393,12.0
6167254905,6167254907,43.0
6167254907,2384091392,19.0
6167254914,6167254915,8.0
6167254914,6167247330,7.0
6167254914,1833110279,87.0
6167254915,6167254916,4.0
6167254915,6167254914,8.0
6167254916,6167254919,29.0
6167254916,591429446,6.0
6167254916,6167254915,4.0
6167254919,591430021,60.0
6167254921,6167489497,203.0
6167254925,6167254926,19.0
6167254925,4329375111,22.0
6167254926,6167254927,104.0
6167254926,6167254925,19.0
6167254927,6167344360,41.0
6167254927,6167254926,104.0
6167254928,6206949956,73.0
6167254928,6167344360,5.0
6167254929,1985557938,6.0
6167254929,6167254928,17.0
6167254930,6167254956,27.0
6167254931,6167254932,16.0
6167254931,6167344558,6.0
6167254932,252588303,7.0
6167254932,6167344582,7.0
6167254932,6167254931,16.0
6167254933,6167254934,11.0
6167254933,6167344582,92.0
6167254934,6167254933,11.0
6167254934,6167357871,111.0
6167254938,6167254930,57.0
6167254939,6167344559,121.0
6167254940,6167254939,5.0
6167254940,741702116,116.0
6167254945,6167254953,88.0
6167254946,6167254947,5.0
6167254946,6167254952,88.0
331143078,2766300593,14.0
6167254951,3882858365,10.0
6167254952,741702228,10.0
6167254953,1985561682,9.0
6167254956,6167254929,8.0
6167254954,6167254940,85.0
767743918,30946627,6.0
6167254973,3882858365,8.0
6167254973,591431033,215.0
767743935,767743918,37.0
591321039,591321042,5.0
615176166,2069604226,30.0
615176175,615176166,53.0
686217256,686217257,15.0
686217257,2967053349,15.0
686217259,332796854,27.0
686217260,2695729275,27.0
457365595,2705194659,78.0
33085559,2189145409,99.0
129554697,560997640,58.0
591321361,114581307,10.0
471259500,702451422,12.0
471259500,702456085,74.0
2700794304,3194806130,6.0
33085913,2189149376,6.0
33085913,3306876673,114.0
127588852,781145741,10.0
127588858,568336382,51.0
777706218,777799144,10.0
777706218,777721749,13.0
777706221,777773646,55.0
2398935830,2140983798,315.0
781114182,781114190,31.0
781114182,3218293540,32.0
781114190,282825777,22.0
5880339361,579407019,11.0
598400059,2302923319,100.0
598400059,3132495219,12.0
598400064,1327098207,2.0
137157732,137157809,135.0
304536741,260907398,29.0
304536741,4353912828,19.0
635493546,441587781,65.0
635493548,635493546,4.0
137157809,702451442,47.0
723967205,310944925,13.0
723967221,310944926,15.0
137157881,287630661,58.0
137157901,287629406,59.0
137157901,572005110,32.0
304536850,4353937735,31.0
579398336,5402876165,31.0
579398336,153758691,30.0
723967270,723967221,15.0
575386418,60088413,8.0
6167279404,2181275329,63.0
723967382,2473002371,11.0
126934535,114583003,19.0
377544273,711778924,67.0
302571121,302571350,48.0
302571121,233262762,70.0
377544391,1132057288,65.0
122740509,4405283289,21.0
377544503,377544391,20.0
302571350,4309902215,53.0
3194806130,387153097,16.0
302571407,683138398,49.0
377544593,60653705,123.0
287629318,2640759823,4.0
287629321,287629311,16.0
287629326,287629321,9.0
287629328,287629333,14.0
287629333,287629326,119.0
287629353,287629359,58.0
287629359,4730421708,68.0
287629393,5797734219,22.0
60088412,575386414,8.0
60088413,575386147,8.0
287629406,4733727848,45.0
60088415,60088414,9.0
993190002,991977779,91.0
287629445,702465424,21.0
589488285,1479897587,7.0
767746312,767746315,65.0
767746312,368389680,34.0
767746315,767693486,78.0
541122845,541122850,54.0
541122861,299026739,27.0
541122871,541122872,46.0
541122872,277366121,105.0
541122884,541122904,13.0
541122884,541122845,117.0
541122904,541122871,156.0
541122904,560602147,114.0
541122905,906234093,283.0
1390338434,605199043,1.0
1390338440,6167266612,3.0
589488572,589501836,8.0
598401523,598400064,10.0
598401524,598401523,10.0
598401527,598405144,5.0
598401527,598401578,41.0
598401578,598401527,41.0
598401578,598347148,30.0
332794364,332794366,73.0
332794366,250480634,144.0
711778918,1131986098,2.0
711778924,1132014823,6.0
711778928,1131986117,10.0
711778933,571458041,17.0
711778933,711778928,68.0
711778936,2304718104,47.0
711778937,711778936,267.0
777839236,777916580,11.0
1996808838,1982318493,14.0
2279006915,6167413280,5.0
2279006915,2177124617,42.0
6167357826,6167357853,102.0
6167357864,1449431624,49.0
6167357865,1449431526,7.0
6167357865,1449431600,5.0
6167357865,4148228281,13.0
6167357866,1449431526,6.0
6167357869,6167357868,6.0
60089302,576864253,10.0
60089302,576864252,4.0
60089303,575529171,57.0
60089303,576864252,40.0
2774328319,2774328318,29.0
131130370,621539577,11.0
6219293732,6221450549,4.0
6219293732,6221450533,18.0
131130411,131124746,17.0
781116475,2312383359,191.0
131130460,131107544,17.0
4453229731,4453229735,12.0
4453229735,3810637333,16.0
287630661,702451430,64.0
287630666,287630684,63.0
287630668,287630666,57.0
287630673,287630676,7.0
287630676,287630702,56.0
287630681,387152940,11.0
287630681,137157881,74.0
287630684,287630673,63.0
287630702,287630681,47.0
287630727,387152931,9.0
287630734,702450201,45.0
287630739,4633573544,18.0
723969549,277367212,7.0
723969549,277367211,15.0
2975262281,2975268834,45.0
2975262283,248746929,8.0
5231666921,122740509,23.0
289597163,289602833,47.0
30467855,5642440936,2.0
30467863,30467855,26.0
2189485869,6167359502,198.0
289597248,332544860,179.0
289597255,289597248,42.0
289597256,289602744,8.0
30467939,3788315450,13.0
5982185669,775942452,7.0
5982185669,774518620,142.0
1496246573,1496246597,57.0
1496246597,163643112,49.0
267315670,267315671,15.0
267315671,577518129,24.0
5827671677,1838361782,8.0
600238649,576824420,4.0
1404234340,1404234341,56.0
1404234340,129953571,3.0
1404234340,355818836,46.0
1404234341,1404234339,42.0
1404234343,420022666,43.0
2383211193,2383211202,6.0
2383211195,6167289292,3.0
2383211202,2383211205,5.0
2383211203,2181268832,5.0
2383211203,2187972534,3.0
2383211205,6167266624,6.0
2383211206,6167266623,10.0
2383211214,2383211215,3.0
2383211215,1390338440,3.0
2383211217,2188339982,2.0
2383211219,2187980362,2.0
2383211221,2187980362,2.0
2383211222,2187980384,2.0
2383211224,6167413260,13.0
2383211224,2187980370,2.0
2383211225,6167266609,7.0
2383211226,6167265871,9.0
2383211227,6167191161,4.0
2383211230,2187975166,3.0
2383211229,2187975163,2.0
2383211229,2383211227,4.0
2383211231,6167441081,122.0
2383211231,2383211229,4.0
2383211233,2383211231,4.0
3095063270,3098154918,38.0
3095063270,2277912688,60.0
2383211240,591431022,8.0
2383211240,591430541,8.0
2383211235,6167265865,5.0
2383211235,2383211237,1.0
2383211237,5680152951,2.0
2383211237,2383211235,1.0
129952492,224765801,69.0
129952492,355818807,51.0
129952493,3427813818,22.0
129952494,2967053354,45.0
2419787407,4884440914,117.0
2419787407,5579711429,265.0
777841688,1691663889,46.0
746908742,746909948,39.0
1986325611,2481930362,40.0
1986325611,1986325609,77.0
1986325609,3730054579,5.0
1986325609,277367212,132.0
257485946,5058108340,59.0
257485946,5058108341,60.0
257485948,5058108346,22.0
1960504466,4716795144,23.0
1686695063,580026120,37.0
1686695067,1686695063,13.0
781118652,3427761887,7.0
781118652,583473687,27.0
370470105,250774448,207.0
370470106,250774459,123.0
728165672,1277988773,62.0
728165673,1277988792,80.0
728165676,3130995622,58.0
728165677,2089593081,10.0
728165678,3130999251,66.0
2774592864,579408548,10.0
728165741,728165677,81.0
728165741,2481930759,29.0
3743608239,301544568,92.0
3743608241,844489583,4.0
3743608241,3743608253,120.0
3743608246,41675664,14.0
3743608246,553459306,25.0
3743608248,2894990347,9.0
3743608253,589766049,5.0
746909156,1462398968,2.0
746909156,30287877,43.0
6207106563,6207106567,39.0
6207106567,1668523155,11.0
367849048,677245571,66.0
367849057,137181198,37.0
3213448180,777831779,31.0
367849063,367849065,26.0
367849065,1492169253,34.0
60092011,576879120,71.0
746909343,571467856,8.0
711782071,91971130,13.0
711782080,377541501,21.0
4069715678,52600101,63.0
3306876671,3306876672,5.0
3306876672,3306876673,4.0
3306876673,3306876674,7.0
3306876673,2189161534,7.0
3306876674,4952477281,17.0
3306876676,2266563662,7.0
3306876678,3306876680,12.0
3306876680,777791299,13.0
1691676440,2615820738,68.0
1691676443,708717121,7.0
1691676443,777759743,75.0
129953571,355818807,55.0
129953571,1404234340,3.0
1691676459,3199584806,37.0
1691676459,34157905,10.0
333901615,301549275,20.0
1691676467,1691676443,23.0
1691676467,777768981,5.0
1691676471,251859846,73.0
1691676471,1691676459,14.0
746909624,781082267,12.0
650285635,268533545,69.0
575467530,60096380,35.0
575467530,6226313846,7.0
575467530,575434506,21.0
598405143,598401524,45.0
598405144,598401527,5.0
598405144,598405143,50.0
598405144,6167441067,3.0
267317332,267350690,140.0
267317336,577522376,53.0
267317363,265516775,152.0
267317363,267317336,64.0
2835280017,1833120520,12.0
4148228277,4283908898,9.0
4148228278,1449431270,7.0
4148228281,1449431372,5.0
4148228282,1449431526,15.0
746909948,311654900,60.0
250933574,3738993372,5.0
250933576,250933579,71.0
250933576,250933637,99.0
250933578,1458418053,4.0
250933578,1458418054,6.0
250933579,250933582,49.0
250933582,250933574,45.0
250933593,331415844,56.0
250933594,250933626,58.0
250933595,443274291,86.0
250933602,331419539,79.0
501018995,767729490,15.0
501019005,501019028,33.0
250933623,250933593,53.0
250933626,250933623,10.0
267317634,4520380455,4.0
267317634,591398356,21.0
250933635,250933593,39.0
250933627,250933635,153.0
250933627,250933634,72.0
250933637,304536354,65.0
250933634,2074055712,61.0
250933636,260907218,13.0
250933639,250933628,67.0
501019028,767743935,3.0
136507806,6167247292,104.0
136507806,136510152,10.0
777712061,777706218,4.0
777712061,777721760,13.0
267317732,2269259849,5.0
5682688503,531390737,113.0
53932731,1492416105,16.0
711783259,560985149,2.0
4733727848,4733727851,12.0
4733727848,4733727849,2.0
4733727850,4733727849,12.0
4733727851,4733727850,2.0
4733727851,4733727852,8.0
4733727852,4733727863,8.0
4733727863,4733727870,6.0
2266559612,33085913,104.0
4733727870,4733727875,5.0
4733727874,4733727871,9.0
4733727875,4733727874,17.0
781120729,2481930530,12.0
781120729,30287594,40.0
723973403,2621587191,10.0
1900213536,2383215090,32.0
1900213536,33238476,11.0
1900213537,1900213536,92.0
1900213541,989874281,59.0
1900213543,1900213545,7.0
1900213543,775942452,15.0
711783720,711785484,4.0
1900213545,5982185669,14.0
2462381386,2462381390,2.0
2462381389,363400855,5.0
2462381390,2462381389,29.0
723973453,2272186202,22.0
723973453,723973403,17.0
2318333325,4297530214,222.0
2202858907,1833115722,136.0
2202858918,589756676,88.0
2202858921,2202858907,26.0
2202858921,2562266904,45.0
2202858922,122705649,51.0
4510119499,2481930758,5.0
575469226,576824195,23.0
575469226,5221319827,292.0
702478012,702451772,40.0
136509229,136507806,12.0
3394697031,6167441000,6.0
2189358931,2318333325,19.0
3394697044,2190483592,6.0
3394697044,6167441054,12.0
5668009822,283255047,18.0
5668009829,5668009828,20.0
5668009830,207085580,41.0
5668009831,207085598,17.0
5668009832,5668009831,14.0
5668009833,207085897,38.0
5668009828,207085532,39.0
5668009827,5668009826,20.0
5668009840,207085442,16.0
370752605,547586916,63.0
370752605,370752343,10.0
711784381,636708808,5.0
581760975,581761000,72.0
581761000,581752741,22.0
767752170,4061250646,12.0
767752170,938149791,7.0
767752170,368389512,24.0
248969195,1889062696,9.0
267319278,992496487,34.0
267319278,267317332,63.0
248969196,222958329,11.0
248969196,248969198,243.0
248969198,248969212,34.0
248969198,30287591,62.0
248969198,30287592,10.0
248969212,248969215,117.0
248969212,2430634484,82.0
248969213,30287552,58.0
248969215,2936354302,119.0
579401853,5402876157,7.0
1433204920,3198005217,8.0
1433204920,2324025352,8.0
1433204920,5630513726,29.0
4518639874,579966426,420.0
589756676,589763616,62.0
4518639882,4518639874,16.0
151451933,305913666,78.0
2776561964,248746684,158.0
2776561964,248746682,46.0
664380024,664380025,47.0
664380025,664380046,11.0
664380027,664380024,13.0
767752593,767752596,35.0
767752593,371949823,8.0
767752593,493873180,21.0
767752596,3199635545,8.0
767752596,767668329,220.0
767752598,767752599,77.0
767752599,2868682188,55.0
767752603,767752915,102.0
2383215085,777830787,22.0
2383215090,767737689,87.0
2383215099,711333571,11.0
2586245662,247532480,77.0
2586245662,579478640,294.0
579402276,575470188,62.0
579402276,5221319826,130.0
55900730,577396644,376.0
60095042,3804569172,244.0
60095043,60096724,31.0
575470188,60096860,147.0
575470188,579402276,62.0
1889073821,6219293732,15.0
1889073821,4723274546,674.0
136510152,136511965,28.0
767752915,767752955,7.0
579402454,5402876164,21.0
60095204,30220690,15.0
2266561262,1492153097,208.0
767752955,767752598,31.0
746912570,746912571,6.0
746912570,746917828,3.0
746912571,746912570,6.0
746912572,746912571,7.0
746912573,746912572,6.0
746912574,746912573,6.0
746912575,746912574,6.0
746912576,746912575,8.0
746912577,746912576,6.0
746912578,746912577,5.0
746912579,746912578,6.0
746912580,746912579,5.0
746912581,746912580,6.0
746912582,746912581,5.0
746912583,746912582,6.0
746912585,746912584,5.0
746912587,746912586,6.0
746912601,746912600,6.0
746912602,746912601,7.0
746912603,746912602,5.0
746912608,746912609,6.0
4283908177,2236727840,80.0
591199154,92149939,39.0
591199154,591199157,6.0
591199157,579392156,42.0
60095426,576856945,12.0
60095430,60095429,11.0
60095430,6282174096,10.0
60095429,6282174091,16.0
60095437,30220690,7.0
723975136,277363204,10.0
579402725,579401853,29.0
711785484,711784381,91.0
746912793,248266235,395.0
289602599,289602608,55.0
289602608,332544910,86.0
746912859,746912608,2.0
723975301,277363224,4.0
723975301,723975136,18.0
4518640804,4518640807,33.0
4518640807,2140984929,381.0
289602744,289648906,74.0
356449457,222987367,31.0
6167254947,6167254951,88.0
289602822,5232347245,63.0
289602833,289602885,104.0
60095777,1449295057,159.0
289602885,289602822,40.0
60095861,248746681,46.0
370474365,3144850722,4.0
2977758613,60095426,6.0
2977758614,576860018,13.0
60095899,1449316657,4.0
60095899,4157116150,98.0
60095900,60095899,18.0
163642824,92149946,69.0
3683319253,6206809710,110.0
2266562025,4520380521,12.0
2266562025,4520380514,16.0
2266562042,6167285775,9.0
1880686094,781092782,82.0
6167489480,6167489479,10.0
6167489480,6167191726,7.0
6167489480,6167489486,49.0
163642967,163642990,104.0
60096109,576834101,17.0
163642990,163643014,122.0
163643014,163654119,107.0
60096157,60095043,63.0
163643038,163643050,100.0
163643050,163643086,345.0
163643050,575561731,490.0
163643086,163643104,177.0
163643104,163654141,78.0
163643112,163643122,64.0
163643122,163654180,69.0
163643122,163643112,64.0
153681683,299027313,14.0
153681683,477305501,26.0
163643157,163643138,65.0
163643177,1668524077,63.0
60096380,575472740,28.0
60096380,575467530,35.0
287637393,282825748,22.0
287637393,1833123400,18.0
127598515,6206936509,47.0
780992436,780979401,4.0
780992456,781005197,2.0
387921008,387908963,22.0
780992474,777775583,6.0
591435935,591435965,165.0
2975268834,248746913,29.0
2975268834,2975268835,34.0
2975268835,248746923,16.0
319619070,1458422285,33.0
780992532,777787267,4.0
780992562,780992532,13.0
780992582,780979427,4.0
580321412,581717966,23.0
580321413,580321417,163.0
580321413,202659263,1597.0
580321417,581764827,22.0
60096724,60096725,11.0
60096724,60096790,97.0
60096724,576831013,210.0
60096725,60096788,52.0
60096725,60096724,11.0
306905310,310727923,243.0
60096788,576830453,46.0
60096788,60096725,52.0
60096788,60096789,66.0
60096788,576834725,37.0
60096789,60096790,52.0
60096790,576831352,59.0
60096790,60095042,18.0
331415844,331415845,40.0
331415844,250933662,35.0
331415845,250933576,72.0
60096860,5922126223,72.0
60096860,575470188,147.0
60096860,579402725,125.0
3729981790,746917827,1.0
60096993,579499715,121.0
136511965,2188421311,34.0
6167265864,2020835025,3.0
6167265864,6167344367,75.0
6167265865,591431024,6.0
6167265865,2383211235,5.0
6167265866,5827671677,4.0
6167265866,6167265867,104.0
6167265867,6167191738,65.0
6167265869,2383211230,8.0
6167265869,6167265870,4.0
6167265876,1838361821,9.0
6167265876,6167265872,108.0
6167265878,2383211221,7.0
6167265878,6167413259,12.0
6167265879,6167265878,2.0
6167265880,6167265879,2.0
6167265881,1838361788,6.0
6167265881,6167417959,110.0
6167265882,6167236687,7.0
6167265882,6167265881,102.0
6167265883,1838361787,7.0
6167265883,6167265882,8.0
6167265884,6167265883,12.0
2936341079,294628306,197.0
1497170573,577455271,15.0
122749619,1224869049,48.0
163643138,163654180,76.0
306381654,2385153634,9.0
400753521,579999037,5.0
400753521,579999137,225.0
2291073957,6167289312,9.0
2291073957,2181268826,14.0
2291073960,6167289314,5.0
400753574,580001776,7.0
2291073981,6167285783,3.0
2291073981,2291073982,37.0
2291073982,2181268844,114.0
2291073995,2291073996,34.0
2291073995,103116463,104.0
2291073996,6167278774,3.0
2291073998,1492153099,8.0
2291074004,6167278778,48.0
2291074009,1492145781,6.0
4716823526,4716795394,3.0
2207974389,781093481,2.0
2207974407,2365009329,3.0
2266563662,3306876678,9.0
575472740,60096380,28.0
575472740,576824195,87.0
5221319826,5221319827,44.0
5221319826,582798849,41.0
5221319826,579402276,130.0
5221319827,5221319826,44.0
5221319827,575469226,292.0
6167266588,6167266587,33.0
6167266589,6167266588,22.0
6167266590,6167266589,16.0
6167266591,1558806055,10.0
6167266591,6167266590,7.0
6167266591,4120677317,57.0
6167266593,2383211203,10.0
581764394,581760975,302.0
6167266600,2183273512,3.0
6167266606,1457647365,20.0
6167266606,6167266607,105.0
6167266606,591431022,104.0
6167266607,2193369809,9.0
6167266607,6167266606,105.0
6167266607,6167191732,7.0
6167266607,6167191731,13.0
6167266608,174789329,27.0
6167266608,6167413262,104.0
6167266608,2699707720,72.0
6167266609,6167441065,209.0
6167266612,1390338434,6.0
6167266612,6167417953,23.0
6167266622,2841675062,6.0
6167266622,6167266623,5.0
6167266623,2190625303,6.0
6167266623,6167266624,1.0
6167266624,6167266625,3.0
6167266624,2190625303,6.0
6167266625,6167266626,2.0
6167266617,6167266618,7.0
6167266617,6167266616,12.0
6167266627,6167289290,7.0
589759812,301542599,6.0
589759812,122817669,4.0
6167266631,313278217,62.0
6167266631,6167266632,12.0
6167266626,6167266627,3.0
6167266626,2190625300,5.0
6167266632,6167266635,42.0
6167266635,6167266636,5.0
6167266636,6167266637,3.0
6167266637,6167266639,33.0
6167266640,6167266631,12.0
6167266641,2183290188,12.0
6167266644,313278255,30.0
6167266644,6167266640,109.0
6167266647,6167266648,5.0
6167266647,4120677316,47.0
6167266648,6167266647,5.0
6167266648,6167344384,157.0
387908963,259159793,51.0
2473002363,723967382,11.0
2473002365,310944920,7.0
2473002367,2473002365,10.0
2473002369,2473002367,14.0
2473002371,2473002373,5.0
589759919,589763616,4.0
296027574,635530497,123.0
711787999,560985136,22.0
711788005,711787999,5.0
296027679,1492131965,195.0
579405400,591341189,96.0
581764827,581764394,27.0
5636163336,1463620721,55.0
5636163337,1463620639,128.0
709953306,634784031,3.0
1985546061,1725216590,13.0
938149791,767752170,7.0
938149791,5096779233,26.0
363399099,363400584,18.0
702351318,3790949323,26.0
554240021,844489849,7.0
554240022,844488785,49.0
356452387,25635442,94.0
363399252,363399099,23.0
363399252,5406376885,48.0
581765225,580321412,103.0
2358053032,370750746,15.0
2358053047,5635979269,13.0
420022666,248746628,83.0
420022666,248746627,61.0
420022667,30948030,48.0
417270188,2372885311,4.0
4283908894,4283908899,67.0
417270193,241807193,18.0
417270193,547568737,32.0
702351899,3555802211,25.0
702351899,3790949315,17.0
3804564092,248746946,45.0
3804564096,440051926,26.0
3804564118,4157116171,35.0
2358053593,370750443,15.0
1833110269,5827673276,11.0
1833110273,741702230,164.0
1833110274,136514376,48.0
1833110274,2325395502,41.0
1833110277,6167247285,4.0
1833110279,6167254904,6.0
1833110319,1985557960,14.0
356453177,55859661,29.0
136514376,616939286,3.0
581765998,3555802228,54.0
247532480,711773913,22.0
247532480,2304718102,140.0
291965894,591321039,6.0
363400139,363399252,30.0
363400141,2975214867,5.0
363400142,1888086805,18.0
2172718107,76459258,170.0
589499478,591392085,11.0
589499480,589499478,8.0
589499483,6167247310,73.0
306383987,52450483,869.0
579407019,3394728757,16.0
579407019,579393133,114.0
356453558,3216954875,25.0
780995790,54399741,80.0
3419344109,170219402,7.0
289607026,711778937,7.0
289607026,636754479,342.0
363400584,5021236291,64.0
579407285,257485946,32.0
579407287,257485948,28.0
6207245783,580890038,3.0
6207245784,2189398724,98.0
702352971,4633638477,89.0
702352972,702352971,13.0
702352972,702378470,37.0
363400852,363400584,23.0
363400855,6273363795,30.0
55905953,579477592,49.0
589500304,144720250,31.0
331419539,250933595,135.0
2672365492,2481930660,85.0
2672365503,250480662,49.0
2672365503,250480677,27.0
2672365503,2672365492,32.0
746917827,746917828,6.0
746917827,3729981790,1.0
746917828,746912570,3.0
746917828,746917827,6.0
291966932,448076961,37.0
291966939,5957906945,9.0
291966940,5957906941,12.0
746917852,746917853,5.0
746917853,746912603,3.0
36824713,3863773230,29.0
746912584,746912583,6.0
746917965,746912859,2.0
746917966,746917965,16.0
746917966,746917852,4.0
746917968,746917966,4.0
746912586,746912585,5.0
746917972,746917968,5.0
746912588,746912587,5.0
746912589,746912588,5.0
746912590,746912589,6.0
2177831012,2347234664,152.0
2177831012,575539547,39.0
746917991,746917972,5.0
331419757,2249570202,2.0
331419757,248746980,23.0
746912593,746912592,5.0
2177831028,54560946,94.0
746912594,746912593,5.0
746912595,746912594,5.0
746912596,746912595,7.0
746912597,746912596,7.0
746912598,746912597,7.0
746912600,746912598,7.0
579408070,579407287,13.0
579408070,579410717,18.0
589500754,589488572,4.0
589500754,589527696,200.0
163648002,301539192,261.0
589501040,589500754,7.0
501027460,767746312,4.0
501027460,5957906903,208.0
702354055,702354049,14.0
501027465,767693506,47.0
501027469,2200514710,19.0
579408534,846569746,21.0
579408534,579408070,75.0
579408548,579408534,30.0
579408576,2774592864,91.0
174789329,174792823,40.0
588190422,247028852,13.0
1463620356,1463620974,2.0
1463620359,1463656466,199.0
1463620369,4157116156,144.0
1463620369,248746682,141.0
1463620380,1463620807,5.0
1463620385,1463620444,69.0
1463620385,4315299520,91.0
1463620399,1463620819,57.0
1463620411,30948028,124.0
1463620411,443530297,49.0
1463620424,1463620639,15.0
1463620428,1458422330,115.0
1463620436,1463620986,50.0
2296976215,312718297,76.0
2296976215,1725216788,11.0
1463620453,1463620800,39.0
1463620453,1463620953,5.0
2189497200,4544561907,3.0
2189497210,4544561906,14.0
2189497215,2189497243,13.0
1463620472,1463620734,42.0
2189497217,2189497233,12.0
251859846,767584383,8.0
251859846,6167289322,7.0
251859846,3199584808,13.0
2189497233,26034671,67.0
2189497233,2189497243,69.0
2189497243,26034671,18.0
2189497243,589472356,64.0
1463620508,1463620667,39.0
1463620505,1463620523,10.0
1463620523,1458422301,5.0
1463620525,5636125216,2.0
1463620529,1463620424,5.0
1463620537,1463620505,50.0
1463620549,5636123528,3.0
589763533,760180199,62.0
702354384,3218226996,26.0
702354385,702354384,13.0
702354385,127638234,73.0
1463620564,1463620743,8.0
1463620569,1463620622,39.0
1463620571,1463620735,39.0
589763571,571730561,77.0
589763571,589763533,79.0
589763616,1833115722,13.0
589763616,589763586,33.0
1463620639,1463620841,7.0
1463620639,1463620356,9.0
1463620667,4157116176,55.0
1463620667,1982456970,75.0
1463620697,30948182,127.0
1463620717,443297188,64.0
1463620719,1463620743,17.0
1463620721,1463620399,55.0
1463620721,1463620525,62.0
1463620725,1463547090,7.0
1463620734,4313862261,42.0
5422257280,3213448208,24.0
5422257281,5422257280,7.0
1463620735,4315827373,160.0
1463620745,1463620819,33.0
1463620750,1463620911,23.0
1463620754,1463620436,23.0
1463620754,1463547102,5.0
1463620781,30948166,5.0
1463620794,5636163336,2.0
1463620798,250479885,93.0
1463620800,1463620950,89.0
1463620801,1463620469,6.0
1463620809,1463620868,86.0
1463620807,1463620794,7.0
1463620807,1463620745,19.0
1463620819,1463620719,32.0
417273054,241807175,15.0
417273054,3146808108,89.0
1463620837,1463547113,23.0
1463620841,1463620380,129.0
1463620845,1463620907,59.0
733678621,582797994,147.0
1463620853,1463620855,5.0
1463620853,1463620725,4.0
1463620855,1463620938,124.0
1463620855,1463620502,4.0
589763842,122817608,4.0
1463620868,1463620992,59.0
1463620869,1463547083,61.0
1463620894,1463620571,89.0
1463620895,1463547112,80.0
1463620895,1463620910,15.0
1463620907,1463620503,16.0
1463620910,5656845890,1.0
1463620911,1463620754,4.0
1463620911,1463620853,104.0
1463620935,1463620717,10.0
1463620938,1463620952,42.0
1463620940,5636163337,2.0
3313046869,2174950855,10.0
3313046870,6167191686,5.0
1463620947,1463656479,2.0
1463620947,1463656453,3.0
1463620953,3881388075,13.0
1463620950,1463620750,50.0
1463620952,1458418020,74.0
1463620954,1463620895,15.0
1463620974,1463620549,7.0
1463620982,1463620529,46.0
1463620986,1463620569,89.0
589501821,36822339,8.0
589501824,1479905364,8.0
1463620992,1463620621,103.0
589501836,1479928062,5.0
2185303481,257506658,3.0
2185303481,1888086822,4.0
2185303492,387266370,60.0
2185303494,387266428,102.0
1985549817,1985549818,107.0
1985549818,1985549819,36.0
1985549819,6206995797,161.0
1985549819,370230657,59.0
1985549820,1985549832,12.0
1985549821,1985549817,15.0
1985549832,2005895268,9.0
1985549834,3208518299,81.0
1985549834,1985549836,11.0
1985549836,1985549838,54.0
1985549838,1985549820,88.0
628823578,233562064,83.0
137172657,247277261,43.0
137172748,777737621,7.0
331421479,248746943,7.0
777721749,777706221,63.0
777721760,777721819,4.0
777721760,777787267,118.0
777721819,777721838,5.0
331421735,331421479,52.0
496572527,493873679,36.0
496572534,493873679,127.0
496572549,153681683,9.0
3729987756,248746910,40.0
301537530,301537533,56.0
301537532,301537533,13.0
301537533,6024224413,31.0
301537533,6024224416,43.0
301537534,4049565155,25.0
301537535,301537539,33.0
301537539,560986691,41.0
301537541,2222040558,21.0
301537542,560986728,8.0
301537545,301537546,12.0
301537545,560986804,69.0
301537546,560986784,8.0
583473687,781118652,27.0
583473687,2481930530,21.0
477305501,493873691,30.0
247012040,6167344520,44.0
3589872333,373651914,35.0
247012058,247012040,21.0
26680057,571459351,94.0
26680057,1224872742,89.0
26680059,26680057,77.0
1985551132,1985549834,13.0
579410717,579410795,37.0
3788315450,579405400,115.0
3788315451,3788315452,86.0
3788315452,163648002,5.0
814816061,741702104,115.0
814816065,1449355139,24.0
4297530195,2204643319,61.0
4297530197,4297530195,141.0
4297530201,233315030,94.0
4297530201,4297530197,83.0
4297530202,580090245,23.0
4297530203,4297530204,149.0
4297530204,4297530207,95.0
4297530207,2204643315,127.0
4297530207,4297530208,2.0
4297530208,4297530209,2.0
4297530208,233314776,127.0
4297530209,4297530218,197.0
4297530210,652430413,43.0
4297530210,4297530207,2.0
4297530211,30287464,2.0
4297530213,4297530210,2.0
4297530214,30287464,2.0
4297530218,871135414,2.0
4297530224,55859649,146.0
4297530227,55861404,13.0
4297530226,302135273,165.0
4297530226,302135272,2.0
448076959,233315133,68.0
448076960,291966939,36.0
448076961,3208517859,6.0
1865096363,767670317,13.0
247012597,247012058,21.0
331416637,260907242,101.0
598154601,591431020,16.0
1833115014,777788326,80.0
2174950791,2174963232,100.0
2174950792,6167191689,9.0
2174950792,3945799034,6.0
2174950793,6167191685,4.0
2174950796,2174950791,6.0
2174950796,2174963245,111.0
1833115018,1833115014,14.0
589766049,589763842,4.0
2174950855,4315294437,5.0
2174950855,2174966087,7.0
2174950856,2442297401,9.0
801840602,3215191995,79.0
3804569171,356099773,52.0
3804569171,4005718489,13.0
3804569172,30385747,16.0
553459306,5682688503,11.0
553459306,3743608246,25.0
364846732,224750410,53.0
364846732,871135414,54.0
260906765,260907394,16.0
260906765,260906785,36.0
260906765,260906776,57.0
260906776,260906820,99.0
260906776,260906765,57.0
260906780,1462398856,3.0
260906780,746909156,68.0
260906800,260906785,73.0
260906805,260906800,77.0
781082264,781082267,38.0
260906811,260906805,76.0
260906816,260906811,77.0
260906820,781082264,12.0
260906825,260906776,224.0
301539191,92149934,46.0
579411832,847530926,22.0
301539192,163642824,34.0
2279153639,2189478938,103.0
2279153644,2279153657,21.0
2279153657,4746122984,24.0
746921973,3268160215,133.0
746921984,746922230,11.0
746921984,733678621,14.0
1833115722,1833115725,24.0
1833115722,297178797,54.0
1833115725,122705038,11.0
174792823,174796824,8.0
30220444,767668329,12.0
30220444,1691676471,10.0
30220445,746428618,79.0
746922193,746921984,9.0
260907218,260907223,112.0
260907223,260907252,56.0
260907242,250933574,27.0
746922230,746924352,8.0
457777462,452381260,101.0
2339053897,589499483,6.0
260907394,260906765,16.0
260907394,260907398,61.0
260907398,304536741,29.0
260907398,260907394,61.0
260907401,4353912828,51.0
260907401,4353937735,10.0
30220684,372998488,61.0
30220690,576868445,10.0
30220690,576859101,3.0
30220702,527842694,50.0
30220702,6221450549,6.0
30220702,241807173,100.0
588194210,247032073,21.0
660546014,370750746,35.0
588194334,2384091391,49.0
588194357,588194210,114.0
3938525751,847532233,3.0
5002595019,5002595018,20.0
5648622173,1996608006,10.0
4735836846,4735836883,25.0
4735836857,4740822057,7.0
4735836857,4740822068,12.0
4735836858,4740821316,5.0
4735836881,4735836882,49.0
4735836882,4735909090,22.0
598155989,591431033,9.0
598155989,598156479,81.0
35726391,2613010008,9.0
598156479,846546009,16.0
2700682439,2700682443,8.0
2700682439,243434000,20.0
2700682440,2700682445,51.0
2700682443,1588112477,10.0
363406542,2353534946,7.0
2700682442,2700682440,46.0
598156578,846545709,4.0
283059741,31477172,50.0
4520380528,2189162942,6.0
4520380528,2189145404,5.0
591341189,3148722379,26.0
581772949,581778402,57.0
581772949,5301568579,104.0
247277261,571377469,48.0
30286987,3285622990,54.0
385165474,233270916,17.0
1833117901,1725216520,105.0
746924351,575556336,212.0
746924351,575561666,16.0
746924352,746924351,2.0
746924352,575570529,30.0
163654119,163643038,130.0
1713449449,5680175093,10.0
1713449449,241807177,14.0
1713449450,2325395496,52.0
1713449451,660546014,82.0
1713449451,370751058,17.0
1713449452,2975544023,36.0
1713449452,1713449453,21.0
1713449453,2325319093,91.0
163654141,163654164,69.0
746924542,6131956021,3.0
163654164,1496246573,55.0
163654180,163643122,69.0
5587544638,591435936,11.0
385165916,1148837660,14.0
25635442,356479566,40.0
25635442,934024695,98.0
25635443,227316218,48.0
2314545794,493053633,14.0
746924716,575570427,48.0
746924730,6226313833,11.0
746924730,493348868,106.0
746924731,746921973,19.0
746924731,746924730,9.0
2020813831,6167489451,5.0
2020813831,6167489457,9.0
2020813837,2020813891,14.0
2020813843,3945799005,4.0
2020813843,6167489464,8.0
2020813849,6167231032,9.0
2020813849,2020813871,13.0
2020813855,6167489436,9.0
2020813858,2020813843,14.0
2020813862,6167489434,50.0
2020813869,6167236648,7.0
2020813871,2020813869,12.0
2020813871,6167489442,9.0
2020813873,2021108591,29.0
2020813875,2020813849,12.0
2020813891,6167489475,9.0
2020813891,6167489468,3.0
2020813895,6167489437,70.0
1449316657,1449316603,10.0
1449316657,1449308548,18.0
1449316659,1449316621,52.0
1449316667,60095899,6.0
1449316667,1449316659,30.0
1838361782,6167191735,105.0
1838361782,5827671676,7.0
1838361784,1838361789,7.0
1838361784,6167236659,4.0
1838361787,6167236687,8.0
1838361787,2187770691,4.0
1838361788,2187770703,4.0
1838361789,1838361787,12.0
1132014788,1132057274,111.0
1838361797,6167266616,10.0
301542599,3743608239,20.0
301542599,589759812,6.0
301542605,760180197,62.0
1838361805,6167413260,4.0
588197075,588197070,6.0
1132014804,1132014861,4.0
301542621,1217532917,11.0
1838361821,2187874242,4.0
1132014819,1132053699,4.0
1132014823,1132014844,8.0
1132014824,1132014848,4.0
1132014844,1132014900,5.0
588197119,588197151,2.0
588197119,588197149,3.0
1132014848,2347007243,8.0
588197121,588197120,7.0
588197120,588197148,3.0
588197122,588200619,4.0
1132014861,3199579113,1.0
588197147,588197310,2.0
588197148,588197147,7.0
588197149,588197150,8.0
588197151,588197262,3.0
588197150,588197217,2.0
1132014900,1132014804,3.0
4698484052,6097153881,27.0
4698484053,6143862337,3.0
588197212,588200381,2.0
4698484073,128882422,60.0
4698484073,4698484052,34.0
368389510,368390007,95.0
368389510,368389512,53.0
368389512,767752170,24.0
368389512,368389510,53.0
588197261,588197212,3.0
588197262,588197312,3.0
588197264,588197217,3.0
2365009329,33317568,10.0
588197310,588197264,3.0
588197315,588197261,3.0
588197312,588197120,2.0
33238476,312718901,32.0
33238480,1881118510,10.0
33238480,1888086803,5.0
33238508,33238509,18.0
33238509,370243956,85.0
3895976703,373648298,299.0
3895976703,129549424,215.0
368389680,767820210,127.0
368389680,767746312,34.0
581775051,581775087,27.0
581775087,400753574,37.0
370749206,370474365,47.0
370749206,1449285284,119.0
591212312,1728565028,209.0
370749246,370750312,16.0
370749246,3146808063,49.0
370749268,370749246,120.0
370749268,3146808059,42.0
6097153881,4698484053,47.0
370749284,370751656,14.0
370749284,3146808070,13.0
370749292,1713449449,15.0
368390007,368389510,95.0
368390007,368390158,61.0
1241460740,6226013458,6.0
368390158,368390007,61.0
368390158,767820210,39.0
174796824,174812829,18.0
2200514710,767710278,7.0
2200514710,4294474622,6.0
2200514710,501027465,45.0
2200514713,4294474621,5.0
2200514713,4294474620,6.0
3204395235,3204395236,21.0
3204395236,3204395237,11.0
4976357659,176722502,11.0
4976357659,598049996,9.0
4740821316,4740822024,2.0
4460254039,4260590672,100.0
233255248,361768817,32.0
277164375,6282173382,11.0
277164375,1525908932,133.0
233255272,385165474,36.0
781005197,777778344,3.0
233255310,361770537,47.0
370749847,370750304,109.0
370749847,443298695,16.0
370749848,3146808071,52.0
370749848,370751687,13.0
370749842,370750323,16.0
370749842,370752533,41.0
370749868,1713449450,14.0
370749976,1449289339,31.0
628175395,628175729,34.0
247018024,247018750,19.0
247018054,589036018,44.0
781005396,777773640,2.0
247018102,3191033048,47.0
5646660249,257505351,17.0
5646660249,2975214867,4.0
5646660250,5406376907,16.0
5646660250,257505381,92.0
103101100,591393797,9.0
103101100,591408809,7.0
2975544023,2975544030,31.0
2975544030,248746690,129.0
1833120502,1833120509,8.0
1833120506,1833120524,9.0
1833120507,4460254039,10.0
1833120507,1833120506,6.0
1833120509,1833120507,4.0
1833120520,1833120502,8.0
1833120524,35523917,10.0
1833120524,2096325809,31.0
588198714,588198715,22.0
588198715,588197070,2.0
588198715,588197119,4.0
588198725,588197315,2.0
588198725,588197121,3.0
370750290,2324385463,3.0
370750302,241807392,18.0
370750304,370749842,5.0
370750312,370749206,120.0
370750315,3146808064,64.0
628175729,628176794,25.0
370750323,370750302,4.0
588198775,588198714,7.0
370750324,3144992699,82.0
3130995622,728165672,38.0
49492943,591261651,7.0
49492954,664380203,12.0
49492954,664380189,87.0
370750443,370750324,4.0
373634031,1728565033,73.0
4740822045,4735836882,1.0
4740822049,4740822045,7.0
4740822053,4735836846,1.0
4740822057,4740822058,8.0
4740822058,4735836854,9.0
4740822067,4740822049,30.0
4740822068,4740822067,5.0
370750526,370750708,7.0
301544524,301542621,56.0
301544528,6200183409,105.0
301544535,301544536,59.0
301544536,6200184392,6.0
581776477,581775051,34.0
301544549,554240021,7.0
387921006,387921009,43.0
387921006,387921005,60.0
387921005,387921008,40.0
387921009,1668523264,60.0
301544568,844482225,36.0
581776547,581772949,42.0
581776547,581776477,535.0
581776548,581776547,32.0
6167278773,2291074004,3.0
6167278774,6167279389,81.0
6167278778,1492145846,20.0
370750696,370750526,10.0
370750698,547573220,49.0
370750698,370750696,14.0
370750701,5257193653,4.0
370750708,547568822,28.0
781137142,781093347,32.0
370750714,370750991,7.0
247018750,247018765,13.0
247018765,247012597,9.0
2304718102,711766722,187.0
2304718104,2304718106,19.0
2304718106,2613024047,13.0
2304718106,91970805,63.0
370750748,2358053032,3.0
370750746,2358053047,3.0
370750747,370750701,112.0
370750747,370750714,15.0
34157905,2766300604,60.0
34157905,30220444,14.0
1985557912,26034673,15.0
1985557921,26051949,17.0
1985557921,6206949955,33.0
1985557927,595594352,14.0
1985557929,1985557921,74.0
1985557931,26051952,16.0
1985557931,6167191155,106.0
1985557933,1985557935,44.0
1985557935,1985557931,27.0
1985557938,1985561684,7.0
1985557960,6167344507,7.0
1833121231,34909156,55.0
2936354302,1404219801,8.0
2936354302,1521014625,38.0
370750977,370751503,109.0
370750991,3146808080,34.0
370751058,417270193,17.0
370751058,4287120807,131.0
5827671676,6167266606,5.0
3419354750,6167357854,13.0
3419354751,6167359505,7.0
3419354751,589472358,8.0
3419354758,317537930,8.0
3419354758,6167357855,9.0
3419354761,6167236671,10.0
3419354762,1713460710,9.0
3419354762,6167357852,9.0
137180950,1725216525,21.0
6167279389,1492153094,8.0
387266338,259616751,19.0
387266341,387266338,87.0
6167279401,6167279404,58.0
6167279409,6167279410,8.0
6167279410,6167441039,57.0
6167279408,2291073981,20.0
6167279408,2181268837,19.0
387266357,2185303494,54.0
6167279418,2291073995,49.0
301545277,1560149567,2.0
387266370,387266447,9.0
387266371,387266443,118.0
387266384,387266446,38.0
137181013,1725216340,7.0
387266428,387266341,56.0
387266443,488879346,48.0
387266443,387266384,56.0
387266445,4996764095,4.0
387266446,387266445,9.0
387266447,289597255,13.0
628176794,628177784,33.0
137181091,367849048,14.0
137181091,4419701256,113.0
137181126,367849057,109.0
370751497,3144992720,75.0
370751499,370749847,10.0
137181198,367849063,62.0
370751503,370751499,9.0
257505381,257505382,17.0
370751614,370749848,6.0
370751648,241807394,9.0
370751653,241807179,14.0
370751656,370749268,117.0
370751656,370751653,14.0
370751687,370750977,4.0
1889089757,2384091380,14.0
2191735054,2191735060,8.0
2191735054,2191735055,125.0
2191735055,2191735056,4.0
2191735058,2191735056,8.0
2191735060,2191736653,5.0
370751779,547588442,28.0
370751779,370751793,12.0
370751780,370751788,4.0
370751788,370751779,7.0
370751789,3144850934,65.0
370751793,370751789,12.0
373635381,305876854,147.0
364329376,137181013,6.0
588200381,588197122,3.0
628177517,628177510,79.0
2885237377,2885237376,6.0
2885237376,2885198474,66.0
588200619,588197075,2.0
370752171,3146808063,16.0
370752343,547568767,61.0
370752343,370752605,10.0
4518394737,30942260,40.0
628177784,628177517,41.0
370752408,547568767,58.0
581778402,581779584,25.0
581778402,641024830,15.0
370752533,547586916,59.0
370752533,2358053626,14.0
251083833,580160001,14.0
251083833,3790886018,32.0
1358380090,576843200,64.0
1426013259,41675706,11.0
1426013259,1905004303,269.0
3555802206,3790949312,17.0
3555802208,3555802214,25.0
3555802211,3555802208,15.0
3555802212,702376470,4.0
3555802214,3555802228,5.0
3555802214,3555802216,21.0
3555802216,3555802227,19.0
224738413,2372885312,32.0
3555802227,3555802206,9.0
3555802228,581765225,16.0
3555802228,3555802212,3.0
3555802228,3555802214,5.0
3555802229,3555805912,11.0
224738431,493051207,42.0
547568767,370752343,61.0
547568767,3146808075,116.0
709966972,709966960,48.0
547568785,3146808075,47.0
224738452,227316012,49.0
224738476,224761617,56.0
247020723,6167344525,63.0
547568822,547568785,27.0
5827673276,591429485,15.0
5827673276,2165149751,11.0
547568845,1449316618,107.0
168377553,168396901,36.0
168377580,168398786,39.0
1327054079,589431885,51.0
1327054088,1327098203,6.0
547568911,373003028,82.0
1327054098,1327054088,16.0
257506570,1879216504,18.0
257506582,5646660249,6.0
107167028,664379581,4.0
107167047,107167028,15.0
107167064,107167047,5.0
547568994,4693156399,131.0
257506658,363400142,23.0
257506661,2353534938,7.0
125386156,306381654,84.0
125386156,137148242,192.0
709967340,709967319,38.0
1833123396,282825893,4.0
1833123397,282825905,6.0
1833123398,781114182,29.0
1833123398,282825841,12.0
1833123400,1686719009,11.0
5172837974,2692003113,11.0
576824181,576840457,13.0
317537930,6167357854,10.0
317537930,26034668,14.0
137182987,677245570,15.0
5827673889,298045595,77.0
2191736649,2191736651,40.0
2191736651,2191736652,30.0
2191736652,591212312,8.0
2191736653,2191736649,44.0
418987991,683138398,9.0
418987991,2457712022,134.0
34160610,767671823,29.0
2189377507,4283908122,9.0
34160613,34160616,16.0
34160613,5642310406,113.0
34160616,2766300598,106.0
34160619,5096779234,17.0
2189377522,5290706362,2.0
4283908114,2189358931,5.0
4283908114,4297530213,245.0
4283908116,4283908114,24.0
4283908122,2189382617,24.0
4283908124,30945575,19.0
4283908126,4283908124,4.0
4283908128,6219293732,12.0
4283908129,4283908128,4.0
4283908130,241807173,21.0
4283908131,4283908133,4.0
4283908132,4283908130,4.0
4283908133,4283908132,15.0
4283908133,417273054,22.0
4283908135,4283908133,158.0
4283908136,5290713857,18.0
4283908137,4283908136,4.0
4283908137,4283908135,61.0
4283908138,4283908139,4.0
4283908138,2189377507,112.0
4283908139,4283908144,15.0
4283908140,2372885312,24.0
4283908142,5290713856,210.0
4283908143,2189398745,7.0
4283908143,4283908138,15.0
4283908144,4283908143,4.0
4283908144,4283908159,98.0
4283908145,4283908142,26.0
4283908149,4283908151,17.0
4283908151,2237581543,107.0
4283908152,4061053461,59.0
4283908153,4061053474,9.0
4283908154,2236727768,52.0
4283908154,355819035,146.0
4283908155,4283908152,192.0
4283908156,4283908157,106.0
4283908157,4283908158,69.0
4283908158,4283908163,140.0
4283908159,2317966814,6.0
4283908159,4283908162,6.0
4283908160,4283908143,100.0
4283908162,2317966813,21.0
4283908162,2189398730,27.0
4283908163,2237521747,16.0
4283908165,4283908167,6.0
4283908166,2237521759,3.0
4283908167,4283908169,2.0
4283908167,4283908166,8.0
4283908168,2236727775,72.0
4283908172,4283908171,3.0
4283908171,2237521754,36.0
4283908170,4283908174,68.0
4283908173,5167159986,39.0
4283908173,2236727832,89.0
4283908176,2239389713,13.0
4283908174,4283908175,74.0
4283908178,4283908176,17.0
4283908175,2236727788,69.0
4283908179,277362806,98.0
4283908179,4283908181,97.0
4283908181,4283908182,6.0
4283908182,277362806,10.0
4283908182,4283908184,4.0
4283908183,4283908180,89.0
4283908184,2089593074,8.0
4283908184,4283908182,4.0
4283908184,4283908183,8.0
4283908186,4283908890,45.0
4283908187,277362814,14.0
4283908180,277362770,16.0
4283908180,4283908177,124.0
4283908188,903976210,11.0
2481930362,2481930364,20.0
2481930364,2481930366,14.0
2481930366,127538423,299.0
581779584,5301568583,21.0
52510917,30286983,13.0
243963300,2768660746,77.0
243963300,265516842,102.0
1889485053,1889062900,2761.0
818102529,291483922,7.0
818102529,2586245662,155.0
4451156232,114569880,3.0
2481930530,583473687,21.0
2481930530,781120729,12.0
26034521,595594366,12.0
26034526,6167236637,7.0
26034528,163364625,54.0
26034529,2189145402,6.0
26034533,6167489454,7.0
26034533,2020813831,14.0
26034534,4520380526,7.0
26034535,164063139,64.0
26034540,659636292,56.0
26034544,4520380536,6.0
21578114,579495286,41.0
26034576,387153023,102.0
2481930660,2481930665,37.0
2481930661,2481930665,36.0
2481930662,2481930661,37.0
2481930664,2481930662,43.0
2992062894,1492410203,43.0
2481930669,250480659,25.0
2481930672,2481930673,38.0
2481930673,2481930669,91.0
636699082,560985136,9.0
3130999246,728165673,18.0
3130999251,3130999246,35.0
26034664,767582148,45.0
26034668,6167236671,6.0
26034671,6167357856,11.0
26034671,3419354758,103.0
26034672,6167344542,4.0
26034673,6167344376,8.0
6167413242,6167357862,103.0
6167413242,2189478938,11.0
6167413246,255058363,27.0
6167413247,6167344592,105.0
6167413247,6167413246,42.0
6167413248,589402289,105.0
6167413248,6167413247,6.0
6167413253,6167413254,6.0
6167413254,1985557933,33.0
6167413254,3367904406,15.0
6167413255,6167344370,30.0
6167413259,6167265876,104.0
6167413259,1838361805,7.0
6167413260,6167413261,4.0
6167413261,6167413262,7.0
6167413261,6167413260,4.0
6167413262,6167266608,104.0
6167413262,6167413261,7.0
6167413262,6167413264,97.0
6167413264,6167413265,14.0
6167413265,598400059,4.0
6167413269,4326586212,10.0
6167413273,6167489463,9.0
6167413278,4520380532,10.0
6167413280,2279006915,5.0
6167413280,6167413281,42.0
6167413282,145207767,69.0
6167413281,6167413282,35.0
2481930795,5563404264,115.0
2481930795,3097222872,87.0
4442505890,591233716,6.0
4442505890,92149884,440.0
301548220,301548221,77.0
301548221,493051212,36.0
301548221,356453558,52.0
301548223,301548220,81.0
301548226,4936954236,43.0
498680515,1521014625,28.0
498680517,1257406547,73.0
3218293527,781093248,47.0
4283908889,2227263908,5.0
4283908889,4283908160,201.0
4283908890,4283908894,47.0
4283908893,4283908889,46.0
4283908898,6167359485,18.0
4283908898,1449431432,4.0
4283908899,1449431465,14.0
4283908899,4148228278,10.0
846545709,845658418,3.0
3218293556,1833123396,30.0
3218293559,3218293556,45.0
641024830,5301568582,32.0
846545732,846546009,14.0
846545732,846546204,8.0
6138708862,615176175,11.0
6138708866,4305342598,33.0
6138708866,6138708862,31.0
577455101,577356695,161.0
498680831,248746689,140.0
5276517410,1879021160,24.0
5276517410,650269226,130.0
1985561682,741702160,6.0
1985561682,741702228,6.0
1985561684,6167254954,8.0
1985561684,1985561682,4.0
846546009,846545732,14.0
846546009,846546192,144.0
846546009,846546790,8.0
846546021,598155989,5.0
577455248,266739858,21.0
577455271,266739818,27.0
577455289,577455293,12.0
577455293,577455294,4.0
577455294,3810929408,31.0
247022862,247020723,41.0
709707024,400738477,114.0
846546192,845692578,5.0
846546192,2705184149,7.0
846546204,846545732,8.0
846546204,4162427915,112.0
846546205,846546260,8.0
247022886,247022862,32.0
6167440990,6167440991,97.0
6167440992,4544037561,7.0
6167440992,6167440993,12.0
846546260,846546788,5.0
6167440993,6167440994,7.0
370230657,366082639,30.0
21579160,577458200,181.0
21579166,3085953482,259.0
21579166,576879388,38.0
1900234214,2992062894,4.0
1900234214,1492410178,43.0
6167441030,6167441031,4.0
301549266,222975227,47.0
301549266,2029614911,20.0
301549275,2213981040,2.0
301549275,333901615,20.0
301549275,361282276,29.0
301549282,222976606,76.0
301549282,227315809,49.0
6167441076,6167441075,17.0
5231691588,5231691589,25.0
5231691589,5457962366,4.0
3279505240,5402876180,36.0
5231691614,5448707282,5.0
5231691614,206204625,453.0
846546788,846546260,5.0
846546788,845692578,4.0
846546790,2705184149,144.0
846546790,591435542,8.0
2247182215,6167191709,12.0
846546859,846547080,12.0
846546859,846546860,4.0
846546860,736011451,5.0
846546861,991978006,5.0
547568737,547569034,51.0
547568744,547568737,45.0
628180987,579504501,44.0
5276518425,650274000,36.0
3881388075,1463620869,26.0
628181052,628180987,22.0
5232347245,289597256,11.0
846547080,846567423,10.0
577456442,577456443,16.0
577456442,577456446,6.0
577456443,577456444,7.0
577456443,577456442,16.0
577456443,3085953489,5.0
577456444,577456466,8.0
577456446,577456442,6.0
577456446,577456447,19.0
577456447,577456439,7.0
577456447,577456446,19.0
577456465,577456439,2.0
577456465,4380043470,27.0
577456466,576874718,15.0
6167152987,2189145387,104.0
2392803738,278912937,15.0
2392803738,938091424,11.0
1463620469,1463620940,7.0
1463620474,1463620837,50.0
4419701256,1492410192,5.0
1686719009,282825760,21.0
1686719014,1686719032,15.0
1686719032,287637393,4.0
1728565030,157861192,6.0
2096319043,1253853406,26.0
1833126495,1833126500,57.0
1833126498,2640745799,35.0
1833126498,1833126495,13.0
1833126500,287629328,31.0
1833126500,282825839,57.0
6200183409,6200184392,75.0
6200183410,36823672,41.0
6200183481,2202858922,90.0
3555805908,3555805915,11.0
3555805912,3555805908,6.0
3555805915,702351318,35.0
247417580,2798330940,16.0
709970691,709972143,66.0
709970691,709974145,16.0
3790949312,3555802229,8.0
3790949312,702351899,12.0
3790949315,3790949321,8.0
3790949315,702351899,17.0
3790949319,130039434,8.0
3790949321,3790949315,8.0
3790949321,3790949319,10.0
3790949323,702351342,17.0
247024616,247028711,26.0
577457184,576879096,31.0
652430413,233275077,53.0
652430415,652430417,38.0
652430415,233314824,108.0
577457231,577457233,35.0
652430417,233314855,17.0
577457233,576879097,41.0
2281655420,498680515,6.0
3191033048,589036018,27.0
1463620621,1463620935,94.0
1463620622,1463620453,4.0
2970963296,206204624,219.0
2970963296,206204625,100.0
170216835,356083726,46.0
170216836,170217605,17.0
233262488,2090732592,55.0
233262501,233262526,72.0
233262526,333901615,70.0
3306900958,2189145406,53.0
547573220,3144992716,32.0
247025142,588190422,7.0
233262588,233262488,103.0
233262607,440506785,30.0
233262622,2789606895,53.0
2174963232,6167417906,5.0
2174963236,6167191716,4.0
2174963237,3945799036,4.0
2174963241,2174963251,192.0
2174963245,4315294435,4.0
2174963246,6167230987,3.0
2174963246,6167230986,3.0
2174963249,3945799031,6.0
2174963249,3945799026,3.0
2174963251,2174963254,5.0
2174963251,589703443,5.0
2174963254,589708331,4.0
2174963254,2174963236,194.0
2174963257,6167191690,6.0
2174963257,6167191714,26.0
6200184392,827048477,87.0
6200184392,844496533,111.0
233262696,4297530202,2.0
233262762,630463849,32.0
2324385463,370750304,18.0
233262776,3420939994,42.0
2190560994,2190560999,4.0
2190560994,4326586210,6.0
2190560995,4326586188,4.0
2190560996,4326586193,6.0
2190560996,2190561002,4.0
2190560999,4326586206,5.0
2190560999,2190560998,4.0
2190561000,2190560994,4.0
2190561002,2190560995,3.0
2190561002,4326586192,6.0
593055517,3066173175,48.0
2358071076,3774998963,47.0
2358071077,2358071076,44.0
593055535,2776394277,6.0
593055535,2776394279,9.0
2991935465,708717112,95.0
6167285761,387266371,2.0
6167285761,2291073998,166.0
6167285762,2189149376,116.0
6167285762,6167285761,48.0
6167285770,6167441032,105.0
6167285771,6167441031,105.0
1132023816,1132023814,4.0
1132023816,377544593,63.0
1132023814,1132023820,3.0
6167285775,4520380505,12.0
6167285783,2291073981,3.0
6167285783,176684166,49.0
6167285784,2190483590,11.0
577458194,577458199,36.0
577458199,577458200,39.0
577458200,577458199,39.0
827019327,827020051,46.0
170217605,2016383845,72.0
709972143,1224869661,134.0
2459914486,2174963257,151.0
506155264,506043053,5.0
5511139621,6167357850,55.0
2970964556,1889073821,779.0
107172439,664379117,13.0
107172451,196906311,168.0
827020051,827020189,12.0
349918075,331416637,141.0
1879266190,4418536088,12.0
827020189,91971021,150.0
2189382591,5290706353,7.0
2189382609,2189382591,16.0
2189382617,2189382591,10.0
3213448162,3213448165,15.0
3213448165,3213448168,18.0
460411875,2213857170,31.0
3213448168,3213448169,31.0
3213448169,6167441020,38.0
3213448172,3213448174,32.0
3213448174,6167441027,41.0
3213448176,2325395494,12.0
3213448208,5427967032,6.0
6167417888,6167417889,4.0
6167417888,3313046869,79.0
6167417891,6167417889,5.0
6167417892,6167417891,4.0
6167417893,6167417892,3.0
6167417895,6167417893,5.0
6167417896,6167417895,4.0
6167417896,6167417909,43.0
6167417898,6167417899,2.0
6167417899,6167417900,2.0
6167417900,6167417901,6.0
6167417901,6167231005,6.0
6167417902,6167417907,6.0
6167417903,6167417902,6.0
6167417904,6167417903,6.0
6167417905,6167417904,2.0
6167417906,6167417905,3.0
6167417907,2324025352,20.0
6167417909,6167230999,44.0
6167417917,6167417896,47.0
6167417918,6167417917,47.0
6167417920,26034535,106.0
6167417920,6167417918,31.0
6167417921,6167417920,14.0
6167417923,6167417921,93.0
6167417924,6167417923,42.0
6167417925,6167417924,61.0
6167417926,3202364312,4.0
6167417926,6167417925,22.0
6167417927,2189145401,106.0
6167417927,6167417926,7.0
6167417928,4520380527,106.0
6167417928,6167417927,7.0
6167417929,6167417928,4.0
6167417930,6167417929,6.0
6167417932,6167417930,43.0
6167417933,6167417932,82.0
6167417934,6167417936,9.0
6167417935,6167417934,24.0
6167417935,6167489456,98.0
6167417936,6167417933,53.0
6167417940,6167417935,8.0
6167417940,6167489455,99.0
6167417941,6167417940,14.0
6167417942,6167417941,8.0
6167417942,6167489453,100.0
6167417943,613315545,28.0
6167417943,6167417942,83.0
6167417944,6167417943,28.0
6167417945,6167417944,96.0
6167417945,6167440987,99.0
6167417946,6167441059,99.0
6167417946,6167417945,7.0
6167417947,6167417946,6.0
6167417947,4326586204,109.0
6167417948,4326586205,3.0
6167417948,6167417947,4.0
6167417949,6167417948,5.0
6167417950,6167417949,7.0
6167417950,6167441061,99.0
6167417957,2187980390,5.0
6167417957,6167417956,2.0
6167417958,6167417957,3.0
6167417959,6167417958,6.0
6167417959,6167265880,5.0
6167417961,6167417959,109.0
6167417962,6167417961,100.0
6167417963,6167417962,7.0
6167417964,6167417963,15.0
6167417965,6167344521,6.0
6167417965,6167417964,6.0
6167417966,6167417965,64.0
6167417967,6167417969,26.0
6167417968,6167417976,56.0
6167417969,6167417966,35.0
6167417976,6167417967,27.0
6167417977,6167417968,4.0
6167417978,2187983887,6.0
6167417978,6167417977,17.0
6167417979,6167417978,6.0
6167417980,6167417979,58.0
6167417981,6167417980,31.0
6167417982,6167418088,14.0
6167417983,6167357858,4.0
6167417983,6167417984,40.0
6167417983,6167418090,11.0
6167417984,6167417982,24.0
2653377674,2653377676,23.0
2653377676,2975229842,8.0
6167418088,6167417981,41.0
6167418090,6167417983,11.0
6167418090,2189497217,27.0
6167418091,6167418090,13.0
6167418092,588236802,3.0
6167418092,6167418091,5.0
577459441,577458190,638.0
310727923,290048306,34.0
2716423442,2716423452,35.0
2716423449,2716423442,60.0
2716423452,6207106563,120.0
1713460586,2237633849,82.0
1713460586,6221450535,11.0
703550857,319159694,8.0
777737621,777742438,92.0
6207002042,299029572,12.0
6207002055,6207002042,69.0
1713460710,317537930,10.0
168384014,168384030,99.0
168384014,168385919,26.0
168384030,6167489427,44.0
364860960,4305342595,21.0
781145741,5785557614,62.0
364861092,364861168,39.0
283334320,282825815,13.0
364861168,571730335,93.0
283334480,283334284,57.0
170219377,2189398733,123.0
170219384,4283908126,22.0
170219384,170219402,152.0
170219402,170219377,51.0
170219402,376145063,64.0
709974145,448103596,18.0
5402876141,5424203734,3.0
5402876146,5402876141,43.0
5402876147,5402876146,7.0
5402876149,5402876147,43.0
5402876157,5402876542,171.0
5402876164,5402876542,157.0
5402876165,266737144,197.0
5402876167,5402876166,5.0
5402876167,3279505240,39.0
5402876168,5402876166,21.0
5402876171,5402876201,22.0
5402876180,5402876195,22.0
5402876195,5402876524,6.0
5402876198,5402876199,19.0
5402876199,5402876171,15.0
5402876201,5402876532,21.0
2174966079,6167417906,2.0
2174966087,6167417898,2.0
2950388058,579478395,693.0
2950388105,2950388058,4.0
2950388105,579478363,714.0
591354267,92150545,9.0
2227263908,268533990,41.0
2227263908,4746121967,11.0
5427911108,1725216333,112.0
356080190,1404221279,7.0
5402876524,5402876533,46.0
5402876526,5402876531,4.0
5402876530,5402876529,5.0
5402876531,5402876530,3.0
5402876532,5402876541,4.0
5402876533,5402876534,33.0
5402876534,5402876532,10.0
5402876536,5402876526,17.0
5402876537,5402876536,4.0
5402876538,5402876537,4.0
5402876539,5402876538,4.0
5402876540,5402876539,3.0
5402876541,5402876540,4.0
5402876542,5402876167,118.0
5402876545,582787049,160.0
349920059,443274284,6.0
2372885311,534017209,78.0
2372885312,2372885314,25.0
2372885313,241807192,5.0
2372885314,223007318,23.0
591354690,92149931,6.0
591354710,92149924,9.0
349920091,1463547020,3.0
4320615301,4315295090,61.0
373644207,373649798,182.0
247028658,6167344535,27.0
723964991,310944071,5.0
247028711,247028658,29.0
2384157684,561538874,5.0
2399230968,301548226,30.0
2569100356,2569100353,9.0
2569100354,248746934,46.0
2569100354,2569100355,8.0
2569100353,2569100354,8.0
2569100355,2569100372,11.0
247028810,247024616,34.0
2368035914,628761345,22.0
356080719,2312383364,173.0
2569100372,4157118500,191.0
247028852,247028810,41.0
844455131,560989610,13.0
836066530,844489850,3.0
591224041,277117986,8.0
591224041,41675664,130.0
91970805,2304718106,63.0
91970805,377541452,71.0
2190564625,4326586216,4.0
2190564626,2190564628,4.0
2190564628,4326586220,6.0
2190564628,2190564625,4.0
355818807,129952492,51.0
355818807,129953571,55.0
355818807,2970964556,566.0
356474167,227324467,30.0
355818813,686217256,29.0
493051199,223007282,84.0
493051207,223007282,40.0
493051212,356449457,111.0
355818836,1404234340,46.0
355818836,4110787845,49.0
355818836,4110787847,4.0
355818845,2967053348,22.0
4380043477,577455248,27.0
168385919,168377553,28.0
493051265,129288610,9.0
493051265,224761654,43.0
243096971,846567658,6.0
243096971,662741000,69.0
356474260,227324534,32.0
252587840,576868170,311.0
6167289285,4326586194,11.0
6167289289,6167266622,10.0
6167289290,6167266645,54.0
91971018,91971021,21.0
6167289291,2187770705,49.0
6167289293,6167289292,2.0
6167289292,6167289293,2.0
6167289292,6167289291,2.0
6167289292,2190625304,7.0
91971021,560984594,7.0
6167289294,6167289293,2.0
6167289294,2383211193,4.0
6167289295,6167289294,2.0
6167289296,3367904412,9.0
6167289297,6167289296,39.0
6167289298,6167289297,45.0
6167289300,6167344489,8.0
6167289301,2181275335,7.0
6167289301,6167289300,14.0
6167289304,6167289303,77.0
6167289307,6167289322,130.0
2317966813,2318307719,19.0
6167289310,6167289311,66.0
2317966814,4283908162,2.0
2317966814,268533993,27.0
2317966815,6245731080,37.0
6167289308,3933095111,9.0
6167289309,6167289308,5.0
6167289309,6167289325,147.0
6167289311,767584430,9.0
6167289311,6167289327,89.0
6167289316,6167344384,8.0
6167289316,6167289317,14.0
6167289316,2181268836,10.0
6167289317,6167289316,14.0
6167289317,6167344498,7.0
6167289312,589403294,103.0
6167289312,6167289313,15.0
6167289312,6167289327,8.0
6167289322,251859846,7.0
6167289322,6167289323,7.0
6167289314,6167289315,116.0
6167289314,6167289318,63.0
6167289318,6167289313,6.0
6167289319,2841675045,5.0
6167289319,6167289318,9.0
6167289320,6167344496,205.0
6167289323,6167289324,6.0
6167289324,6167289325,4.0
6167289325,6167289320,29.0
6167289325,6167289326,5.0
6167289326,3367904407,8.0
6167289326,2948774551,16.0
6167289326,6167289327,9.0
6167289327,6167289312,8.0
6167289327,6167289311,89.0
355819027,224763560,62.0
355819027,224762698,62.0
356474390,227324534,30.0
355819035,224762698,131.0
243097131,107172451,17.0
243097131,243097133,72.0
243097133,243097134,35.0
243097134,847527932,74.0
243097144,847530551,15.0
91971130,711782080,15.0
91971135,711782071,21.0
355819078,493051334,47.0
2613010008,30286983,19.0
243097380,243097131,20.0
243097384,4398346291,5.0
243097384,2400284473,40.0
243097403,4826905584,4.0
243097404,591432725,1.0
243097404,5587544638,7.0
2810279737,2810279738,4.0
2810279737,2810279742,18.0
2810279742,2810279743,4.0
2810279742,2810279751,65.0
2810279743,2810279736,17.0
2810279744,2810279741,10.0
598171691,591435542,11.0
577462683,577458193,34.0
373645741,202659263,246.0
591258553,207141377,26.0
492939908,2621587160,32.0
636707596,711783720,4.0
2455200662,4884440910,1843.0
703554589,3161948900,32.0
506160213,6200183410,33.0
214131808,2332601815,50.0
2096325796,2096325836,34.0
2096325804,2096325806,6.0
2096325806,475511480,47.0
2096325809,2096325796,12.0
2096325814,2096325804,34.0
2096325829,2096325814,44.0
2096325829,2096325834,10.0
2096325834,283334480,34.0
2096325836,2096325829,18.0
3394725163,2189145394,9.0
3394725167,2180785571,9.0
2190566770,2313051644,50.0
3394725369,6167417935,4.0
3394725370,2177124611,9.0
2299094542,35523908,16.0
709846561,1132069648,86.0
252588294,576875920,6.0
493053630,227315844,40.0
493053633,384017929,54.0
493053633,356479647,40.0
3394725583,2020813871,9.0
3394725583,6167489443,9.0
3394725585,2189145392,10.0
3394725585,6167231026,28.0
3394725588,2020813875,8.0
3394725588,6167236648,14.0
3420939994,361771651,77.0
4405290791,41675688,185.0
373647142,3589872333,90.0
1449355139,1449355173,24.0
1449355145,1449297324,79.0
1449355158,741702068,11.0
164063139,3394726304,37.0
1449355173,1449431604,197.0
4248528827,416817424,24.0
4248528827,376145144,15.0
636708808,560985140,33.0
636708808,1132023816,18.0
356083726,170216836,45.0
702375979,655124862,31.0
3394725967,2189145399,10.0
356083796,248746698,43.0
356083796,1713449452,52.0
777742438,777743990,4.0
372992165,3774995963,7.0
247032073,6167344584,55.0
356215182,1900234214,118.0
3394726304,595594371,10.0
3394726304,6167231023,78.0
1889102287,2296976215,1046.0
702376470,702376794,380.0
702376470,400753521,39.0
3394726515,6167489483,9.0
224750210,4297530211,102.0
224750279,338577629,41.0
3394726640,2190478932,9.0
3394726642,2190478936,10.0
224750324,233262501,79.0
356477680,227315895,42.0
2188339982,2383211224,2.0
224750410,364846732,53.0
224750410,224750459,104.0
224750410,224750279,250.0
224750410,3774995964,157.0
702376794,5301568567,5.0
224750459,224750410,104.0
224750459,302135272,53.0
1459448704,410107566,35.0
1459448706,1458422269,12.0
1459448706,1459448708,4.0
1459448708,250933578,72.0
1459448709,1458418065,129.0
1459448710,1458422298,6.0
1459448710,1459448723,9.0
1459448710,1459448713,12.0
1459448713,1458418093,129.0
1459448720,1459448706,7.0
1459448723,1459448720,12.0
373648298,581703514,359.0
703556746,703556745,18.0
703556751,703556752,18.0
703556752,703556746,4.0
635530384,60653725,9.0
777743504,777701894,10.0
703556755,703556756,18.0
703556756,703556751,4.0
777743542,777702088,10.0
4583419070,2632208067,10.0
578120907,578064624,13.0
356478170,227315809,43.0
356478170,332127589,40.0
635530497,60653735,16.0
6226013458,2583201106,31.0
372993330,233555306,42.0
356085105,30948022,63.0
781151605,781092668,19.0
703557070,703556755,4.0
703557073,703557070,18.0
760180197,301542599,14.0
760180199,122817669,15.0
760180220,844490410,11.0
5968588316,4453229735,71.0
248737313,163643038,311.0
2451926620,313278197,66.0
103116406,103114335,23.0
777743990,777746930,10.0
233270916,233255248,54.0
174812829,174815317,4.0
103116463,103116406,26.0
103116490,635681778,67.0
145190645,26034540,59.0
2400284473,591432725,67.0
2400284479,3938479956,3.0
591259264,157861191,4.0
259616699,26034540,14.0
259616706,595594370,12.0
259616709,6207096573,67.0
259616712,667224586,41.0
591259268,591259270,23.0
591259270,1728565030,18.0
259616740,387153097,13.0
591259275,163627875,38.0
259616751,30942994,14.0
4353912828,304536741,19.0
4353912828,260907401,51.0
4398346291,2400284479,4.0
4398346291,92156538,4.0
4398346291,4398346297,86.0
4398346297,4398346301,18.0
4398346297,4398346291,86.0
4398346300,243097404,5.0
4398346301,92159611,31.0
4398346301,4398346297,18.0
55931054,60096993,44.0
55931058,2577925392,101.0
55931060,55931058,49.0
2400284873,107172439,48.0
373649798,373649829,21.0
373649829,373649831,22.0
373649831,373656306,75.0
702378470,387152936,46.0
1479897577,589500304,6.0
1479897587,589484813,60.0
259617268,30942794,12.0
267350556,2117205389,24.0
3094966840,3094966841,11.0
3094966840,387153044,45.0
3094966841,5797734215,14.0
3094966842,387153045,26.0
3094966843,702462230,47.0
3094966844,572004507,12.0
356479566,227315895,42.0
702378611,332544824,11.0
356479647,493053630,41.0
267350689,577520998,26.0
267350690,267350689,12.0
227766956,2213981044,2.0
767652542,767592197,4.0
767652542,2384091383,25.0
647852796,224761635,12.0
647852796,30287593,44.0
370242305,3208518267,15.0
370242314,370242326,30.0
370242326,370242305,51.0
4723274546,2384091382,141.0
3394728757,591392066,7.0
3394728757,6167247308,82.0
1450727063,746924731,2.0
1450727063,266736930,35.0
3121574833,127538409,47.0
3121574833,3121574834,35.0
3121574834,746341029,107.0
3121574834,3121574833,35.0
2006021064,129288570,35.0
384005175,2204643282,34.0
4260590672,1283618042,9.0
4260590672,1283617975,5.0
777745518,777753008,9.0
2185303474,554206047,69.0
2185303474,5579711429,265.0
844461363,560991951,7.0
844461364,844461363,7.0
767653222,767582209,129.0
1982297474,1986325611,6.0
1982297474,3427761887,6.0
364869016,2204643315,95.0
4049565155,560985671,55.0
1517123099,6167357873,21.0
576879120,21579166,35.0
576879142,2935371904,123.0
2020832915,594179721,47.0
265516775,1490182710,29.0
265516775,267317363,152.0
1492350739,1492350748,6.0
1492350741,1492175303,8.0
1492350747,1492169287,100.0
1492350748,1492169329,2.0
265516842,2992212332,14.0
2810279736,2810279737,4.0
2810279738,1449316569,18.0
2810279739,2810279740,7.0
2810279739,547568845,44.0
2810279740,2810279741,4.0
2810279740,2810279739,7.0
2810279741,1449316602,45.0
2810279741,2810279740,4.0
2029614911,301549266,20.0
2029614911,2170946980,20.0
2029614911,2699015970,54.0
2810279752,1449308555,101.0
2810279751,2810279750,4.0
2810279751,60095900,101.0
2810279750,1449308580,2.0
2810279750,2810279743,66.0
844461911,844462403,7.0
356087677,248746741,100.0
781023109,4730421707,12.0
370243518,33238508,57.0
244283340,332794361,53.0
844462093,2347007247,9.0
844462098,560988354,9.0
174815317,2302923319,15.0
2088335572,1525908983,17.0
2088335572,3793626747,6.0
2088335574,575570514,13.0
384006399,227324345,184.0
384006399,1982318497,166.0
844462403,844462093,9.0
370243956,30287315,34.0
955611523,2005895266,13.0
580090245,418987991,70.0
741702052,6167344576,24.0
741702068,1449355145,101.0
3394730435,289648906,147.0
3394730436,3394730435,27.0
373651914,373651916,14.0
373651916,373652047,13.0
741702104,1449431389,24.0
741702116,6167344560,5.0
777746930,777746939,12.0
311654900,746909343,51.0
777746939,777752999,6.0
741702160,591430819,217.0
741702223,1449431511,9.0
741702223,576877856,7.0
373652047,3589872334,19.0
741702228,3882858365,6.0
741702228,1833110273,58.0
741702230,591294679,8.0
356088432,30385490,54.0
741702279,1985561684,10.0
589527696,6167229080,3.0
2698607289,2698607292,16.0
2698607289,1525908983,22.0
2698607292,2698607289,16.0
2698607292,5424203785,38.0
2698607296,1525908924,14.0
2698607298,2698607296,7.0
2312383359,2312383360,10.0
2312383360,283255046,15.0
758610654,758611953,4.0
2312383364,6222911317,102.0
2312383366,207085638,57.0
356088591,746427704,9.0
767654684,767592620,24.0
356088693,356089276,16.0
387152919,35524096,16.0
387152925,127598515,12.0
387152931,287630734,83.0
339311652,282825864,50.0
387152934,767729202,38.0
387152936,387152934,14.0
387152940,1880686094,30.0
1521014653,1982329493,22.0
1521014653,1404219801,9.0
387152990,3215106461,10.0
387152991,287629445,41.0
387152992,387152991,13.0
387152992,30942766,72.0
387152996,3218227005,57.0
387152998,3218226975,29.0
387153004,305106965,33.0
387153004,387153005,14.0
387153005,387152998,8.0
387153009,702375979,29.0
387153023,30942795,15.0
387153032,30942258,96.0
387153033,767729252,68.0
387153041,2207661088,222.0
387153042,1982491306,29.0
387153044,4460254047,5.0
387153044,781093236,37.0
387153045,3094966840,62.0
387153065,387153066,78.0
387153065,35285670,14.0
387153066,387153067,49.0
387153067,387153071,23.0
387153071,54399741,14.0
387153078,287629318,57.0
387153077,1833126498,10.0
387153082,387153083,25.0
387153083,287629326,60.0
387153083,287629318,13.0
387153086,387153090,5.0
387153087,572039368,17.0
387153089,767584756,8.0
387153090,572040352,14.0
387153091,30942992,16.0
387153091,3215192004,34.0
387153092,127638288,14.0
387153095,777788326,12.0
387153096,3215106498,105.0
387153098,30942993,13.0
387153101,767729190,14.0
356089138,30404321,39.0
1521014718,4696480571,90.0
356089276,30385483,44.0
356089330,4315295113,15.0
1558806055,6167266591,10.0
1558806055,1838361784,105.0
2074055712,250933629,7.0
6024429121,301545277,38.0
6024429122,6024429121,209.0
6024429123,6024429125,116.0
6024429124,6024429122,79.0
6024429125,6024429124,55.0
6024429133,6024429123,121.0
304536354,250933635,71.0
2272185967,2272185968,77.0
2272185968,746909624,6.0
3085926081,2935371922,186.0
233275077,652430415,42.0
2020835025,598049996,96.0
3427761887,1982297474,6.0
3427761887,781118652,7.0
268533545,30945662,58.0
268533545,1449431615,15.0
268533546,650285170,33.0
4418535313,4418536068,6.0
4391665567,2776394277,4.0
4391665567,6167236697,1.0
5680175257,650272629,11.0
5680175257,650273215,20.0
227770320,2086399986,29.0
227770331,1404216311,6.0
227770331,1095506175,114.0
758611933,2347007251,51.0
758611953,560988353,49.0
227770375,385165916,25.0
227770375,227770471,41.0
227770439,227770331,39.0
227770471,1095506175,50.0
227770471,227770375,41.0
591233135,207141384,5.0
60653705,60653714,12.0
6167417953,6167266612,23.0
6167417953,6167417950,209.0
6167417954,6167417953,6.0
227770511,227770439,31.0
60653714,844410211,6.0
6167417955,6167417954,3.0
60653715,2346984246,6.0
60653717,1132069623,6.0
6167417956,2383211217,5.0
6167417956,6167417955,2.0
60653725,277125097,11.0
60653725,277125012,14.0
589398179,589398626,30.0
60653733,3970811101,17.0
60653735,1132069612,8.0
60653735,4950043382,11.0
758612178,758610654,5.0
758612180,758612178,4.0
268533990,2227263908,41.0
268533990,5928027852,45.0
268533993,5928027852,83.0
268533993,2317966814,27.0
268533994,2318307717,117.0
268533994,2317966815,16.0
371949823,767671823,13.0
227508487,774498096,70.0
227508496,6167489397,72.0
2173272382,4716795157,25.0
372998488,373003030,18.0
547586436,547586437,25.0
547586437,370750290,65.0
591233417,591233135,6.0
591233422,591233420,7.0
591233425,591233422,14.0
591233420,591233417,16.0
2810282455,579322398,52.0
3401024069,846566368,15.0
3171517001,312718318,61.0
4871651915,578067623,8.0
4871651915,5231691588,157.0
589398626,588198775,9.0
4418536063,1725216360,86.0
4418536067,4418536070,14.0
4418536068,4418536067,12.0
4418536070,4418536071,3.0
4418536071,1879266190,4.0
4418536088,4418536063,11.0
575472974,575524495,15.0
591233716,591233425,6.0
372998848,224738413,81.0
3161948900,3161948907,24.0
3161948907,3161948915,7.0
3161948915,3161948917,6.0
3161948917,3161948949,66.0
3161948949,317729584,22.0
547586916,370752605,63.0
547586916,370752533,59.0
4329375111,6167254925,22.0
4329375111,591431024,23.0
1650033638,6222911352,20.0
1650033638,5619579752,84.0
5301568556,5301568567,91.0
5301568569,5301568556,112.0
5301568573,5301568569,7.0
5301568575,579998842,359.0
5301568579,2398935830,23.0
5301568582,5301568573,12.0
5301568583,5301568575,13.0
664372298,664380095,19.0
4398351515,4398351516,9.0
4398351515,664378473,9.0
4398351516,154044566,61.0
4398351516,991977779,21.0
4398351517,664378902,7.0
376145063,376145144,151.0
376145063,381825173,58.0
448103596,448103597,111.0
120947918,130015093,39.0
376145144,4248528827,15.0
376145144,170219384,64.0
2181268810,2181268821,15.0
2181268821,2181275339,12.0
2181268826,2181275344,13.0
2181268826,6167289319,7.0
2181268832,2187770692,7.0
2181268836,2181275340,13.0
2181268837,2181268853,37.0
2181268844,6167489421,29.0
26051948,6167344556,6.0
26051950,6167344548,6.0
26051952,6167344368,6.0
26051949,6167344361,5.0
2181268853,2181268844,114.0
1895925154,774517121,9.0
1895925155,775933250,33.0
1525908924,2088335574,14.0
1525908932,6282174090,11.0
1525908932,60095430,18.0
291210712,319157894,69.0
1525908983,2698607289,22.0
1525908983,2088335572,17.0
1525908992,582798753,39.0
3862791980,2501490568,9.0
3862791979,370751653,4.0
3494348621,846570962,2.0
3494348621,266737144,87.0
224757641,224761673,48.0
224757682,224763560,70.0
4520380433,4520380434,4.0
4520380434,4520380556,4.0
4520380434,2339053897,7.0
4520380437,589499480,3.0
4520380441,4520380455,34.0
4520380442,4520380441,103.0
4520380446,4423038318,2.0
4520380447,591407871,5.0
4520380455,591408010,2.0
4520380456,591396149,5.0
4520380473,2189269627,5.0
4520380478,4520380437,2.0
4520380478,4520380434,43.0
4520380479,4520380478,4.0
4520380495,5642440937,79.0
4520380496,4520380495,8.0
4520380498,33085913,4.0
4520380502,4520380516,2.0
4520380503,4520380502,4.0
4520380503,2266561262,14.0
4520380504,4520380505,4.0
4520380505,2189162941,5.0
4520380505,2189145385,6.0
4520380506,2189162947,6.0
4520380509,4520380519,6.0
4520380513,4520380504,5.0
4520380514,2189145408,4.0
4520380516,2189145388,3.0
4520380518,6167285762,3.0
4520380519,2266559612,12.0
4520380521,4520380506,7.0
4520380524,6167236642,7.0
4520380525,4520380524,12.0
4520380525,2189145392,6.0
4520380526,4520380527,4.0
4520380523,26034529,4.0
4520380523,2266562042,92.0
4520380527,2189145401,6.0
4520380527,6167231027,100.0
4520380530,2189145380,5.0
4520380531,4520380530,4.0
4520380531,6167417891,361.0
4520380532,2189162945,5.0
4520380532,2189145399,6.0
4520380535,6167417928,6.0
4520380533,4520380532,4.0
4520380537,2189145378,6.0
4520380537,6167413278,101.0
4520380539,6167191176,5.0
4520380536,4520380537,4.0
4520380544,2189145403,4.0
4520380545,4520380544,4.0
4520380545,2247182215,336.0
4520380540,2189161530,4.0
4520380542,2189161533,6.0
4520380550,4520380546,86.0
4520380552,4520380551,4.0
4520380552,6167247289,8.0
4520380546,6167191721,100.0
4520380556,2189273819,8.0
4520380551,591408731,5.0
4520380554,4520380478,13.0
767658128,5957906923,94.0
547588442,1449308543,58.0
2992212332,847531461,385.0
767658367,767658128,62.0
767658571,767659039,4.0
767658571,767654684,6.0
767658571,767665024,7.0
2180614752,6167191743,9.0
2180614752,2180614753,16.0
2180614753,6167344553,5.0
2180614756,2180614752,11.0
5002594927,5002594926,6.0
5002594975,5002594927,2.0
5002595014,5002595019,29.0
294619847,579470070,670.0
5002595018,5002594975,21.0
5002595025,5002595022,33.0
5002595026,5002595074,16.0
5002595026,5002595031,61.0
5002595031,5002595014,6.0
5002595032,5002595073,7.0
5002595043,5002595044,5.0
373656306,373647142,106.0
5002595073,5002595026,7.0
5002595073,5002595076,9.0
5002595074,5002595025,14.0
5002595076,5002595077,8.0
5002595077,5002595079,16.0
5002595079,5002595085,13.0
294619936,294619847,34.0
5002595104,5002595124,7.0
5002595109,5002595110,3.0
5002595110,5002595104,17.0
5002595116,5002595109,11.0
5002595123,5002595116,2.0
5002595124,5002595032,7.0
5002595128,5002595134,20.0
5002595130,5002595131,15.0
5002595131,5002595128,8.0
5002595131,5002595138,2.0
5002595133,5002595043,6.0
5002595134,5002595133,8.0
5002595138,5002595123,5.0
5002595148,5001030250,130.0
5002595148,2325395498,8.0
2992212844,267317363,11.0
2992212845,577522376,13.0
2992212845,259159111,29.0
576818194,2347007258,10.0
767659039,767659043,7.0
767659039,767658571,4.0
767659043,767659045,7.0
767659043,767659039,7.0
767659043,767658367,35.0
767659045,767584972,31.0
767659045,767659043,7.0
767659045,767661756,11.0
588876889,246439386,6.0
588876900,6167344600,59.0
5668009826,207085518,22.0
294620418,294620718,39.0
294620422,294619936,38.0
2325319092,1713449451,45.0
2325319093,2325319092,55.0
2325319131,846571209,7.0
294620718,294620720,74.0
294620720,294620422,23.0
664375058,664377909,51.0
294621125,3313210940,4.0
294621125,2948774559,779.0
168398786,168377553,22.0
577474522,60092011,410.0
294621152,294621125,4.0
294621152,294620418,282.0
294621152,294628918,308.0
1479905301,589713786,5.0
1479905326,6167229075,3.0
1479905329,1479905357,51.0
2165149751,6167247297,10.0
2165149751,6167254901,10.0
1479905341,1479928084,8.0
1479905341,589501040,8.0
1479905345,1479905395,19.0
1479905357,1479905345,5.0
1479905361,589713852,19.0
1479905364,1479905341,15.0
2695729275,686217259,47.0
1479905406,1479905361,45.0
589402268,26034672,17.0
589402268,6206786039,51.0
589402277,6167417978,31.0
589402289,26051950,16.0
589402289,6167191151,106.0
589402311,595594347,13.0
1681675815,1681675863,2.0
777752999,777753001,4.0
777753001,777712061,49.0
777753004,777706218,49.0
777753006,777792533,42.0
777753006,777793471,31.0
777753008,777753006,9.0
777753011,777745518,4.0
777753012,777753011,7.0
777753013,777700831,9.0
373002835,547568994,40.0
174822006,597546805,6.0
248746627,412776176,44.0
248746627,248746724,193.0
248746627,420022666,61.0
248746628,6207106485,126.0
248746629,3168663491,24.0
248746632,2692003116,70.0
846566062,847530367,29.0
248746674,30385338,108.0
248746674,302820090,46.0
248746675,248746680,28.0
248746677,302820534,50.0
248746680,4320615301,41.0
248746681,248746956,48.0
248746682,248746675,46.0
248746682,2776561964,46.0
248746684,2776561964,158.0
248746684,746427704,43.0
248746686,30385483,8.0
248746690,248746692,102.0
248746690,3683319253,39.0
2189398724,4283908138,7.0
248746691,248746703,39.0
248746689,4072557022,28.0
2189398730,4283908186,127.0
248746698,248746699,76.0
248746698,356083796,43.0
248746698,248746706,39.0
248746699,248746701,129.0
2189398733,2189398750,15.0
248746701,412776175,32.0
2189398745,6207245783,98.0
589664986,2202858921,48.0
2189398750,4283908144,5.0
2189398750,4283908159,98.0
248746724,248746706,89.0
248746724,248746627,193.0
248746726,248746693,105.0
248746726,440061344,51.0
248746735,30385491,20.0
248746739,4315827369,2.0
248746737,30385490,35.0
248746737,30385491,49.0
248746741,248746737,55.0
248746740,309346989,54.0
373003028,241807397,17.0
373003030,372998848,100.0
2016383845,3146808103,14.0
248746910,248746942,131.0
248746912,3804564092,31.0
248746913,248746929,116.0
248746914,440051965,13.0
248746921,248746932,151.0
248746922,248746921,51.0
248746923,2927793636,6.0
248746931,248746930,49.0
248746930,2975262283,47.0
248746932,248746931,51.0
248746934,440051891,45.0
2005992020,129279833,37.0
248746937,30404319,49.0
248746937,266739826,27.0
248746939,248746940,45.0
248746942,356099604,42.0
248746942,714861717,34.0
248746943,3810929407,73.0
248746945,3810929407,32.0
248746945,248746939,95.0
248746948,248746945,61.0
248746946,248746948,73.0
248746950,248747000,114.0
846566359,243097143,5.0
248746968,3804564118,59.0
248746967,340367659,115.0
248746966,4315299528,49.0
846566368,243096971,12.0
248746980,331419757,23.0
248746980,2927793638,80.0
248747000,440051913,26.0
248746999,248746912,44.0
4824077320,92159669,31.0
282825740,387153077,115.0
282825748,282825740,88.0
583242779,650282682,160.0
282825760,283334320,45.0
282825777,781093034,36.0
2074055733,250933639,68.0
282825799,54396972,20.0
282825803,282825808,53.0
282825808,387153065,29.0
282825809,282825811,36.0
282825811,781112995,54.0
282825815,282825860,31.0
282825830,1833123398,7.0
282825831,282825863,129.0
282825831,282825830,13.0
282825839,282825831,7.0
282825859,282825803,36.0
282825860,282825859,13.0
282825863,282825865,38.0
282825864,287629353,40.0
282825865,777775780,12.0
589403294,3367904396,102.0
294622367,2936341079,66.0
294622367,294622368,4.0
294622368,294622369,5.0
294622369,3313210932,4.0
294622370,3313210947,12.0
294622372,294622373,4.0
294622373,3313210948,3.0
294622373,294628654,316.0
294622374,294622375,7.0
294622374,3313210944,6.0
294622374,294628572,316.0
294622375,3313210950,4.0
294622375,294622374,7.0
282825893,1833123397,13.0
282825905,2640744060,44.0
583243026,5257193656,17.0
903976210,781091686,92.0
903976210,2834982472,18.0
2613024047,711778933,67.0
2237633848,30220684,39.0
2237633849,2237633848,38.0
746427704,248746684,43.0
746427709,356088591,12.0
3067843936,906234095,9.0
6060217812,114607264,14.0
579966426,579970462,52.0
579966426,579969179,48.0
3313210926,3313210948,2.0
3313210926,3313210924,3.0
3313210926,3313210934,7.0
3313210932,294622370,2.0
3313210934,3313210944,1.0
3313210934,3313210924,4.0
3313210934,3313210926,7.0
3313210937,294621152,4.0
3313210940,294621125,4.0
3313210940,3313210950,7.0
3313210944,3313210934,1.0
3313210944,294622374,6.0
3313210948,3313210926,2.0
3313210948,294622373,3.0
3313210950,3313210940,7.0
3313210950,294622375,4.0
3313210947,3313210941,2.0
1879021160,1449297305,10.0
1879021160,1879021176,219.0
1879021160,5276517410,24.0
1879021162,650277506,194.0
1879021163,2302923329,7.0
1879021164,2302923326,17.0
1879021169,650273629,120.0
1879021170,241807184,5.0
1879021176,2302923329,214.0
846567039,846567653,6.0
1879021180,2302316258,22.0
767661756,767659045,11.0
767661756,767584894,5.0
767661756,2384091377,16.0
767661779,5680172487,85.0
767661788,6167359510,60.0
3345061643,591317288,27.0
224761617,224757641,57.0
224761635,224761795,57.0
224761635,647852796,12.0
1881118510,2185303481,13.0
1881118510,33238480,10.0
224761654,493051265,43.0
224761654,224761795,46.0
224761673,224757682,46.0
2173278061,818102529,19.0
224761795,224761635,57.0
224761795,224761654,46.0
477075430,1725216511,9.0
477075431,477081585,62.0
846567423,846567432,128.0
846567432,846567433,12.0
846567433,846567434,79.0
846567434,846567435,55.0
846567435,846567039,80.0
207078711,207078696,183.0
340367480,4157116158,36.0
746428618,4061053437,16.0
846567653,846567654,1.0
846567654,846567658,13.0
846567658,846566359,6.0
441030950,560997175,94.0
340367659,419481487,39.0
340367659,340367695,39.0
340367695,340367659,39.0
340367695,356099212,10.0
440506785,440506788,33.0
440506788,233262622,42.0
356096427,419481487,12.0
575379884,54552828,9.0
2400295351,1668523256,193.0
2400295351,6126053594,59.0
2400295351,5457975847,2.0
575379893,575379896,9.0
575379896,54552827,8.0
664377909,664374694,12.0
114268737,2567155992,31.0
2189269627,2189269634,102.0
2189269630,2189269632,103.0
2189269631,4520380442,6.0
2189269632,267317634,34.0
2189269634,591392085,8.0
2189269638,2189269639,103.0
2189269638,4520380473,2.0
2189269639,4520380554,12.0
506043053,36823673,99.0
127638234,767729252,10.0
127638260,387153033,15.0
294624011,294624741,31.0
127638288,3215192024,38.0
224762698,129952493,45.0
224762698,355819027,62.0
4162427914,845692519,23.0
4162427915,4162427914,10.0
269327461,356125087,97.0
664378473,4398351515,9.0
664378473,847533460,3.0
3810637369,5968588316,91.0
5636123528,1463620428,9.0
575380813,575380979,9.0
294624680,294624011,28.0
294624741,294625652,74.0
575380979,54552825,10.0
664378900,107167028,2.0
664378901,664378900,2.0
664378902,664378903,43.0
664378903,664378904,2.0
664378904,664378905,3.0
664378905,664378906,2.0
664378906,664378907,2.0
664378907,664378901,3.0
3327893029,774519013,12.0
3327893030,3132397293,33.0
3327893032,711369697,17.0
664378915,4398351517,5.0
664378915,387700302,84.0
664378922,664378915,10.0
269327967,60096663,18.0
591261641,591261644,3.0
591261644,49492943,5.0
591261651,591261654,3.0
224763560,355819027,62.0
224763560,3830161559,45.0
591261654,1668523263,5.0
2181275329,593488418,34.0
2181275335,2181268830,13.0
2181275335,6167344494,7.0
2181275340,2181275335,14.0
2181275344,3199584808,9.0
664379117,664380023,39.0
575381329,575381644,7.0
356097878,248746953,40.0
356097878,248746952,14.0
579968879,579968880,37.0
579968880,579969242,114.0
6207152062,477079436,8.0
3807748049,686217260,16.0
1463656453,1463620953,103.0
1463656466,1463620947,2.0
1463656474,30947904,2.0
1463656479,1463620453,103.0
6167289303,6167344493,128.0
1463656488,1463620809,61.0
3830161454,746340941,36.0
3830161454,30287594,62.0
3830161454,129291097,3.0
6167289313,2181268826,9.0
6167289313,6167289318,6.0
6167289313,6167289312,15.0
6167289315,6167344498,26.0
6167289315,6167289314,116.0
607756402,113541129,29.0
575381641,575386108,9.0
575381644,575381641,7.0
471441550,30943326,92.0
3830161559,355819078,61.0
579969179,579969242,44.0
664379580,664379579,8.0
664379581,664379580,3.0
294625488,294625491,38.0
294625491,294624680,76.0
579969242,579989564,647.0
846569746,579407285,66.0
294625652,2950388105,9.0
592814484,130015095,11.0
1982439976,1982440009,11.0
607756857,6167489489,8.0
607756858,607756857,15.0
1982439994,30948117,57.0
1982440009,1982439994,11.0
664380023,107167064,21.0
664380023,664380027,18.0
664380046,664375058,8.0
664380046,664380075,26.0
664380075,3938525751,38.0
664380096,847532415,36.0
664380095,664380096,16.0
664380095,847532322,16.0
664380189,49492954,87.0
664380189,3793626736,709.0
356098857,248746999,44.0
356098879,356098857,81.0
356098879,440051944,35.0
767665001,767592583,8.0
4245791605,1725216344,36.0
767665017,266734205,7.0
767665017,6207152062,87.0
767665024,767658571,7.0
767665024,266734205,7.0
576824195,575469226,23.0
576824195,575472740,87.0
576824195,576824181,135.0
5579711429,2419787407,265.0
5579711429,2185303474,265.0
356099017,4315827378,324.0
356099095,356099017,36.0
2967053348,129952494,28.0
2967053349,2967053356,16.0
2967053349,332796855,37.0
2967053354,355818813,11.0
2967053356,2967053349,16.0
2967053356,35301704,126.0
576824412,575524488,5.0
576824412,266738765,79.0
576824420,576824412,8.0
356099212,340367695,10.0
356099212,356099268,31.0
1668523155,1132069624,8.0
30385338,30945778,78.0
356099268,356099212,31.0
356099268,248746953,40.0
2189161533,2189161530,4.0
2189161535,4520380543,6.0
1668523241,387704653,11.0
1668523241,5457975847,3.0
1668523241,1426013259,103.0
1668523257,1668523275,26.0
3806438657,571730521,222.0
1668523264,1668523273,7.0
1668523263,591259264,584.0
4110787845,355818836,49.0
4110787845,30404320,4.0
4110787847,4110787846,45.0
1668523273,92159669,51.0
4110787846,4283908155,4.0
1668523275,4824077320,2.0
1668523281,267317634,7.0
30385491,30385496,98.0
30385491,248746737,49.0
30385496,30385484,82.0
30385496,30385495,88.0
30385490,1463656474,119.0
30385495,30385488,81.0
30385495,30385485,117.0
579970448,3895980379,38.0
579970462,579970448,69.0
2505811398,2505811399,11.0
2505811399,1492410186,4.0
2505811399,1492410187,47.0
846570962,3494348621,2.0
846570962,846571483,50.0
2222040557,2222040561,18.0
2222040558,2222040557,49.0
2222040561,3810637328,20.0
384017929,493053633,54.0
384017930,227324361,26.0
384017930,227324436,33.0
356099604,331421735,10.0
1367582250,291966932,55.0
356099657,3729987756,5.0
30385747,3804569171,7.0
2850399839,4135567060,84.0
5727168140,3293342992,6.0
5727168141,3293343016,6.0
1463547037,1463547031,6.0
1463547037,1463547080,90.0
356099773,356099657,155.0
356099773,4312130696,67.0
356099773,3804569171,52.0
846571209,247417580,38.0
6207022858,595594346,51.0
6207022860,6167344602,62.0
224765801,30947901,140.0
2069604226,233262776,35.0
477079436,477079437,10.0
477079437,2096319043,81.0
2069604240,6138708866,6.0
1463547080,1463547099,12.0
1463547080,1463547037,90.0
3109398488,233314833,36.0
846571483,2325319131,57.0
1668524077,163643157,65.0
1668524146,163643177,73.0
5635942525,777841688,9.0
1668524207,1668524146,112.0
589408684,711334398,26.0
579971518,579514099,47.0
294627810,576876684,74.0
492939878,492939880,22.0
492939880,299027987,134.0
5001030250,4996764092,50.0
492939899,496572527,224.0
5001030281,5001030280,16.0
5001030325,5001030281,20.0
5001030326,5001030325,18.0
5001030327,5001030326,2.0
5001030328,5001030327,13.0
5001030329,5001030328,2.0
5001030330,5001030329,17.0
5001030332,5001030338,2.0
5001030338,5001030330,6.0
2189273813,4520380552,8.0
2189273817,2189273819,4.0
2189273819,2189273813,4.0
2189273819,591408273,87.0
4950043382,4950043383,7.0
4950043383,60653733,25.0
60096663,1449295036,11.0
777759525,774546128,81.0
777759530,777753013,82.0
2021108591,774499329,21.0
294628306,294627810,66.0
777759743,777759530,13.0
443264065,443264070,11.0
443264070,250933594,10.0
575384675,575384241,8.0
575384678,575384675,3.0
575384688,575384678,6.0
294628572,577459441,34.0
312718912,364329376,37.0
575384833,575384688,4.0
312718915,312718923,34.0
575384836,575384833,4.0
575384839,575384836,23.0
3882855727,506160213,48.0
580890024,2347234662,7.0
580890024,1449431267,9.0
580890038,580890042,67.0
580890038,6167359495,168.0
580890042,589451560,74.0
580890042,3419354751,50.0
844475923,3743608248,15.0
294628918,577462683,655.0
6167440950,6167440955,2.0
6167440950,2247274906,105.0
6167440953,6167440965,100.0
6167440953,6167191168,47.0
6167440955,2247271590,15.0
6167440957,6167440958,9.0
6167440958,6167489480,154.0
6167440960,3132504446,18.0
6167440965,6167440966,7.0
6167440966,3132499903,31.0
6167440966,6167440967,7.0
6167440967,6167440982,97.0
6167440968,2190478934,7.0
6167440969,4326586214,7.0
6167440972,6167440978,7.0
6167440972,6167441069,49.0
6167440973,3394726642,97.0
6167440974,6167413269,97.0
6167440975,4326586213,6.0
6167440976,6167440975,5.0
6167440977,6167440976,5.0
6167440977,6167440978,6.0
6167440977,6167441067,50.0
6167440978,2190478930,5.0
6167440978,6167440977,6.0
6167440978,6167440972,7.0
6167440982,6167440985,10.0
6167440985,6167440986,12.0
6167440986,6167417945,3.0
6167440987,6167440989,10.0
6167440989,131238672,22.0
6167440989,6167440990,4.0
6167440991,6167440992,9.0
6167440991,6167236695,85.0
6167440994,6167440995,98.0
6167440994,6167236650,34.0
6167440995,6167440996,8.0
6167440996,6167440997,5.0
6167440997,6167440998,97.0
6167440998,6167440999,11.0
6167440998,6167285783,26.0
6167440999,6167279408,7.0
6167440999,3394697031,12.0
6167441000,6167441001,105.0
6167441001,6167441002,11.0
6167441001,6167489400,34.0
6167441002,316414092,28.0
6167441002,6167441003,9.0
6167441003,6167441005,113.0
6167441005,2325395488,17.0
6167441005,3933094363,15.0
6167441007,711359372,9.0
6167441009,6167441014,11.0
767667826,767667831,20.0
6167441011,3327893029,59.0
767667831,6167357844,20.0
6167441017,6167441007,10.0
6167441014,775942455,98.0
6167441019,6167441009,107.0
6167441020,2190483589,7.0
6167441020,6167441019,14.0
6167441021,6167441020,114.0
6167441016,2190483598,11.0
6167441025,4326586184,113.0
6167441026,2190483579,113.0
6167441027,3213448174,41.0
6167441027,2190483582,8.0
6167441027,6167441021,8.0
6167441028,6167441027,12.0
6167441028,6167441029,7.0
6167441029,6167441030,5.0
6167441031,6167441025,20.0
6167441031,6167441032,6.0
6167441032,2190483584,12.0
6167441032,6167441001,7.0
6167441033,6167441028,49.0
6167441034,6167441033,56.0
6167441036,6167279401,6.0
6167441036,6167441034,5.0
6167441037,6167441036,4.0
6167441038,4326586190,6.0
6167441038,6167441037,3.0
6167441039,2190483583,6.0
6167441039,6167441038,6.0
6167441040,6167441039,11.0
6167441042,6167441040,97.0
6167441043,6167441042,4.0
6167441046,6167289285,96.0
6167441047,6167285784,97.0
6167441048,6167441043,8.0
6167441051,4326586198,8.0
6167441052,2190483577,8.0
6167441053,6167441048,99.0
6167441053,6167236654,6.0
6167441054,4544035098,45.0
6167441054,6167441053,7.0
6167441055,3394697044,9.0
6167441055,6167236693,6.0
6167441056,6167441055,98.0
6167441058,6167236694,98.0
6167441059,2190483580,10.0
6167441061,6167441062,11.0
6167441062,2190483586,6.0
6167441062,6167441056,3.0
6167441063,6167417950,7.0
6167441064,6167441063,2.0
6167441065,4326586208,7.0
6167441065,6167441064,2.0
6167441066,6167441065,14.0
6167441067,598405144,3.0
6167441067,6167440977,50.0
6167441067,6167441066,49.0
6167441068,6167441076,36.0
6167441068,6167441069,51.0
6167441068,6167191164,5.0
6167441068,6167441070,4.0
6167441069,6167441068,51.0
6167441069,6167440972,49.0
6167441070,6167441071,4.0
6167441070,6167441068,4.0
6167441071,6167441072,4.0
6167441071,6167441070,4.0
6167441072,4326586218,5.0
6167441072,6167441073,4.0
6167441072,6167441071,4.0
6167441073,2190478928,5.0
6167441073,6167247328,9.0
6167441073,6167441072,4.0
6167441075,6167441078,44.0
6167441077,2020832915,3.0
6167441078,6167441087,5.0
6167441081,6167441072,96.0
6167441087,4391710424,3.0
241807173,4936948367,9.0
241807175,4283908132,23.0
241807175,233578120,101.0
241807177,3146808114,86.0
241807179,370749284,14.0
241807179,3862791980,11.0
241807183,370749268,15.0
241807184,370749246,13.0
241807184,241807183,120.0
241807187,370749206,12.0
241807189,643985980,54.0
241807190,2810279739,23.0
241807192,417270188,18.0
241807193,1241460740,99.0
241807196,370750698,7.0
241807198,2358053593,4.0
281390967,4028046140,30.0
3198005217,1960476776,5.0
477081585,477075430,62.0
477081585,30947458,62.0
579973133,55931060,5.0
1495248920,4826905590,37.0
241807392,370750315,5.0
241807394,370751614,14.0
241807395,373002835,14.0
241807395,241807397,121.0
241807397,4283908137,23.0
241807397,266734280,60.0
241807391,370749976,18.0
241807452,30944133,21.0
241807452,1713449452,14.0
767668329,30220444,12.0
767668329,371967118,28.0
3148722376,1479905329,4.0
3148722377,3148722376,4.0
3148722378,3148722377,13.0
3148722379,3148722378,3.0
289648906,296027679,67.0
291483918,294637965,535.0
291483922,294637965,832.0
2567155992,541122884,11.0
2567155992,608962184,154.0
1458418005,1458418039,18.0
1458418020,1458418053,71.0
1458418025,1458418005,58.0
1458418039,4975504805,5.0
1458418053,1459448706,72.0
1458418054,1458418056,71.0
1458418056,250933576,348.0
1458418065,1458418088,11.0
1458418088,4975504807,58.0
1458418091,1459448704,7.0
1458418093,1458418025,11.0
778809786,778814205,94.0
2142220736,581776548,77.0
778809794,778812532,12.0
145207765,145207767,43.0
145207765,259616699,47.0
575386073,60088414,9.0
575386087,54552821,9.0
575386089,575386087,9.0
575386093,54552822,10.0
575386097,575386095,9.0
575386095,575386093,10.0
575386108,54552823,9.0
575386147,575386073,9.0
6280295068,4380043470,7.0
6280295068,4380043472,17.0
176665285,176670229,32.0
592818918,6167265866,65.0
506049281,506049282,59.0
506049282,709967340,20.0
575386408,60088412,8.0
575386414,575386418,9.0
575386501,575386408,8.0
746435485,443279896,12.0
312718297,767737668,29.0
312718298,52600161,162.0
312718309,312718307,41.0
312718318,137180950,25.0
6209516580,2005895266,8.0
6209516581,1985549821,64.0
3276387456,560985134,51.0
2501489820,3862791979,9.0
410105024,250774449,74.0
488879346,2185303492,106.0
2189145377,2189145378,64.0
2189145378,145220211,38.0
2189145378,2189145398,43.0
2189145380,6167417926,9.0
2189145380,6167417927,6.0
2189145384,3543024079,100.0
2189145385,4520380503,5.0
2189145385,6167279418,51.0
2189145387,595594366,6.0
2189145388,4520380518,2.0
2189145389,6167236641,7.0
2189145390,4520380543,4.0
2189145392,595594367,28.0
2189145392,2189145389,12.0
2189145394,4520380545,4.0
2189145398,3394725967,58.0
2189145398,6167413280,86.0
2189145399,4520380531,5.0
2189145399,2279006915,64.0
2189145401,123079071,27.0
2189145401,3394725585,100.0
2189145402,161467106,94.0
2189145403,6167191177,5.0
2189145404,4520380533,6.0
2189145406,3394725163,110.0
2189145408,4520380513,2.0
2189145409,4520380498,7.0
2457712016,361227565,47.0
2457712022,2457712028,28.0
2457712028,2457712046,65.0
575387075,575386501,8.0
3810637310,3810637356,46.0
3810637313,2642814897,4.0
3810637328,560986785,99.0
845657619,846546021,3.0
845657621,845657619,3.0
168408619,168377580,30.0
3810637356,3810637313,4.0
3810637356,2642814904,4.0
312718901,3171517001,21.0
4633638468,5797722962,6.0
4633638472,4633638475,20.0
4633638475,4633638485,26.0
4633638477,4633638472,8.0
312718923,245802961,8.0
312718923,312719440,64.0
4633638485,4633638468,13.0
778942036,746908742,283.0
778942036,5619579757,39.0
161461931,633912993,44.0
506050308,6024429133,11.0
2699015970,227770375,98.0
3882858365,741702228,6.0
3882858365,6167254973,8.0
2501490564,2501489820,13.0
2501490564,650277273,6.0
2501490564,2501490566,27.0
2501490566,2501490568,13.0
2501490566,2501490564,27.0
2501490566,650277209,7.0
2501490568,2501489820,27.0
2501490568,2501490566,13.0
2249570202,250933602,143.0
2249570202,331419757,2.0
778942366,571468537,46.0
778942366,778942399,49.0
589805478,3743608254,11.0
778942399,778942527,148.0
575518666,575524447,8.0
575518666,575520122,9.0
767670317,767671059,49.0
767670317,34160610,11.0
312719417,1725216215,35.0
778942527,250774446,9.0
312719425,312719434,34.0
312719433,312719417,50.0
312719433,312719425,64.0
312719434,1725216302,36.0
312719435,312719437,24.0
312719437,52600109,38.0
312719440,312719437,58.0
312719443,33238480,53.0
575387776,575387772,7.0
575387772,358731556,14.0
575387785,575388261,8.0
38779052,31477171,19.0
845658418,845657621,81.0
6154467901,1985347051,54.0
269335114,269335115,16.0
269335115,938091424,4.0
575388261,575388286,7.0
575388286,575388293,13.0
575388293,54552188,7.0
576830130,576830150,9.0
475511480,1686719014,6.0
576830150,575390873,18.0
269335260,2368035914,12.0
269335261,4248528827,64.0
269335261,170219384,14.0
767671059,2384091371,23.0
269335418,269335440,58.0
269335440,268533545,12.0
269335441,268533994,91.0
269335443,269335418,26.0
269335444,268533994,15.0
269335444,269335443,90.0
635681778,103116463,11.0
576830453,575434454,13.0
145210375,145220050,37.0
443530294,443530298,47.0
443530297,250479850,49.0
443530298,1982439976,121.0
778812520,651992598,43.0
778812520,778809786,142.0
778812532,651992598,8.0
616938662,616938661,18.0
616938663,616938662,18.0
3481124174,6167441051,57.0
3327901008,4245791605,15.0
2768616811,591431040,23.0
2768616811,1964021898,21.0
575520122,575518666,9.0
575520122,575397932,6.0
575520122,54550902,571.0
176668174,176665285,6.0
767671823,2707996427,100.0
1728560657,5457981822,94.0
576831013,576837332,14.0
576831013,60096724,210.0
2455223905,4973179167,840.0
2455223905,2841675038,1229.0
410107566,349918075,40.0
4135567060,1492150945,14.0
616939286,616938663,7.0
576831352,356126466,8.0
4785946711,306969488,10.0
4785946711,306968230,11.0
472236193,137182987,107.0
472236196,2766300592,16.0
472236199,331143078,51.0
2236727765,2481930664,37.0
2236727765,2236727766,79.0
2236727766,2481930672,45.0
2236727766,4283908170,55.0
2236727768,4283908156,49.0
2236727775,2481930661,40.0
2236727775,2236727765,79.0
2236727788,356080719,109.0
2236727788,4283908179,140.0
571458041,711745634,31.0
2236727821,2236727849,69.0
1458422285,5563404258,9.0
1458422285,250774442,9.0
2236727826,30948020,2.0
2236727826,4315827361,191.0
2236727832,5172636078,81.0
2236727832,2236727826,106.0
827048477,3259282309,92.0
2236727840,4283908173,117.0
1458422309,4299936438,6.0
2236727849,4283908153,57.0
1458422326,319619070,6.0
1458422327,250774442,9.0
1458422327,1458422329,12.0
1458422329,1458422330,4.0
1458422329,250774471,49.0
1458422330,1458422327,12.0
1458422330,1463620845,56.0
577356504,3085926090,5.0
577356504,2935371911,179.0
778814205,2835280017,31.0
577356695,576868765,3.0
2481930754,2481930755,41.0
2481930755,610682590,4.0
2481930757,2481930759,57.0
2481930758,2481930757,72.0
2481930758,30948166,56.0
2481930759,250774441,42.0
2481930759,728165741,29.0
4061250646,5096779240,29.0
4061250646,5096779235,8.0
575390860,54552189,27.0
371967118,371967853,32.0
575390870,54552190,6.0
575390873,575390870,9.0
1132053678,1132053699,123.0
1132053694,1132023820,4.0
1132053694,1132014788,34.0
2189149376,2384097341,37.0
1132053699,1132014824,4.0
1132053699,1132053694,63.0
1132053705,1132053678,12.0
1132053705,60653715,5.0
3970811101,709707024,14.0
3970811101,400738474,126.0
4264281396,579486396,118.0
4264281398,4264281397,17.0
4264281400,4264281398,48.0
4264281400,4264281396,99.0
4264281401,4264281400,12.0
4264281402,4264281401,28.0
4264281404,4264281402,59.0
4264281406,4264281404,58.0
207078719,207078711,108.0
207078731,2272185768,85.0
266739118,54558279,9.0
266739118,5680151853,134.0
266739118,5424203733,74.0
233555306,3774995963,7.0
5290706350,3419344109,19.0
5290706353,5290706354,7.0
5290706353,5290706364,42.0
233555377,372993330,58.0
5290706354,5290706361,42.0
5290706361,4283908116,16.0
5290706364,2189377522,3.0
5290706362,5290706350,6.0
418104790,248746959,45.0
844482038,844489849,11.0
41666069,581717100,7.0
176670229,176675254,42.0
4698523257,128874949,25.0
4698523258,128874949,13.0
844482225,301544568,36.0
844482225,844490705,39.0
3098154906,2277912680,35.0
3098154909,3098154911,60.0
277368251,310949036,597.0
571459351,306905310,16.0
371967864,767594382,4.0
371967865,371967864,21.0
561538883,305912818,9.0
1982318493,38779052,126.0
1982318497,1996808838,66.0
588236764,588236765,5.0
588236765,588236766,5.0
588236766,588236775,6.0
588236775,588236793,5.0
588236793,588236800,5.0
588236800,588236801,6.0
588236801,6167418092,3.0
588236802,588236803,5.0
588236802,6167418092,3.0
588236803,588236802,5.0
588236803,6167359493,34.0
844482569,844482571,6.0
844482569,554240022,9.0
844482571,560989608,9.0
307349581,650272311,52.0
577456439,577456447,7.0
577456439,577456465,2.0
307349677,5680175257,6.0
307349700,3144850937,32.0
290048306,560997597,9.0
356632899,233315220,52.0
356632899,233315035,30.0
844482981,844482569,11.0
844483079,844482038,11.0
3199584806,6207227908,26.0
3199584808,6167289304,10.0
3199584808,1691676459,79.0
576834101,60096157,198.0
576834101,2632207571,77.0
161467106,814526942,53.0
127650543,127652487,110.0
161467170,161467106,52.0
3313210941,294622372,2.0
758631420,560986784,34.0
758631468,758631420,33.0
775933064,775946936,87.0
2249575579,4157118515,402.0
2249575583,4157118503,2.0
576834725,60096788,37.0
576834725,6226313842,15.0
1224854732,634785744,7.0
1224854745,1224854814,29.0
2133183709,291483918,7.0
1224854753,1224854745,29.0
1224854759,634777950,43.0
1224854774,441587739,16.0
1224854774,1224854759,76.0
1224854814,1224854732,27.0
6221450530,6221319977,56.0
6221450533,6221450530,43.0
6221450549,6219293732,4.0
6221450549,30220702,6.0
6221450549,460411875,226.0
775933250,775933064,122.0
576834912,575434472,45.0
844484174,844482571,11.0
575524447,575524450,7.0
575524450,575524452,2.0
575524452,575524455,9.0
575524455,575524457,25.0
844484201,844490766,45.0
575524457,575524459,25.0
575524459,575524462,21.0
575524464,575524462,26.0
575524466,575524464,21.0
575524475,575524466,43.0
575524478,575524475,40.0
575524480,575524478,18.0
575524483,575524480,13.0
575524485,575524483,14.0
575524488,575524485,20.0
575524495,600238649,3.0
1728565028,1728565034,142.0
1728565033,844475923,293.0
1728565034,373634031,4.0
6221319977,4283908131,4.0
358731575,358731576,10.0
358731576,575387075,9.0
305909580,561538862,4.0
305909585,305909580,41.0
2187972534,2187972536,4.0
2187972536,2383211206,3.0
844484585,844484201,28.0
305909758,561538868,65.0
305909758,305909585,34.0
2324025352,1433204920,8.0
2324025352,1960476767,5.0
777768981,774546117,22.0
780914756,4326586176,1.0
298045598,5827673889,120.0
298045607,298045595,66.0
298045612,298045618,50.0
298045614,298045612,23.0
298045616,847530804,43.0
298045618,298045619,26.0
298045618,847530551,89.0
298045619,298045598,78.0
844484792,844490767,71.0
767737602,777814394,9.0
4353937735,260907401,10.0
4353937735,304536850,31.0
780915027,780920704,185.0
294637965,2133726646,7.0
579410795,5058108327,10.0
1996608006,363406542,21.0
2302923319,5902824189,5.0
2302923326,1879021163,4.0
2302923329,1517193200,14.0
2302923329,1449266733,9.0
127652487,332549397,65.0
4299936435,3721159057,36.0
1132057274,1132057293,5.0
4299936438,2481930795,27.0
1132057288,1132057293,5.0
575529166,259159152,16.0
575529171,575529166,66.0
575529171,60089303,57.0
575529171,4380043470,117.0
6167265870,6167265871,4.0
6167265871,6167344366,207.0
6167265871,6167265872,4.0
6167265872,6167265864,132.0
6167265872,6167265871,4.0
1224856493,1224869056,5.0
1224856497,1224869058,9.0
36819910,5587121107,63.0
266739853,266739826,48.0
266739855,266739853,53.0
266739856,266739855,25.0
266739858,1497170573,52.0
2187973613,6167417956,23.0
2187973613,2383211214,2.0
443274277,349920059,4.0
443274284,1463547115,4.0
443274289,443274277,9.0
443274291,443264065,35.0
714724455,5402876545,187.0
714724461,714724460,7.0
714724461,266736903,13.0
714724460,582800631,29.0
714724460,582800632,29.0
589419721,589425312,3.0
2705184149,2705184150,10.0
2705184150,828414268,7.0
2705184150,457365595,55.0
419632514,248746954,9.0
1985336815,1985551132,87.0
1668523256,157849660,17.0
576837332,576831013,14.0
576837332,1449308597,55.0
597546784,6167440978,29.0
597546804,597911555,7.0
597546805,174824778,47.0
597546805,3132496573,15.0
595842978,247022886,14.0
33675553,2020813873,42.0
176675254,176678055,64.0
2187975163,6167191160,8.0
2187975166,2187975167,3.0
2187975167,2383211231,3.0
2187975167,2187975163,4.0
371972631,371972632,35.0
371972632,501018995,45.0
597547574,3132496575,10.0
4936948366,332152172,4.0
4936948367,1713460586,6.0
4936948367,4936948366,102.0
5856680721,1964021898,7.0
5856680721,2960006640,1.0
579984177,579984186,32.0
579984186,4518640807,31.0
305912818,277366483,12.0
371973410,493873181,108.0
371973410,493873187,68.0
371973419,493873180,35.0
371973419,493873181,19.0
371973419,767752596,24.0
332127537,227324436,61.0
332127537,30287518,61.0
36822339,589481822,16.0
683138398,302571121,10.0
683138398,418987991,9.0
332127589,356478170,40.0
332127589,227324361,66.0
3774995964,233555306,10.0
6167191149,1449431585,3.0
6167191149,6167191150,49.0
6167191150,4369807452,3.0
6167191151,2180614756,7.0
6167191151,6167344591,6.0
6167191152,6167191151,16.0
6167191153,6167344549,104.0
6167191154,6167191153,60.0
6167191155,2180785618,7.0
6167191155,6167344527,7.0
6167191156,6167191155,16.0
6167191158,6167191159,2.0
6167191159,6167191160,2.0
6167191160,2187980370,224.0
6167191161,6167191162,70.0
6167191162,6167191163,16.0
6167191163,6167441087,32.0
6167191164,6167191165,5.0
6167191165,6167191166,4.0
6167191166,6167191167,6.0
6167191166,6167440969,100.0
6167191167,6167440968,100.0
6167191167,6167440953,6.0
6167191168,612015106,4.0
6167191169,6167191170,13.0
6167191170,6167489473,98.0
6167191172,6167191173,89.0
6167191173,6167191174,48.0
6167191174,2189145390,5.0
6167191176,4520380537,108.0
6167191177,2189145377,44.0
6167191177,6167191178,109.0
6167191178,6167191179,113.0
6167191179,6167191180,14.0
6167191180,145190645,48.0
6167191180,6167191705,112.0
6167191181,6167230991,38.0
6167191182,6167191183,8.0
6167191183,6167191184,4.0
6167191184,6167191685,6.0
3097222872,370470106,77.0
1148837660,2213981059,30.0
305913661,151451933,14.0
305913663,305913661,84.0
305913666,128874985,35.0
2237521747,4283908168,62.0
2237521754,4283908167,5.0
2237521759,250480666,68.0
2237521759,2237521747,7.0
130015093,592814484,12.0
130015095,592818918,43.0
207085460,5668009840,115.0
278912937,1879021169,79.0
278912937,1879021180,96.0
207085495,207085460,108.0
278912960,650288534,15.0
207085508,207085495,44.0
278912971,1879021170,19.0
207085518,207085508,11.0
233562064,233314919,90.0
207085532,5668009827,58.0
4927643637,4927643639,4.0
207085580,5668009829,25.0
207085598,5668009830,19.0
278913068,650270229,17.0
575397932,575520122,6.0
575397932,575397935,21.0
575397935,575397937,3.0
575397935,575397932,21.0
575397937,575397935,3.0
575397937,575397939,12.0
575397939,575397937,12.0
575397939,575397941,17.0
575397941,575397943,13.0
575397941,575397939,17.0
207085622,5668009822,24.0
575397943,575397941,13.0
575397943,575434354,3.0
207085638,207085622,59.0
844488785,844489585,44.0
871096402,52600109,83.0
871096413,5427967043,8.0
6167191685,4716795156,16.0
6167191686,6167231003,16.0
6167191687,3313046870,7.0
6167191688,844491859,92.0
6167191688,6167191687,4.0
6167191689,6167191688,6.0
6167191689,844493544,92.0
36823180,301544535,9.0
6167191692,6167191181,21.0
6167191697,2174963246,53.0
6167191709,6167191697,43.0
6167191705,6167191692,42.0
6167191713,6167191689,6.0
6167191714,2174950792,6.0
6167191715,6167191714,6.0
6167191716,6167191715,1.0
6167191717,6167191716,3.0
6167191718,6167230985,6.0
6167191726,3394726515,13.0
6167191727,4326586222,9.0
6167191729,2190478940,105.0
6167191721,4520380540,9.0
6167191731,6167191730,48.0
6167191732,2383211233,9.0
6167191735,2187874241,9.0
6167191738,6167344362,143.0
6167191739,2180785611,8.0
6167191740,1985557929,30.0
6167191743,588194334,54.0
6167191743,6167344586,6.0
6167191744,588194357,2.0
6167191745,1449431350,2.0
6167191746,1449431578,6.0
207085868,207085851,136.0
207085881,207085868,57.0
207085897,207085881,37.0
207085910,5668009833,18.0
6167266585,1838361784,6.0
6167266585,6167265884,7.0
6167266586,6167266585,8.0
6167266587,6167266586,29.0
255058357,6167344592,28.0
255058361,255058357,15.0
255058363,255058361,79.0
145220050,145207765,33.0
4693156399,547568744,32.0
4693156399,417270193,46.0
6167266614,176668174,28.0
6167266615,6167236692,30.0
6167266615,6167236691,10.0
6167266615,6167266616,9.0
6167266616,4544035097,28.0
6167266616,6167266617,12.0
777773640,777773642,13.0
777773640,3215191990,32.0
777773642,777775988,118.0
6167266618,6167236655,28.0
6167266618,6167236656,9.0
6167266618,6167266619,105.0
6167266618,6167266617,7.0
777773646,777773654,12.0
844489296,844489584,45.0
6167266619,6167266620,100.0
844489301,844455131,46.0
6167266620,6167289289,4.0
844489307,844461364,46.0
777773654,777787272,4.0
777773654,777773640,121.0
36823654,452380773,51.0
36823655,36824713,101.0
36823655,36823654,20.0
777773673,3215191993,69.0
777773681,702460953,9.0
145220211,145220258,25.0
36823672,6200183481,52.0
36823673,36823180,38.0
6125904515,6125904522,7.0
6125904522,6125904523,4.0
6125904523,1492410198,22.0
6125904523,6125904521,5.0
6125904521,6167266639,9.0
145220258,145210375,44.0
6167266645,313278043,48.0
6167266645,6167266644,61.0
5290713856,4283908137,18.0
5290713857,4283908140,210.0
255058767,255059521,16.0
255058773,255058361,19.0
2797986650,4294474622,3.0
2797986650,4294474620,3.0
844489583,560991954,3.0
844489584,3743608241,6.0
844489585,844461911,7.0
4309902215,443310353,64.0
4309902215,233262607,103.0
844489668,560989237,3.0
844489669,844489668,6.0
844489849,844489307,39.0
844489850,844489296,50.0
1982456959,356089330,14.0
1982456959,30385488,48.0
4312130696,248746952,4.0
4312130696,356099773,67.0
1982456970,2688454941,52.0
255059109,255059534,25.0
176678055,596909581,17.0
579986615,579984177,334.0
361227524,2457712016,39.0
202761482,202767945,43.0
202761482,581711294,523.0
361227565,361227896,39.0
361227566,356632899,6.0
777774421,777773654,63.0
5457962366,1728560657,52.0
634774941,634774943,15.0
634774943,710042045,20.0
634774946,5299390820,56.0
634774998,634774946,109.0
255059521,589306718,13.0
6143862337,2288769447,58.0
255059534,255058773,20.0
361227896,361227566,43.0
36824718,36824724,168.0
36824724,579383627,10.0
4735836854,4740822053,12.0
2241718058,4283908187,179.0
774498096,33675553,14.0
387704653,387921006,53.0
387704653,1668523241,11.0
387704653,3938479955,90.0
30948020,250480655,22.0
30948022,309346765,49.0
780920704,1833120507,14.0
844490705,844482569,6.0
844490705,836066530,6.0
844490706,844490705,11.0
844490706,844482225,36.0
844490708,844490706,8.0
92137440,36823655,259.0
576841731,252587628,72.0
493348868,746921984,89.0
844490762,844483079,7.0
844490766,844484174,8.0
844490767,844482981,8.0
493873180,371973419,35.0
493873180,767752593,21.0
493873181,371973419,19.0
493873181,371973410,108.0
493873181,371967118,181.0
493873187,371973410,68.0
493873187,767594382,40.0
493873191,371972631,27.0
594798649,245533703,36.0
571467856,2272185773,4.0
576841938,252587670,7.0
777906388,777906391,5.0
36825302,277118795,13.0
777906391,35523916,11.0
777906400,53932731,12.0
1479928042,589708344,3.0
1479928042,6167247178,3.0
36825329,578061043,59.0
1479928057,1479928084,15.0
1479928062,1479930071,62.0
844491008,844484792,93.0
1479928064,1479897577,8.0
1479928084,1479928064,4.0
1479928084,589500754,8.0
1327098184,3132495219,13.0
1327098203,1327054079,24.0
1327098207,1327098184,2.0
1327098219,589431853,3.0
1327098219,598347137,2.0
571730335,3345061643,35.0
3774998963,372992165,23.0
3085953482,3085953523,10.0
3085953482,576879142,242.0
3085953484,3085953482,4.0
3085953488,3085953489,10.0
3085953488,3085953521,5.0
3085953488,577356504,245.0
3085953489,577456443,5.0
3085953489,3085953488,10.0
3085953489,3085926081,246.0
3085953493,252588302,5.0
3085953493,252588294,93.0
3085953498,3085953512,5.0
3085953498,577396673,525.0
777775583,339311652,40.0
3085953512,3085953484,10.0
3085953521,3085953498,10.0
3085953523,576879388,223.0
493873679,492939908,29.0
400812560,531390701,46.0
400812567,4405290791,104.0
400812567,400812560,253.0
443279896,2810282455,22.0
443279896,443279897,36.0
443279897,443279896,36.0
443279898,443279897,12.0
493873691,493873689,24.0
493873689,492939878,65.0
493873689,496572534,172.0
593488418,313278044,34.0
571730497,310957025,58.0
400812631,591264806,10.0
571730521,301542605,59.0
400812637,2191735054,22.0
400812637,2269259844,4.0
571730561,571730497,5.0
1715989148,846571483,106.0
589425312,589419728,4.0
777775780,777775931,40.0
1715989157,846546204,2.0
1715989157,591434144,10.0
571730618,3394725167,42.0
1715989182,1715989157,22.0
1715989182,3199521095,53.0
577458190,577458194,43.0
6197209811,6197209812,2.0
6197209811,306968237,1.0
6197209812,6197209813,2.0
6197209812,6197209811,2.0
6197209813,6197209814,2.0
6197209813,6197209812,2.0
6197209814,1271016162,2.0
6197209814,6197209813,2.0
6197209818,6197209819,5.0
6197209819,6197209825,16.0
6197209830,6197209831,10.0
6197209830,306968245,13.0
6197209831,6197209832,11.0
6197209831,6197209830,10.0
6197209832,6197209833,9.0
6197209832,6197209831,11.0
6197209833,306968252,7.0
6197209833,6197209832,9.0
571468537,778942036,263.0
1888086800,6273363794,46.0
1888086803,1888086812,13.0
1888086803,312719435,56.0
1888086805,363400141,35.0
1888086812,2462381386,32.0
1888086822,1888086800,19.0
777775931,780992582,5.0
41675607,129554697,11.0
41675609,41675607,17.0
41675612,1224869677,17.0
777775988,777773673,15.0
777775988,26034576,37.0
92138359,3276407461,52.0
41675664,3743608246,14.0
41675664,591224041,130.0
41675688,4442505793,58.0
41675688,310956628,47.0
41675699,2641765496,292.0
41675706,1426013259,11.0
41675706,664378922,74.0
774499329,319159699,22.0
844491859,844495870,32.0
844491859,506155264,4.0
714861714,714861717,20.0
714861717,4380043475,6.0
714861717,576845616,26.0
571731102,3281799246,78.0
571731117,578070517,47.0
571731182,571731117,5.0
571731201,571731202,4.0
571731202,571731212,137.0
571731212,571731213,6.0
571731213,571731182,49.0
591392064,1833110277,8.0
591392065,591392064,4.0
591392065,589488285,142.0
591392066,591392065,8.0
591392078,30467939,42.0
591392078,5880339361,59.0
591392085,3788315451,13.0
591392085,591392078,47.0
576843200,576860677,83.0
775941588,775945877,9.0
775941588,775945874,5.0
571731478,571731477,7.0
571731479,571731478,7.0
571731481,571731479,5.0
571731482,571731481,14.0
571731485,571731482,64.0
775941673,774546374,7.0
571731495,578120907,6.0
775941687,775945819,7.0
582798938,252587840,471.0
2187980362,6167191158,224.0
2187980362,2383211224,2.0
2187980370,2383211222,2.0
2187980370,2383211225,3.0
2187980384,6167417955,5.0
2187980390,2383211219,2.0
361229932,233315204,37.0
571731596,3281799254,61.0
571731603,571731604,4.0
571731603,571731596,4.0
92139159,92138359,16.0
571731604,571731201,49.0
582798958,575518666,101.0
591785680,2190478937,60.0
30404319,4157118500,2.0
30404319,248746937,49.0
30404320,4283908154,2.0
30404320,4110787845,4.0
30404321,1463620444,2.0
30404321,4157116171,16.0
582798975,582798958,22.0
1457647364,245531711,10.0
1457647365,126934535,3.0
6273363794,363400139,8.0
6273363795,363400852,15.0
571731867,571731603,117.0
591392674,5880339361,18.0
3215191973,3215191976,20.0
3215191979,777793465,72.0
3215191975,3215191976,11.0
3215191976,3215191977,16.0
3215191993,777773681,42.0
3215191995,30942794,41.0
3215192004,3215192009,15.0
3215192009,3215192023,61.0
3215192023,3215192018,82.0
3215192024,127638260,35.0
3215192041,4518394737,11.0
3215192052,387153101,20.0
3215192056,3215192052,30.0
3215192058,3215192056,20.0
3215192060,3215192058,24.0
579989564,579989614,105.0
6197211200,6197211201,8.0
6197211200,306968252,13.0
6197211201,306968259,9.0
6197211201,6197211200,8.0
6197211202,306968271,23.0
6197211202,306968259,15.0
579989614,579989632,60.0
579989632,579993929,76.0
634777737,710035320,4.0
634777737,710034749,3.0
634777745,710035347,8.0
634777774,634777968,4.0
1479930070,1479930082,6.0
1479930071,1479930098,72.0
1479930072,1479930070,7.0
1479930074,1479930082,7.0
1479930074,589699881,85.0
1479930082,589664986,55.0
1479930093,1479930074,4.0
1479930096,589702568,5.0
1479930098,1479928042,75.0
621539575,131130411,17.0
621539577,621539575,13.0
1479930106,1479930074,7.0
1479930111,1479930072,7.0
3215192363,3215106470,20.0
775942445,1900213541,5.0
775942452,775945827,6.0
775942452,1895925154,150.0
775942455,5982185669,28.0
6197211452,306968373,6.0
6197211452,6197212213,455.0
6197211452,3895976703,570.0
6197211467,306968373,2.0
6197211467,6197211468,3.0
6197211468,6197211467,3.0
6197211468,6197211469,3.0
6197211469,6197211468,3.0
6197211469,6197211470,5.0
6197211470,6197211469,5.0
6197211470,6197211471,5.0
3895980379,579973133,5.0
3895980379,579971518,133.0
634777950,634784608,7.0
6197211484,6197211483,50.0
6197211484,6197211586,11.0
634777956,634784134,26.0
634777966,710018065,103.0
634777968,634777966,7.0
775942517,775942584,32.0
4936954236,301548223,4.0
775942584,1900213537,18.0
6197211585,6197211591,2.0
6197211585,306968335,4.0
6197211586,6197211484,11.0
6197211586,6197211587,4.0
6197211587,6197211586,4.0
6197211587,6197211588,3.0
6197211588,6197211587,3.0
6197211588,6197211589,3.0
6197211589,6197211588,3.0
6197211589,6197211590,2.0
6197211590,6197211589,2.0
6197211590,6197211591,2.0
6197211591,6197211590,2.0
6197211591,6197211585,2.0
6197211592,306968335,5.0
6197211592,306968322,19.0
6197211593,306968306,15.0
6197211593,306968281,13.0
6197211594,306968314,25.0
6197211594,306968306,15.0
6197211595,306968281,33.0
6197211595,306968271,24.0
560984594,1217532870,25.0
560984594,252588998,12.0
591393322,103101100,48.0
591393322,591408819,26.0
677245570,1985549821,13.0
677245570,30287405,64.0
677245571,137181126,15.0
1982329493,1521014653,22.0
1982329493,1982329495,125.0
1982329495,30287518,8.0
1982329495,384006399,8.0
1982329495,1982329493,125.0
775942859,1900213536,14.0
576844518,576860093,15.0
844493544,3882855727,7.0
844493544,844491859,5.0
844493544,844495873,32.0
5902824189,4391710425,7.0
5902824189,174822006,21.0
560984864,560984914,109.0
5694419767,588236764,39.0
5694419767,6167359488,60.0
5694419768,5694419767,6.0
319157063,319157183,36.0
560984914,560984925,54.0
560984925,3276387456,5.0
319157090,2384091372,30.0
319157116,319157090,11.0
319157143,319157116,39.0
319157183,767737803,70.0
591393797,2189269630,19.0
591393797,2189269631,13.0
594801681,245535095,25.0
560985134,560985135,16.0
560985135,711788005,5.0
560985140,636699082,42.0
2189161530,4520380545,6.0
2189161530,2189161536,4.0
560985149,560985148,11.0
560985148,636707596,4.0
2189161534,4520380496,38.0
2189161536,2189161535,4.0
2189161536,4520380539,4.0
1463547020,1463547112,15.0
1463547022,1463620855,7.0
1463547028,1463547043,39.0
1463547031,1463547037,6.0
1463547031,349920091,24.0
1463547040,1463547099,9.0
777778344,777781264,21.0
777778351,780992436,4.0
1463547079,1463547022,21.0
1463547083,1463620474,29.0
1463547090,443189604,40.0
1463547093,1463547113,40.0
1463547094,1463547106,22.0
1463547097,1463620894,50.0
1463547099,1463547079,6.0
1463547099,1463547080,12.0
1463547102,1463547097,23.0
1463547106,1463547040,6.0
1463547113,1463620911,6.0
1463547113,1463547094,102.0
1463547115,1463547031,25.0
1463547112,1463620895,80.0
1463547112,250479903,15.0
2347234662,1449431464,66.0
2347234663,577457184,109.0
2347234664,582798986,18.0
2347234664,3268156354,14.0
168396901,168404058,54.0
560985671,560987190,73.0
319157894,1985549834,65.0
306968230,4785946711,11.0
306968230,306968237,1.0
306968237,6197209811,1.0
306968237,306968230,1.0
306968245,6197209830,13.0
306968245,1271016162,47.0
306968252,6197211200,13.0
306968252,6197209833,7.0
306968259,6197211202,15.0
306968259,6197211201,9.0
306968271,6197211595,24.0
306968271,6197211202,23.0
306968281,6197211593,13.0
306968281,6197211595,33.0
4307285742,3097222872,26.0
4307285744,4307285742,47.0
306968306,6197211594,15.0
306968306,6197211593,15.0
306968314,306968322,24.0
306968314,6197211594,25.0
306968322,6197211592,19.0
306968322,306968314,24.0
306968335,6197211585,4.0
306968335,6197211592,5.0
306968348,6197211479,13.0
306968348,6197211482,9.0
306968361,6197211478,3.0
306968361,6197211481,73.0
576845616,266739860,5.0
306968373,6197211452,6.0
306968373,6197211467,2.0
576845696,714861714,9.0
576845696,576845616,32.0
3168663488,420022667,46.0
92141618,60653714,38.0
4369807446,255058773,56.0
4369807452,667680173,27.0
4369807452,4369807446,48.0
2176972931,114268737,79.0
306968733,554206050,11.0
306968733,6197212213,856.0
2189162941,4520380503,6.0
2189162941,2189162943,4.0
2189162942,2189162945,4.0
2189162943,2189162940,4.0
2189162943,4520380509,5.0
2189162944,4520380535,5.0
2189162945,2189162944,4.0
2189162945,4520380531,6.0
2189162947,2189162941,4.0
3431070188,250479896,66.0
589036018,247018024,18.0
844495378,844496179,135.0
560986691,301537542,3.0
366082639,1725216267,34.0
560986728,2397324975,80.0
560986785,301537545,5.0
560986785,3810637328,99.0
560986804,4453229731,49.0
4544002876,4544002877,30.0
4544002877,595594355,29.0
844495712,3806438657,108.0
5619579752,1650033638,84.0
5619579752,5619579755,115.0
5619579757,5619579755,135.0
5619579755,2658978752,69.0
5619579755,5619579752,115.0
306969480,6197209818,8.0
306969488,206204623,13.0
306969488,4785946711,10.0
306969488,306969480,19.0
844495868,844495928,3.0
844495870,844495868,4.0
844495870,844495378,60.0
844495873,844491008,197.0
844495873,844496218,197.0
2187983887,2188399791,5.0
2187983890,6167413248,6.0
591264788,400812567,16.0
591264806,591264788,6.0
560987190,758612180,13.0
844495928,844495712,4.0
5021236291,245507480,3.0
176684166,168384014,18.0
844496179,844484585,95.0
591396149,41675699,10.0
844496218,844496503,93.0
2117205389,577516867,24.0
319159694,33085559,60.0
319159699,317729599,18.0
319159699,6167489387,7.0
1560149438,6021320893,7.0
1985347051,6167266600,85.0
1560149484,1560149438,7.0
1560149520,1560149548,4.0
1560149548,1560149484,3.0
282852909,282852908,32.0
282852911,282852910,73.0
1560149552,1560149580,8.0
1560149567,1560149552,74.0
202767945,579999196,74.0
1560149580,1560149520,10.0
775945819,1900213543,83.0
775945827,775942445,4.0
844496503,844490708,70.0
775945874,774546373,5.0
844496533,844490762,75.0
775945877,775945930,31.0
2705194658,577522375,229.0
2705194659,2705194658,17.0
775945930,775945931,45.0
775945931,775946112,78.0
207093560,207093566,252.0
207093566,207093568,64.0
775946112,775946115,79.0
775946115,777829280,11.0
775946115,775946941,4.0
777781181,777778351,21.0
1449431614,1449431244,16.0
1449431614,1449431574,17.0
1449431622,60095777,196.0
1449431623,1449355158,23.0
