node,lat,lon
711327755,-37.807675,144.9558726
711327756,-37.8070943,144.9559785
711327759,-37.8073009,144.9578172
711327760,-37.8078848,144.9577193
777781264,-37.8052207,144.9521732
356125087,-37.8165761,144.9801473
560988348,-37.8213426,144.9463561
560988354,-37.8210743,144.9472727
560988353,-37.821547,144.9450864
367132897,-37.8092779,144.9738332
579993929,-37.8044679,144.9388588
579993932,-37.8043312,144.9386845
767820210,-37.8025734,144.9722269
6226313833,-37.8242288,144.9848327
6226313842,-37.8189675,144.98492
6226313846,-37.8189618,144.9818293
3276407461,-37.8186923,144.9478945
775946936,-37.8041525,144.958323
775946941,-37.8041711,144.9584591
1132069603,-37.8140839,144.9445116
1132069612,-37.8128094,144.9431875
1132069613,-37.8128215,144.9431476
579470070,-37.820836,144.9542349
1132069623,-37.8141226,144.9444126
1132069624,-37.8134616,144.944369
1132069648,-37.8140807,144.9445408
1132069653,-37.8141377,144.9443707
54552174,-37.8196791,144.9816751
2935358337,-37.8271781,144.9940628
2935358343,-37.8271878,144.9940192
2935358344,-37.8271664,144.9941152
54552188,-37.8200225,144.9850984
560989090,-37.819146,144.9463523
710018065,-37.8151591,144.9364628
710018068,-37.8151825,144.936401
589431853,-37.8139599,144.9636889
560989237,-37.8211813,144.9472961
589431885,-37.8137647,144.9643365
282854566,-37.7991359,145.0106154
282854567,-37.7989614,145.0109993
282854568,-37.7989055,145.011509
282854569,-37.7990172,145.0123398
282854570,-37.7992337,145.0134219
282854571,-37.799478,145.014113
282854572,-37.7998201,145.0147972
1224869048,-37.8134835,144.9411308
1224869051,-37.8133999,144.9410188
1224869049,-37.8135741,144.9411848
1224869056,-37.8134275,144.9410974
1224869058,-37.8134657,144.9408574
1224869065,-37.8136729,144.9410854
1224869068,-37.8136201,144.9408897
250479829,-37.8137352,145.006257
250479836,-37.8111341,145.0064662
1224869091,-37.8134865,144.9408048
250479850,-37.8153242,145.0075979
1224869101,-37.813523,144.941156
250479864,-37.8161788,145.0074542
579994885,-37.8041145,144.9384725
250479885,-37.816325,145.0031212
2577925392,-37.812667,144.9473703
250479896,-37.8175106,145.0028707
250479903,-37.8185848,145.0053358
579994943,-37.8039338,144.9382392
282854772,-37.800225,145.00961
282854778,-37.7997833,145.0097787
282854783,-37.7995544,145.0101972
579995038,-37.8029536,144.936477
2170946980,-37.802047,144.9841272
560989608,-37.8207051,144.9485447
560989610,-37.821023,144.947451
560989611,-37.8210346,144.9474081
591398356,-37.821418,144.9614566
591398359,-37.8216294,144.9614117
2789606893,-37.8027455,144.983113
2789606895,-37.8027353,144.9830125
608962184,-37.8028165,145.0094388
576860418,-37.824397,144.9885463
266733258,-37.8098985,144.978232
1224869661,-37.8142368,144.9372396
1224869676,-37.8118639,144.938485
1224869677,-37.8118268,144.9405883
634783578,-37.8122336,144.9365521
1367607237,-37.8002952,144.9706506
1367607240,-37.7996936,144.9717499
250480609,-37.8111224,145.0063192
250480634,-37.8076298,145.0076639
250480641,-37.8110388,145.005486
250480649,-37.8109632,145.0047212
250480655,-37.8108189,145.003222
250480659,-37.8094735,145.003438
250480662,-37.8092109,145.0008942
250480666,-37.8106542,145.0015254
250480669,-37.8107328,145.0023363
250480672,-37.8093802,145.0025535
250480677,-37.809295,145.0017436
54396972,-37.8015853,144.9484374
634783845,-37.8141701,144.9558816
634783914,-37.8135787,144.937065
634783937,-37.8122119,144.9370288
906234093,-37.8014382,145.0067066
906234095,-37.8008536,145.0032655
634784031,-37.81247,144.9362889
634784032,-37.8124386,144.9363711
356124993,-37.8167084,144.9813454
575539547,-37.8236861,144.982575
634784114,-37.8136666,144.937144
634784124,-37.8138355,144.9372356
634784125,-37.8138662,144.9371478
634784134,-37.8144586,144.9375093
123079071,-37.8147732,144.9574037
2346846625,-37.809026,144.9816284
332794352,-37.8095022,145.004336
6206786039,-37.8114994,144.970394
332794361,-37.8088018,145.0050696
30385484,-37.8163763,144.9963062
30385485,-37.8166021,144.9981401
266734205,-37.8076698,144.9734049
266734280,-37.8094575,144.9856035
634784608,-37.8146552,144.9376676
95554473,-37.7995729,144.9374431
2879917028,-37.8046399,144.9716395
2894990347,-37.8223314,144.9475823
122817581,-37.8210602,144.9551708
2090732592,-37.8025923,144.9800625
122817608,-37.8221915,144.9476644
595594344,-37.8096282,144.9714872
595594345,-37.8097121,144.9712061
595594346,-37.8099054,144.9705513
595594347,-37.8101376,144.9697646
595594348,-37.8101896,144.9695886
595594349,-37.8102909,144.9692455
595594350,-37.8104014,144.968871
595594351,-37.8106465,144.9680408
595594352,-37.810906,144.9671561
595594353,-37.8109951,144.9668493
595594354,-37.8111151,144.9664363
595594355,-37.8114272,144.9653618
595594357,-37.8117314,144.9643145
595594360,-37.8126246,144.9612396
595594361,-37.8127481,144.9608147
595594362,-37.8128823,144.9603524
595594363,-37.812935,144.9601711
595594365,-37.8131503,144.9594233
595594366,-37.8137433,144.9573643
595594367,-37.8138576,144.9569673
595594369,-37.8143577,144.955229
595594370,-37.8144545,144.9548937
595594371,-37.8144947,144.954754
122817669,-37.822214,144.9499179
35523908,-37.8005242,144.9558648
35523916,-37.8011933,144.9566989
35523917,-37.7997293,144.954878
598347137,-37.8139544,144.963645
598347148,-37.8140879,144.9632802
260907255,-37.8247719,145.0073524
35524096,-37.7988449,144.9537742
1449266727,-37.8161745,144.9838446
1449266733,-37.8160072,144.9824451
1449266728,-37.8165247,144.9870502
1449266736,-37.8165445,144.987228
387700302,-37.8200257,144.9669756
2190478922,-37.8161667,144.9639741
2190478926,-37.8141907,144.9630638
2190478928,-37.8162146,144.9641561
2190478930,-37.8151994,144.9636889
2190478932,-37.8162554,144.9640149
2190478934,-37.8152352,144.9635467
2190478936,-37.8142917,144.9631103
2190478940,-37.8171703,144.9645963
2190478937,-37.8172114,144.9644553
1449266782,-37.8163074,144.9851272
1449266796,-37.8163297,144.9852803
1449266802,-37.8164157,144.986035
277089909,-37.8075185,144.9706725
711331451,-37.8073656,144.9578064
1449266841,-37.8161748,144.9826365
4301655729,-37.8204078,145.0131858
560991951,-37.8208847,144.9474135
560991954,-37.8211331,144.9474792
774508242,-37.8063166,144.9593667
560991956,-37.8208969,144.9473712
560991962,-37.8211448,144.9474356
35524350,-37.7981012,144.9528279
356126466,-37.8191958,144.9875564
711331595,-37.8071494,144.9590725
1905004303,-37.8197216,144.9681685
1905004304,-37.8197302,144.9682523
1905004354,-37.8198488,144.9683212
6212685642,-37.8164624,144.9860256
222957430,-37.8070501,144.9908745
581701516,-37.8071185,144.9309042
356126633,-37.8191873,144.9876191
634785708,-37.8136776,144.9394374
634785744,-37.8139388,144.9395703
54398934,-37.8015158,144.9478034
356126764,-37.8192731,144.9885207
844501069,-37.821639,144.9450746
777916580,-37.8016728,144.9573532
6021320893,-37.8163922,144.9373381
6021320897,-37.8170173,144.9356863
581701844,-37.8074205,144.9292428
2960003290,-37.8180602,144.9668725
2960003295,-37.818423,144.9656354
636883225,-37.8234593,144.959651
356127080,-37.8174365,144.9887569
814816086,-37.8155355,144.9773808
767693486,-37.8044712,144.9736163
356127424,-37.8192255,144.9880473
767693506,-37.8045539,144.9736861
356127457,-37.8173966,144.988347
4746121967,-37.8120741,144.9744185
4746121968,-37.8123258,144.9735736
222958329,-37.8071388,144.9916771
54399741,-37.8022919,144.9496806
2183271187,-37.8067051,144.9627941
2183271188,-37.8067215,144.9629607
356127514,-37.8178009,144.9887597
1224872742,-37.8109419,144.9391187
356127550,-37.8178715,144.9893643
4460254041,-37.8025402,144.9456377
4460254046,-37.8025777,144.9456244
4460254047,-37.802897,144.9480927
4460254048,-37.8030878,144.9495381
1217532771,-37.8183272,144.9486386
1217532788,-37.8179153,144.9484878
332796790,-37.8085633,145.0001673
332796854,-37.8059414,144.9980461
332796855,-37.8070396,144.9985719
1217532870,-37.8180705,144.94879
153752520,-37.8227713,144.9775766
1217532913,-37.8183743,144.9486428
1217532917,-37.8184735,144.9486815
711332946,-37.8071621,144.9559662
332797041,-37.8085396,144.999884
579998842,-37.8068662,144.9387806
332797060,-37.8085998,145.0004766
127538409,-37.8038083,144.9969606
127538423,-37.8039424,145.0015395
266736903,-37.8182651,144.9756712
266736930,-37.8240695,144.9852628
266736950,-37.8177004,144.9747351
579999037,-37.8063063,144.9366014
266736957,-37.8161009,144.9726103
579999049,-37.806212,144.9353959
579999050,-37.8061632,144.9347763
266736979,-37.817907,144.9745568
4238873971,-37.8094359,144.9643648
4238873973,-37.8124315,144.9693672
3132495219,-37.8140628,144.9642958
581703032,-37.813801,144.9269992
579999137,-37.8059715,144.9340829
2133726644,-37.8119639,144.9456412
2133726646,-37.8119424,144.9456933
2133726647,-37.8117253,144.9453555
579999196,-37.8059927,144.9325098
934024695,-37.8045341,144.9875652
266737144,-37.8185148,144.9711063
579999252,-37.8061183,144.9342142
202774098,-37.8081468,144.9342466
711333571,-37.8063677,144.9581344
316413655,-37.8093821,144.9603619
4746122984,-37.8124393,144.9734909
4746122983,-37.8124011,144.9736078
3066173175,-37.8113578,144.9633732
581703450,-37.8080849,144.9292147
6222911317,-37.8087762,145.0086454
581703514,-37.8061444,144.9277884
581703526,-37.8062959,144.9282542
6222911350,-37.8202944,145.0144523
6222911352,-37.8202411,145.0151131
581703550,-37.8093112,144.9296687
777787267,-37.8056503,144.9537582
777787272,-37.8056348,144.953619
579475339,-37.8200701,144.952914
3098154911,-37.8231569,144.9382363
3098154918,-37.8236375,144.9405157
579999697,-37.805928,144.9320632
579999705,-37.8058411,144.9317736
2353534938,-37.7999398,144.9631958
2353534943,-37.7998878,144.9633868
2353534942,-37.799821,144.9630497
2353534946,-37.800036,144.9633442
441587739,-37.8140337,144.9388876
471341105,-37.8029891,144.967552
441587780,-37.8146256,144.9382538
441587781,-37.8143343,144.9390043
266737766,-37.8220367,144.9797915
266737768,-37.822123,144.9802501
266737786,-37.822152,144.980623
92149884,-37.823757,144.9475243
266737792,-37.8235366,144.9808725
316414091,-37.8086358,144.9600405
316414092,-37.8093617,144.9604329
572004507,-37.8043872,144.9478287
92149924,-37.8229551,144.9547273
92149927,-37.8229519,144.9549258
92149931,-37.822954,144.9550304
266737835,-37.8226111,144.9778791
92149934,-37.8226595,144.9555173
92149939,-37.8223269,144.9563997
92149946,-37.8221192,144.9568128
3208517859,-37.8006036,144.9738547
1095506175,-37.8008798,144.9857682
580000016,-37.8054787,144.931166
441588021,-37.8115492,144.9362069
441588022,-37.8114674,144.9365158
441588023,-37.811367,144.937068
441588025,-37.81144,144.9374027
711334250,-37.8063982,144.9590658
711334295,-37.8065665,144.9593329
233314776,-37.804566,144.9774159
233314797,-37.8043872,144.9763432
233314809,-37.804112,144.9739368
711334398,-37.8071562,144.9593887
233314824,-37.8054251,144.9744624
233314833,-37.8041952,144.9746456
233314845,-37.8050795,144.9745234
233314855,-37.8051976,144.9755485
5457975847,-37.8203326,144.9640349
636754479,-37.8146424,144.9466024
358731556,-37.8195319,144.9848696
233314893,-37.8042729,144.975344
233314914,-37.8042151,144.9748386
233314919,-37.803236,144.9750005
3208518267,-37.7997609,144.9726302
233314946,-37.8030704,144.9776697
3208518286,-37.8036834,144.9649862
3208518295,-37.8057963,144.9646323
3208518297,-37.8053961,144.9647047
3208518304,-37.8071047,144.9666451
3208518299,-37.8048289,144.9652227
233314981,-37.8039708,144.9764153
233314999,-37.8040872,144.9774972
3132496573,-37.815015,144.9642984
3132496575,-37.8150689,144.9641288
233315009,-37.8027963,144.9749412
580000457,-37.8052372,144.9285858
233315030,-37.8022115,144.9767201
233315035,-37.8012268,144.9744203
572005110,-37.8041173,144.9479909
589306639,-37.8106018,144.9718113
92150545,-37.8227358,144.9554582
233315095,-37.7998478,144.9726153
589699881,-37.8214251,144.9540041
233315115,-37.800578,144.9735988
233315133,-37.7999603,144.9736911
589306701,-37.8124985,144.9729088
589306718,-37.8126219,144.972486
589306736,-37.8106671,144.9715857
233315204,-37.8000068,144.9749506
233315220,-37.8008042,144.9748265
777788322,-37.8078888,144.9545472
777788326,-37.8070061,144.9541677
777788328,-37.806898,144.9541113
3268156337,-37.8226649,144.9828659
3268156342,-37.8225764,144.9830111
3268156354,-37.8224721,144.9828079
370285600,-37.8154957,144.9577319
560602147,-37.8022993,145.0113069
370285607,-37.8149517,144.9574841
2183273512,-37.8074794,144.9629559
2183273516,-37.8075263,144.9627924
6206790703,-37.8109646,144.9782127
266738765,-37.8205264,144.9806994
266738793,-37.8206448,144.9806628
581704817,-37.8082105,144.9345625
4423038317,-37.8233265,144.960753
145235154,-37.816483,144.9591881
4423038318,-37.8233293,144.9607916
128982235,-37.8175844,144.9631764
128982276,-37.8178038,144.9624239
145235215,-37.8163675,144.9595878
581704986,-37.8075805,144.9324425
145235264,-37.8162356,144.9600442
3945799005,-37.814942,144.9606027
630463849,-37.8017302,144.9794172
266739054,-37.8185363,144.9757745
3945799026,-37.8190445,144.9542552
3945799030,-37.8190756,144.9540735
3945799031,-37.8190763,144.9541813
3945799028,-37.819053,144.9542591
3945799033,-37.8190877,144.9541423
3945799034,-37.8191041,144.9540865
3945799035,-37.8191133,144.9542525
3945799036,-37.8191382,144.9541652
3945799032,-37.8190782,144.9542706
581705123,-37.8056902,144.9266288
3730054579,-37.8054502,144.9988009
145235381,-37.8164539,144.9592888
1093410235,-37.8082181,145.0096288
266739133,-37.8196482,144.979261
266739152,-37.8197364,144.9791923
1093410277,-37.8065078,145.001584
1093410280,-37.806396,145.0038798
2960006639,-37.8181002,144.9667358
2960006640,-37.8180463,144.9669209
777788921,-37.8061701,144.9550219
596909581,-37.8131242,144.9630993
2588548681,-37.8249664,144.9761917
777789012,-37.8061848,144.9551499
572006019,-37.8035696,144.9480878
233578120,-37.8091245,144.9825357
233578139,-37.8100555,144.9809537
233578163,-37.8089702,144.9811144
579477191,-37.8203996,144.953492
580001776,-37.8088541,144.9362498
568336382,-37.8003526,144.9443519
579477592,-37.8202844,144.9536529
1492131944,-37.8120717,144.9451037
5034416925,-37.800024,144.9948563
266739818,-37.8237752,144.9906491
266739826,-37.8250646,144.9925445
2190483577,-37.8113038,144.961734
2190483579,-37.8082351,144.9603205
2190483580,-37.8132588,144.9626345
1492131965,-37.8120293,144.945175
2190483581,-37.8081155,144.9602703
2190483590,-37.8103683,144.9613031
2190483582,-37.8092157,144.9609332
2190483583,-37.8103271,144.961445
2190483584,-37.809257,144.9607912
2190483586,-37.8132178,144.9627761
2190483588,-37.8102761,144.9612596
2190483589,-37.8081942,144.9604628
2190483591,-37.8122458,144.9621679
2190483592,-37.812301,144.9623539
2190483594,-37.8122047,144.9623095
2190483598,-37.8071322,144.9598125
2190483600,-37.8123421,144.9622123
266739860,-37.8233572,144.9891071
266739935,-37.822551,144.9938715
283255046,-37.8089249,145.0088358
283255047,-37.8103629,145.0090938
416817424,-37.8094731,144.9784778
416817425,-37.8098651,144.9791791
266740008,-37.8233453,144.993547
6167191690,-37.8194415,144.9541739
6167191725,-37.8174153,144.9603114
103293548,-37.8153832,144.9629942
6167191730,-37.8158211,144.9658061
579478220,-37.8203862,144.9534083
266740432,-37.82412,144.9889671
266740436,-37.8248453,144.98898
579478244,-37.8205184,144.9536554
628761345,-37.8083441,144.9790533
579478322,-37.8202264,144.9531212
2346984246,-37.8190834,144.9465685
560997175,-37.811866,144.9368934
2346984255,-37.8208435,144.94731
579478363,-37.8205486,144.953632
576856945,-37.8246414,144.9885739
579478395,-37.8207099,144.9539227
145236879,-37.8163449,144.9596659
938091424,-37.8099555,144.9783954
30942256,-37.8054874,144.9429733
30942258,-37.8071697,144.9469712
30942260,-37.8078249,144.9478849
30942261,-37.8084721,144.9485629
30942262,-37.8092649,144.9492653
30942265,-37.8110569,144.9503794
579478640,-37.8198936,144.9526628
2641765496,-37.8226138,144.9583674
2641765498,-37.8228248,144.9579492
30286983,-37.8092654,144.9319064
3367904396,-37.8099728,144.9696887
3367904407,-37.8081289,144.9690211
3367904412,-37.8094655,144.9638416
560997596,-37.8097826,144.935871
560997597,-37.8097993,144.9359663
560997615,-37.8102036,144.9370154
560997636,-37.8103392,144.9375626
611984646,-37.8154488,144.9627673
560997640,-37.8105543,144.9382144
245507370,-37.798247,144.9617498
245507480,-37.7991342,144.9613558
2180785571,-37.818411,144.9565684
2180785574,-37.8183264,144.9565292
589702568,-37.8210233,144.955056
2180785594,-37.8145127,144.9700347
2180785601,-37.8147812,144.9691071
2180785611,-37.8148306,144.9689365
2180785618,-37.8146899,144.9690651
30287315,-37.8007831,144.9670003
30287316,-37.8028938,144.9666338
30287324,-37.8070811,144.9672879
30287325,-37.8071033,144.9674874
30287405,-37.8027411,144.9666603
30942766,-37.8050836,144.9479156
30287406,-37.8031905,144.9695871
2005895266,-37.8028167,144.9665068
30287410,-37.8030544,144.9681593
30287411,-37.8030408,144.9679707
30287414,-37.8030569,144.9696103
2005895268,-37.8033985,144.9664039
30942794,-37.8055578,144.9486924
30942795,-37.8063975,144.9497754
30287464,-37.8057117,144.9772225
30287469,-37.7998124,144.9782225
30287470,-37.801226,144.9838843
3793626736,-37.8230339,144.9763884
3793626740,-37.823161,144.9779073
3793626748,-37.8231264,144.9780934
3793626747,-37.8231676,144.9781318
3793626750,-37.8230465,144.9779493
30287518,-37.802294,144.990587
30287528,-37.8095238,144.9904915
30287552,-37.803419,144.9914904
30287591,-37.8048947,144.9912345
30287592,-37.8049731,144.9920331
30287593,-37.8049916,144.9922353
30287594,-37.8054056,144.9967164
30287595,-37.8055801,144.9979681
30942992,-37.8071832,144.950629
30942993,-37.8081466,144.95155
30942994,-37.8092583,144.9523112
30287654,-37.8195293,145.0083321
777791299,-37.8083317,144.9547551
361768817,-37.8003449,144.9831805
248129431,-37.8240565,144.9419492
2642814897,-37.821381,144.9444542
2642814904,-37.8214747,144.9444227
3132499903,-37.8153421,144.9631363
30287875,-37.82291,145.0141188
30287877,-37.8202219,145.0144621
2133731379,-37.8143652,144.9473851
2133731392,-37.8146021,144.9465798
2269259844,-37.8237365,144.9562542
2269259849,-37.8236801,144.9563466
30943323,-37.8021155,144.9416163
30943326,-37.8050179,144.9678415
123086980,-37.8152018,144.9559234
123087006,-37.8142786,144.9555048
4380043470,-37.8232214,144.988774
4380043472,-37.8230514,144.9889068
4380043473,-37.822972,144.9889144
4380043475,-37.8231224,144.9891999
123087066,-37.8152876,144.9556252
6126053594,-37.8201239,144.9646328
123087089,-37.8148317,144.9554309
589703443,-37.8208816,144.9549911
4380043595,-37.8253215,144.9888352
5172636078,-37.8116447,145.0040335
708717112,-37.80602,144.9561465
708717121,-37.8062298,144.9580375
1459890788,-37.8199352,145.0128552
1459890791,-37.8197643,145.0127968
1459890794,-37.8200096,145.0125207
103295646,-37.8154348,144.9628158
591407783,-37.8232002,144.9608837
1271016120,-37.8163957,144.9373273
2193369804,-37.8154669,144.9663867
2193369809,-37.8155572,144.9664266
591407828,-37.8233331,144.9608449
3268160215,-37.8242522,144.9865647
4315294435,-37.8170536,144.9533221
4315294436,-37.8171028,144.9533445
4315294437,-37.8171571,144.9533169
4315294438,-37.8171595,144.9533083
4315294439,-37.8171697,144.9532725
1271016162,-37.8177706,144.9317783
591407871,-37.8233216,144.960685
3810929408,-37.8239721,144.9910896
3810929409,-37.8236563,144.9911437
3810929407,-37.8230389,144.9912442
317729584,-37.8089225,144.9575533
317729593,-37.8093776,144.9564824
317729599,-37.8094724,144.9573036
1404234339,-37.8108985,144.9966202
591407999,-37.8212111,144.9615682
591408000,-37.8212628,144.9615631
30944133,-37.8109999,144.9912035
591408008,-37.8216112,144.9613432
30944137,-37.8097648,144.9782577
591408010,-37.821239,144.9614195
591408009,-37.821443,144.961383
591408086,-37.8212464,144.9613796
576859101,-37.8246285,144.9888834
153758691,-37.8177037,144.9731096
777792533,-37.8059306,144.9552821
663497749,-37.8153496,144.9721728
591408187,-37.8225799,144.9610311
591408190,-37.822609,144.9611058
576859255,-37.8245748,144.9884935
591408273,-37.8195788,144.9601494
127544550,-37.8027267,145.0017869
2975214867,-37.7995077,144.9628439
2975214868,-37.7995101,144.9625714
581709083,-37.8050438,144.925926
4315295090,-37.8172782,144.9910334
4315295101,-37.817353,144.9910206
4315295113,-37.8176618,144.9957836
4975504800,-37.8199661,145.0125276
4975504801,-37.8199366,145.0125323
4975504803,-37.8197892,145.011153
443297188,-37.8164844,145.005003
4975504805,-37.8197592,145.0108659
4975504804,-37.8197914,145.0108614
4975504807,-37.8197378,145.0106624
252587482,-37.8206146,144.9837337
589704714,-37.821056,144.9550741
589704716,-37.8210844,144.9550887
361770535,-37.8005071,144.9811305
361770537,-37.8004343,144.9804266
4998966831,-37.8103177,144.9726522
591408731,-37.8192236,144.9611303
131214954,-37.8137832,144.9608233
252587628,-37.8245484,144.9885013
252587670,-37.8242838,144.986815
591408809,-37.8197736,144.9613752
591408819,-37.8194178,144.9612102
4391710424,-37.8157467,144.9652089
4391710425,-37.8149457,144.9647656
361770719,-37.8001274,144.98119
6202470179,-37.8220435,144.9799504
6202470181,-37.8230039,144.9793568
361770819,-37.8004687,144.9807587
576860007,-37.8246287,144.9884774
576860018,-37.8247819,144.9888576
576860042,-37.8247351,144.9885515
576860063,-37.8247196,144.9884504
777793457,-37.8073017,144.9555157
576860085,-37.824468,144.9885246
777793465,-37.8070658,144.9555582
576860093,-37.8244618,144.9889108
777793471,-37.8062531,144.9557032
576860104,-37.8247565,144.9886916
2204643278,-37.8030685,144.9776517
2204643282,-37.7998142,144.9782391
2204643289,-37.8040853,144.9774792
2204643308,-37.7990439,144.9783346
2960404462,-37.8185187,144.9653177
2204643315,-37.8045641,144.9773979
2204643319,-37.7998105,144.9782045
2277912675,-37.8217698,144.9368437
2277912676,-37.8222465,144.9366965
2277912677,-37.8219328,144.9375474
2277912678,-37.8224018,144.9373722
2277912679,-37.8220996,144.9382293
2277912680,-37.8225599,144.9380572
2277912688,-37.8230238,144.9400641
2277912682,-37.8222606,144.9388877
2277912683,-37.8227174,144.9387394
2277912686,-37.8228692,144.9393981
2277912685,-37.8224249,144.9395599
2277912699,-37.8230126,144.9420223
2277912706,-37.8236199,144.9429621
381825173,-37.8095786,144.9765781
577458193,-37.8184173,144.9778153
252588302,-37.8177843,144.9746616
252588303,-37.8159167,144.9724358
252588317,-37.8161217,144.9725398
30945575,-37.8082903,144.9785409
581710135,-37.8050396,144.9267227
581710139,-37.8050725,144.9277251
581710140,-37.8051063,144.9282488
5457981821,-37.8220982,144.9383513
30945662,-37.8121119,144.9778596
5457981822,-37.822107,144.9383885
774517121,-37.8063372,144.9595445
580530626,-37.8012188,145.0085809
30945778,-37.8169681,144.9901651
252588540,-37.8209726,144.9762569
576860674,-37.8247956,144.9889474
576860677,-37.8248728,144.9889915
92156538,-37.8201849,144.9650942
114569851,-37.8168814,144.9655878
361771651,-37.7998612,144.9786891
114569880,-37.8173459,144.9658029
774517574,-37.8063227,144.9594192
446051190,-37.8022099,144.9605892
443298695,-37.8130453,144.9856635
446051211,-37.8022254,144.9607487
6202471307,-37.8207999,144.9794147
3202364312,-37.8155822,144.9579939
252588993,-37.8151363,144.9471952
252588998,-37.8178976,144.9485457
6202471447,-37.8229383,144.9810236
5427967025,-37.8006507,144.9577092
5427967026,-37.7998387,144.9578234
5427967031,-37.8016092,144.9584589
5427967032,-37.8007415,144.9586101
5427967043,-37.8002438,144.9597193
5427967046,-37.8000991,144.9610344
30946384,-37.8004914,144.9734901
30946386,-37.7999197,144.9726977
774517861,-37.8063316,144.9594948
579482827,-37.8157243,144.9500937
6167344360,-37.8166716,144.9697287
6167344361,-37.8157898,144.9693159
6167344362,-37.8149102,144.9689153
6167344363,-37.8148453,144.9688857
6167344364,-37.8148129,144.9688716
6167344365,-37.8147838,144.9688593
6167344366,-37.8147538,144.968845
6167344367,-37.8147057,144.9688207
6167344368,-37.8138113,144.9684082
6167344369,-37.8134584,144.9682485
6167344370,-37.8131986,144.9681269
6167344372,-37.8128422,144.9679522
6167344376,-37.8118508,144.9674961
6167344377,-37.8109926,144.9671115
6167344378,-37.8109273,144.9670828
6167344380,-37.810775,144.9670145
6167344384,-37.8090317,144.9662126
577516814,-37.8243276,144.9731099
30946627,-37.8045464,144.9724356
577516867,-37.8244191,144.9733024
6167344485,-37.8089518,144.9661747
6167344486,-37.808916,144.9661566
6167344487,-37.8088896,144.9661459
6167344488,-37.8088472,144.9661252
6167344489,-37.8087997,144.9660998
6167344491,-37.8075549,144.9655981
6167344492,-37.8070779,144.9656769
6167344493,-37.8087126,144.9663936
6167344494,-37.8087625,144.9664167
6167344496,-37.8088313,144.9664485
6167344497,-37.8088679,144.9664654
6167344498,-37.8089463,144.9665017
6167344500,-37.8077569,144.9659547
6167344505,-37.8070359,144.9660046
6167344507,-37.8070022,144.9656899
6167344508,-37.8069045,144.9657067
6167344511,-37.8068471,144.9657943
6167344515,-37.8106928,144.9672934
6167344517,-37.8108465,144.9673634
6167344518,-37.8109115,144.9673948
6167344520,-37.8117685,144.9677803
6167344521,-37.8126977,144.9682163
6167344522,-37.8128061,144.96827
6167344525,-37.8137283,144.9686925
6167344527,-37.8146207,144.9691071
6167344532,-37.81473,144.9691575
6167344535,-37.8157049,144.9696048
6167344538,-37.8100401,144.9694657
6167344540,-37.810201,144.9695499
6167344541,-37.8102617,144.9695829
6167344542,-37.8111324,144.9699786
6167344546,-37.8121195,144.9704425
6167344548,-37.8130921,144.9708751
6167344549,-37.8139812,144.971284
6167344552,-37.8140962,144.9713425
6167344553,-37.814129,144.9713601
6167344554,-37.8142018,144.9713993
6167344555,-37.8144235,144.9714992
6167344556,-37.8150627,144.9717904
6167344557,-37.815702,144.9720756
6167344558,-37.8159325,144.9721877
6167344559,-37.8159843,144.9722036
6167344560,-37.8160461,144.9722204
6167344561,-37.8160506,144.9722211
6167344562,-37.8160767,144.9722254
6167344563,-37.8160876,144.9722284
6167344564,-37.8161349,144.9722399
581711294,-37.8050914,144.9280168
6167344576,-37.815865,144.9731491
6167344579,-37.816032,144.9725812
6167344580,-37.8159533,144.9725343
6167344581,-37.8158964,144.972506
6167344582,-37.8158463,144.9724814
6167344583,-37.8153303,144.9722396
6167344584,-37.8149788,144.9720758
6167344585,-37.8145737,144.9718826
6167344586,-37.8141203,144.9716676
6167344588,-37.8140165,144.9716172
6167344591,-37.8138978,144.9715646
6167344592,-37.8130107,144.9711542
6167344596,-37.8120426,144.9707073
6167344600,-37.811054,144.9702495
6167344601,-37.8101791,144.9698524
6167344602,-37.8101199,144.9698246
6167344604,-37.8099546,144.9697511
2455254505,-37.7738026,144.9836466
2269263377,-37.8191715,144.9542421
443299470,-37.8116894,145.0009412
576861863,-37.8245216,144.988509
774518617,-37.8064517,144.9595625
774518620,-37.8064576,144.9597134
30947261,-37.8035334,144.9729297
302135272,-37.8062935,144.9824059
302135273,-37.8077748,144.9821599
1458422269,-37.8194857,145.0082458
5635979269,-37.8122235,144.9886834
277362770,-37.8113389,145.0085819
277362806,-37.8113448,145.0097902
277362814,-37.812075,145.0148103
30947457,-37.8033952,144.9663463
30947458,-37.803268,144.9651635
2935371904,-37.8248764,144.9916617
2935371911,-37.8249474,144.9922858
2935371913,-37.8251355,144.9920867
2935371922,-37.8249556,144.992358
1458422298,-37.8194349,145.008352
1458422301,-37.8177713,145.0071218
30947521,-37.8086821,144.9548234
1458422312,-37.8194964,145.0083377
1458422313,-37.8178885,145.0086407
774519013,-37.8064508,144.9594605
6131956011,-37.8252459,144.9806127
6131956019,-37.8257403,144.9816691
6131956021,-37.8239425,144.9825281
6131956024,-37.8238593,144.9818731
6131956072,-37.823723,144.9807934
3132504446,-37.8158528,144.9634938
577517978,-37.8267465,144.9745513
30947751,-37.8207972,144.9942398
277363204,-37.8107321,145.0100246
277363224,-37.8109133,145.0098328
577518118,-37.8250741,144.9763515
577518122,-37.8244322,144.9757989
577518129,-37.823736,144.9761444
30947901,-37.8105704,145.0006616
30947902,-37.8117548,145.0004319
30947903,-37.8145049,144.9999174
30947904,-37.8158704,144.9996609
103299651,-37.8155991,144.9622488
111295073,-37.8231928,144.960834
30947983,-37.8109101,145.0041604
30947984,-37.811942,145.0039821
30947985,-37.8110063,145.005156
30948030,-37.8126671,145.0002617
30948028,-37.8146136,145.0091926
6245726959,-37.8101983,144.9766874
30948116,-37.811221,145.0073618
30948117,-37.8143628,145.0068668
332544824,-37.805421,144.943106
332544825,-37.8055089,144.9431064
30948162,-37.8113359,145.0084965
30948166,-37.8144574,145.0077358
5797722961,-37.8063012,144.9437447
5797722962,-37.806413,144.944002
30948182,-37.8176852,145.0071353
332544859,-37.8101575,144.9500656
332544860,-37.8110223,144.9505115
332544866,-37.8101114,144.949889
332544910,-37.8099503,144.9504362
332544912,-37.8102047,144.949947
2207661088,-37.8005422,144.9459658
589708326,-37.8208845,144.9548011
589708331,-37.820865,144.9548784
2207661109,-37.8018204,144.9457393
589708344,-37.8208189,144.9550615
2207661117,-37.8005335,144.9458871
2207661122,-37.8005373,144.9459215
130038870,-37.806016,144.9400612
4735909079,-37.804282,144.9497604
4735909080,-37.8042599,144.9495596
4735909090,-37.8041145,144.9495843
5457984809,-37.8219186,144.9375504
5457984810,-37.8219252,144.9375827
5680151853,-37.8197841,144.9790342
332152166,-37.8069008,144.9842029
332152172,-37.807943,144.9840139
527842694,-37.8082783,144.9826774
248266235,-37.8272185,144.9881432
248266307,-37.8249062,144.9911605
313278043,-37.8092153,144.9629469
313278044,-37.8094362,144.9630427
313278047,-37.8095845,144.9616905
845692519,-37.819959,144.968404
92159611,-37.8191774,144.9655193
130039434,-37.8051789,144.9372875
845692578,-37.8199451,144.9686021
92159669,-37.8210938,144.9618111
4315299520,-37.8186097,144.9945661
4315299528,-37.8196114,144.9937264
2621587160,-37.8001404,145.01411
3775020762,-37.8073967,144.984113
2621587187,-37.8069839,145.0106199
313278197,-37.8087518,144.9625248
2621587189,-37.80741,145.0105353
2621587191,-37.8088324,145.0102526
2621587200,-37.8082815,145.0096353
313278217,-37.8077348,144.9620648
3218226975,-37.8083698,144.9450047
3218226979,-37.8076183,144.945192
3218226980,-37.8073374,144.9445753
3218226982,-37.8072912,144.9444704
3218226989,-37.8074349,144.9447892
313278255,-37.8086441,144.9628946
3218226991,-37.8075733,144.9450948
3218226996,-37.807841,144.9456925
3218226997,-37.8064293,144.9453257
3218226999,-37.8065742,144.9456498
3218227005,-37.8068572,144.9462833
332546017,-37.8093685,144.9493415
847527932,-37.823175,144.9660952
576864255,-37.8237092,144.9869112
576864252,-37.8242449,144.9868322
576864253,-37.8242258,144.9866885
579485835,-37.8154991,144.9499257
847528076,-37.823695,144.9672159
332546227,-37.8088897,144.94895
332546228,-37.8085702,144.9486614
332546359,-37.8074681,144.9428696
611991912,-37.8033312,144.9555054
611991913,-37.8036544,144.9554625
611991915,-37.802901,144.9550213
611991916,-37.8022464,144.9542159
611991924,-37.802431,144.9544456
5680152951,-37.8173296,144.9673881
144720250,-37.819967,144.9572895
938361251,-37.8150469,144.9951377
2615820737,-37.8061677,144.9584226
2615820738,-37.8062082,144.9584161
847528391,-37.8233887,144.967428
309346765,-37.8142839,145.0023517
3543024079,-37.8118993,144.9564023
579486160,-37.815112,144.9496323
579486162,-37.8148863,144.9494674
3933094363,-37.8081344,144.9602
103301615,-37.8157514,144.9617292
746340941,-37.8050262,144.9960685
746340945,-37.8049857,144.9956792
746340949,-37.8049521,144.9953579
746341027,-37.8032039,144.9963452
746341029,-37.8032334,144.9966443
746341037,-37.8032806,144.9970679
309346989,-37.8149275,144.9998357
4095230643,-37.810386,144.992749
443302587,-37.8114152,145.0050906
579486396,-37.8169204,144.9510756
443302591,-37.8118953,145.0034273
5922126223,-37.8185087,144.9714423
1463620502,-37.8190572,145.0038094
1463620503,-37.8168831,145.0073361
3933095111,-37.8076153,144.9703478
710034749,-37.8148243,144.9376494
2624210238,-37.8021264,144.9540597
2699707720,-37.8151312,144.9662281
577520998,-37.8245545,144.9723329
277366120,-37.8024438,145.0139305
277366121,-37.8022971,145.0136632
4287120807,-37.8108767,144.9872027
777799144,-37.8059233,144.9551985
847529552,-37.8237191,144.9673522
847529568,-37.823708,144.9672747
847529577,-37.8236313,144.9673422
847529579,-37.8237154,144.9673126
581715612,-37.805324,144.933267
277366439,-37.8024117,145.0094612
145245869,-37.8161748,144.9602547
2397324975,-37.820153,144.9428437
581715637,-37.8052229,144.9324237
2397324992,-37.818954,144.9432642
610682568,-37.8117936,145.008416
277366483,-37.8003874,145.0057105
610682590,-37.8115895,145.0063903
2207663839,-37.8005285,144.9458413
591415025,-37.8191633,144.961103
176703234,-37.8109425,144.9639832
145245956,-37.8166806,144.9604608
176703266,-37.811156,144.9640807
145245999,-37.8163708,144.9603311
589449038,-37.809817,144.9729539
145246048,-37.8160506,144.9606845
710035320,-37.8147988,144.9377038
710035347,-37.8148138,144.9377022
197019550,-37.8232572,144.9703207
847529899,-37.8237966,144.9684956
847530001,-37.8237801,144.9687099
589449264,-37.8097439,144.9727467
3281799246,-37.8239976,144.9426074
3281799254,-37.824583,144.9459414
989874281,-37.8058945,144.9614363
277366890,-37.8030083,145.0089613
277366891,-37.8030914,145.008892
338577629,-37.8035311,144.9810821
1253853406,-37.8081488,144.975634
131221744,-37.8126526,144.9607696
2177124599,-37.8149037,144.9605871
2177124607,-37.8163506,144.9556104
2177124611,-37.8150139,144.9606319
2177124614,-37.8161599,144.9566912
2177124617,-37.816049,144.9570548
2177124622,-37.8162688,144.9563044
2177124623,-37.8164534,144.9556614
2177124624,-37.8164124,144.9558028
131221774,-37.8136563,144.9612615
589449502,-37.8094366,144.9727668
589449505,-37.8094457,144.9727357
131221827,-37.8130033,144.9609387
5299390820,-37.8114704,144.9375319
847530367,-37.8236638,144.9675483
277367211,-37.8054523,145.0005859
277367212,-37.8054565,145.0003472
3427813818,-37.807228,144.9966617
4072557018,-37.8143618,144.9952645
4072557022,-37.8128953,144.995536
4072557024,-37.8132998,144.9954611
2190625300,-37.8095634,144.9637109
2190625303,-37.809643,144.9636326
2190625304,-37.8094296,144.9637378
847530550,-37.8235949,144.9671315
847530551,-37.8233525,144.9671934
847530555,-37.8233242,144.9674463
589449808,-37.8093688,144.9727775
589449820,-37.8094626,144.9723672
589449823,-37.8094971,144.9722022
581716579,-37.805207,144.9328891
577522375,-37.822822,144.9708878
577522376,-37.8231165,144.9708702
6245731019,-37.8107465,144.9761891
6245731020,-37.8106616,144.9762036
6245731023,-37.8105586,144.9761693
6245731024,-37.8104434,144.9768337
6245731035,-37.8107123,144.9771495
6245731037,-37.8107586,144.9771086
6245731039,-37.8108441,144.9770893
575556336,-37.824281,144.9851016
579488505,-37.8140854,144.9488558
6245731080,-37.8106251,144.9781055
6245731104,-37.8098661,144.976295
6245731101,-37.8098124,144.976242
589450032,-37.8094771,144.972299
847530804,-37.8225751,144.9671826
176704317,-37.8113564,144.9641723
777800550,-37.8037441,144.9554409
992496487,-37.8232215,144.9704255
847530926,-37.8223696,144.9677097
650267588,-37.8153783,144.9773321
589450215,-37.8094878,144.9722515
781082267,-37.8228581,145.0141013
4698484056,-37.8009307,145.005533
581717087,-37.8051953,144.9331841
581717100,-37.8052568,144.9337541
4315827361,-37.810602,145.0008268
4315827363,-37.8117626,145.0004116
4315827362,-37.8117477,145.0004545
4315827364,-37.8118332,145.0004391
4315827369,-37.8132482,145.0001319
777800877,-37.8037609,144.9556014
4315827371,-37.8145067,144.9999352
4315827373,-37.8196922,144.9989929
4315827375,-37.8200121,144.9989367
4315827378,-37.8216329,144.9986131
4315827379,-37.8223443,144.998488
2632207571,-37.8176641,144.9837022
332549397,-37.8070747,144.947083
5299391821,-37.8113745,144.9368917
5299391822,-37.8114219,144.9366916
277368222,-37.8064769,145.0080747
31477171,-37.7998519,144.993109
31477172,-37.8002885,144.9975638
847531461,-37.8207156,144.9695057
3721154038,-37.8159318,145.0135796
847531521,-37.8208282,144.9680865
847531553,-37.8209077,144.9681241
847531670,-37.8207456,144.9688791
2632208067,-37.8178994,144.989793
2632208068,-37.819355,144.9895766
2632208069,-37.8190415,144.9896199
55725841,-37.8078054,144.9558732
5109337886,-37.8236177,144.982925
576868170,-37.8237007,144.9868771
2187874240,-37.8154287,144.9665185
2187874242,-37.8144896,144.9660863
2187874241,-37.8155186,144.9665599
581717964,-37.8054083,144.9346526
581717966,-37.8054867,144.9351555
114577426,-37.8167112,144.9661715
4313862232,-37.817893,144.9900038
1042174041,-37.8047703,144.9646829
4313862235,-37.8185075,144.9909062
4313862244,-37.8185383,144.9911937
4313862246,-37.8185851,144.9915878
4313862256,-37.8187409,144.9908463
4313862260,-37.8181916,144.9922652
4313862261,-37.8182677,144.9929098
577523837,-37.8247826,144.9759755
4305342595,-37.8017706,144.9798675
4305342596,-37.8017586,144.9797336
4305342598,-37.8015163,144.9802451
2324975784,-37.8096649,144.9727582
847532233,-37.821267,144.9669644
847532240,-37.8208963,144.9670096
847532322,-37.8209127,144.9670552
589451560,-37.809817,144.9730337
589713786,-37.8206673,144.956766
847532415,-37.8210104,144.9675621
576868758,-37.8239236,144.990595
576868765,-37.8238216,144.9902251
2385138106,-37.8185141,144.9758658
589713852,-37.8208675,144.956
575561666,-37.823958,144.9825495
3189789232,-37.8040024,144.968017
650269226,-37.8144776,144.9788447
529158814,-37.8237544,144.9405293
4969353892,-37.8154653,144.9356584
6145331908,-37.8046012,144.9745859
575561731,-37.8246201,144.9797378
650269460,-37.8148083,144.9814605
529158996,-37.8236483,144.940564
529159000,-37.8237269,144.9404042
529159001,-37.8236213,144.9404384
2473002373,-37.8041677,145.0028476
767710271,-37.8049627,144.9735331
767710278,-37.8053582,144.9734661
3790886018,-37.7992786,144.9367969
122705038,-37.8216979,144.951984
2188399786,-37.8128209,144.9680257
2188399789,-37.8120585,144.9706525
2188399790,-37.8127749,144.968184
2188399791,-37.8120349,144.9706416
2188399793,-37.8121085,144.9704805
52450483,-37.7914845,144.9367602
52450490,-37.7922014,144.9366421
222975227,-37.802148,144.9850819
6207067487,-37.8027124,144.9651559
145249638,-37.8161542,144.9603214
847533460,-37.8200083,144.9670063
283530679,-37.8173539,144.9734986
6206936509,-37.8059755,144.9442868
202659263,-37.8045032,144.9166122
650270229,-37.8134666,144.980399
1681675817,-37.8098134,144.9765858
1681675827,-37.8098103,144.9765363
1681675832,-37.8098047,144.9766195
1681675840,-37.8098862,144.9763827
1681675844,-37.8098183,144.9765028
1681675853,-37.8098238,144.976572
1681675856,-37.809841,144.9763289
1681675863,-37.809828,144.9764612
1492145770,-37.8135389,144.9502042
1492145774,-37.8128175,144.9513676
1492145781,-37.8132199,144.9514842
1492145782,-37.8131041,144.9517013
1492145785,-37.8132333,144.9513085
1449285243,-37.8161105,144.9826099
1492145788,-37.8132424,144.9513894
1449285248,-37.8160257,144.9825756
1449285254,-37.8161176,144.9826679
1449285256,-37.8160865,144.9826826
1492145815,-37.8132486,144.9512
1492145816,-37.813229,144.9514476
1492145817,-37.8129912,144.952109
1449285284,-37.8160418,144.982697
1492145844,-37.813247,144.9513724
1492145845,-37.8132329,144.9513658
1492145846,-37.8130859,144.9519527
1492145850,-37.8132269,144.9514562
1450727124,-37.8238686,144.9838149
122705649,-37.821765,144.9522671
111302426,-37.8253057,144.9571467
650270799,-37.8141799,144.9793023
2384091370,-37.8047237,144.9642496
2384091371,-37.8051575,144.9682948
2384091372,-37.8071735,144.9672781
2384091373,-37.8071932,144.9674688
2384091374,-37.8076593,144.9708693
2384091377,-37.8078343,144.9730469
2384091378,-37.8078707,144.9730414
2384091379,-37.8078997,144.9733817
2384091380,-37.8079064,144.9730355
2384091381,-37.8079154,144.9733791
2384091382,-37.8079398,144.9733751
2384091383,-37.8079354,144.9730292
2384091386,-37.8081722,144.973047
2384091387,-37.8081804,144.9731354
2384091388,-37.8081839,144.9731736
2384091389,-37.8081909,144.9732485
2384091391,-37.8149978,144.9720111
2384091392,-37.8177426,144.9660599
2384091393,-37.8177973,144.9658647
588197070,-37.8121845,144.9738657
163634513,-37.8242002,144.9526999
55859649,-37.8049759,144.9832398
55859661,-37.8053285,144.9863077
650271243,-37.8141514,144.9775317
222976606,-37.8022422,144.9859698
416832108,-37.8116652,144.9844562
1132023820,-37.8173643,144.9460147
5959605036,-37.8163302,144.9958943
6126066495,-37.8172742,145.0132878
774527826,-37.8062887,144.9593388
774527847,-37.8061847,144.9585761
1463620743,-37.8174943,145.0055232
6282173382,-37.8232224,144.9765859
6282173383,-37.8231665,144.9761411
594172912,-37.8164149,144.9654376
2615827667,-37.8072306,144.967816
6212705501,-37.808701,144.9729558
575560977,-37.8259124,144.9816174
2183290170,-37.8072611,144.962779
2183290179,-37.8074038,144.9628187
575379890,-37.8199186,144.9824704
2183290186,-37.8074979,144.9628913
5424203727,-37.8189958,144.9768879
2183290188,-37.8075089,144.962853
5424203729,-37.8190024,144.9769484
246439386,-37.8107963,144.9711395
650272219,-37.8136748,144.9818194
246439398,-37.8105418,144.9720184
650272246,-37.8127158,144.9816107
2313051644,-37.816727,144.9642958
650272311,-37.8114931,144.9813197
650272351,-37.8104171,144.9810141
6282174090,-37.8233277,144.9780786
6282174091,-37.8232786,144.9784947
6282174096,-37.8233381,144.9782446
6282174102,-37.8232068,144.9763573
6024224413,-37.8197324,144.9453164
6024224416,-37.8195969,144.9447959
6282174109,-37.8230387,144.9759409
6282174139,-37.8233497,144.9765454
6282174141,-37.8232903,144.9766577
6282174144,-37.8233756,144.9781295
6282174147,-37.8230592,144.9764141
6282174153,-37.8230473,144.9763585
6282174154,-37.823121,144.9763575
6282174159,-37.8230804,144.9779952
250933628,-37.8248651,145.007333
250933629,-37.8246444,145.0057775
1492410145,-37.8046123,144.9632233
1492410147,-37.8065909,144.9629864
1492410149,-37.8046039,144.9631487
1492410156,-37.8045206,144.9632404
1492410160,-37.8026507,144.9634616
1492410162,-37.8045307,144.963331
114581307,-37.8167011,144.9662052
1492410173,-37.8046164,144.9632588
1492410178,-37.8040957,144.9634487
1492410186,-37.8046228,144.9633154
1492410187,-37.805044,144.9632828
1492410192,-37.802562,144.9637171
1492410194,-37.8036436,144.9633913
1492410198,-37.8065787,144.9628691
1492410203,-37.8040912,144.9634073
1492410223,-37.8058535,144.963145
650272629,-37.8103335,144.980929
577396644,-37.8193848,144.9798169
577396673,-37.82126,144.982661
767582148,-37.8080557,144.9714543
767582209,-37.8077007,144.9714503
4148846600,-37.8163542,144.9851405
4148846602,-37.8163696,144.9852465
2239389713,-37.811068,145.0005697
711745634,-37.815309,144.9459185
55861404,-37.8063565,144.9829932
774529205,-37.8062378,144.9593026
991977663,-37.8201261,144.9683846
531390701,-37.8253207,144.9533112
531390710,-37.8192464,144.9424488
531390712,-37.8180086,144.9459158
531390714,-37.8183805,144.9449207
531390718,-37.8190369,144.9433207
531390737,-37.8213826,144.946364
443310353,-37.801873,144.9801786
991977779,-37.819956,144.9673694
54550902,-37.8193841,144.9894776
3721159056,-37.8166413,145.0133787
3721159057,-37.8166191,145.0134406
710042045,-37.8115931,144.9381966
650273215,-37.8102123,144.9807122
991978006,-37.8201228,144.9684375
1490182710,-37.821922,144.9737985
1490182711,-37.8220691,144.9738881
3293340280,-37.8238772,144.981668
3293340286,-37.8238359,144.9814255
3293340293,-37.8223778,144.9752217
3293340294,-37.8238537,144.9811678
33317568,-37.8028506,144.9482148
544367430,-37.8023772,145.0095198
650273629,-37.8113724,144.9801395
2771805040,-37.8142456,144.9744632
767583225,-37.8090565,144.9719345
1492149379,-37.8131857,144.9516108
650274000,-37.8121427,144.9792291
579495286,-37.8141251,144.9488896
2766300592,-37.8002377,144.9699444
2766300593,-37.7996592,144.9701942
2766300594,-37.8021153,144.9697722
2766300598,-37.8021013,144.9696254
2766300599,-37.8018142,144.969824
2766300600,-37.8017977,144.9696773
2766300602,-37.8033452,144.9694125
2766300604,-37.8067131,144.9688406
114583003,-37.8166344,144.966435
2834982472,-37.8121739,145.014645
2834982476,-37.8124202,145.0150312
1449289318,-37.8152092,144.9849396
6206809710,-37.8138762,144.9916172
1449289339,-37.8153045,144.985822
54552187,-37.8197522,144.9850319
54552189,-37.8204207,144.9850024
54552190,-37.8203995,144.9848481
767583992,-37.807883,144.9713752
767584026,-37.8076865,144.9705908
561538862,-37.8003123,145.0041206
561538868,-37.8008899,145.0053961
561538874,-37.8007577,145.0054439
128882408,-37.8015661,145.0020204
5797734215,-37.803466,144.9481039
5797734218,-37.8036135,144.9484611
5797734219,-37.8036352,144.9486406
561538887,-37.7995518,145.0036237
2975229836,-37.8011582,144.9576924
2975229837,-37.8014507,144.9576509
2975229838,-37.8014705,144.9578627
2975229842,-37.8014608,144.9581615
767584149,-37.8075842,144.9708509
767584204,-37.8075354,144.9704177
767584383,-37.8080663,144.9688152
767584430,-37.8078683,144.969902
5257193649,-37.8120571,144.9882183
5257193650,-37.812231,144.9886793
5257193653,-37.8132691,144.9884997
5257193654,-37.8130118,144.9762313
5257193656,-37.8127872,144.9770046
113535163,-37.8172965,144.9641668
576874718,-37.823242,144.9881207
54552818,-37.8205224,144.9840059
54552819,-37.8205595,144.9839187
54552820,-37.8205902,144.9838249
54552821,-37.8206336,144.9836358
54552822,-37.8206442,144.9833394
54552823,-37.8205574,144.9829518
54552825,-37.8203517,144.9826282
54552827,-37.82014,144.9824864
54552828,-37.8198497,144.9824891
2768660746,-37.8220638,144.9740074
767584572,-37.8075566,144.9707945
418539889,-37.8214115,144.9892355
418539890,-37.8214287,144.9894055
655124860,-37.8075656,144.9424015
655124861,-37.8076334,144.9422621
655124862,-37.807502,144.942541
6167357824,-37.8079266,144.9712996
6167357830,-37.8079892,144.97161
6167357831,-37.8080646,144.9717155
6167357832,-37.8079127,144.9714577
6167357828,-37.8077315,144.9708402
767584648,-37.8076856,144.970857
6167357839,-37.8078225,144.9713961
6167357838,-37.8078941,144.9714059
767584651,-37.8076064,144.9708938
6167357842,-37.807649,144.9713701
6167357843,-37.8075276,144.97136
6167357840,-37.8077086,144.9713827
6167357841,-37.8076849,144.9713767
767584653,-37.8074951,144.9705504
6167357844,-37.8074428,144.9713623
6167357850,-37.8092351,144.9722247
6167357851,-37.8092878,144.9722506
6167357852,-37.8094676,144.9723439
6167357849,-37.8089992,144.972109
6167357853,-37.809318,144.9719386
6167357854,-37.8094745,144.9720174
6167357855,-37.8095396,144.9720503
6167357856,-37.8104056,144.9724463
6167357857,-37.81106,144.9727426
6167357858,-37.8113306,144.9728599
6167357859,-37.8113706,144.9728774
6167357860,-37.8113985,144.9728899
6167357861,-37.8114627,144.9729188
6167357862,-37.8123714,144.9733446
6167357867,-37.8134362,144.9738214
6167357868,-37.8134528,144.9738281
6167357863,-37.8126665,144.9734777
6167357871,-37.8148807,144.974528
6167357873,-37.815109,144.9749588
6167357881,-37.8128255,144.9738022
6167357883,-37.812895,144.9739274
4005718489,-37.8203616,144.9895831
767584756,-37.8072116,144.950856
2776394277,-37.8119871,144.9637311
2776394279,-37.812029,144.9635865
2776394281,-37.8117797,144.9634761
767584876,-37.8080853,144.973057
767584894,-37.8077001,144.9731247
1492150939,-37.8151868,144.9523394
1492150945,-37.8150314,144.9528897
35285670,-37.8009706,144.949928
1982491306,-37.8015386,144.9480116
1492150972,-37.8153034,144.9519421
1492150982,-37.81516,144.9524316
1492150984,-37.815176,144.9523768
1492150985,-37.8152043,144.9522786
1492150987,-37.8152183,144.9518997
767584972,-37.8073818,144.9728786
767584984,-37.8073299,144.9724106
3313134375,-37.8172405,144.9673527
650275631,-37.8135539,144.9806089
6167489359,-37.8131603,144.9516
6167489384,-37.8099171,144.9582162
6167489386,-37.8095626,144.9575167
6167489387,-37.8095602,144.9574876
6167489397,-37.8099121,144.9585577
6167489398,-37.8100068,144.9585957
6167489399,-37.8096114,144.9595749
6167489400,-37.8094757,144.9604039
6167489405,-37.8097055,144.9596272
6167489409,-37.8099973,144.9582524
6167489410,-37.8100834,144.9582913
6167489411,-37.8100612,144.9583836
6167489412,-37.8100277,144.9585231
6167489418,-37.8106562,144.9588867
6167489419,-37.8108822,144.9589878
6167489420,-37.8109253,144.9590079
6167489421,-37.8110229,144.9590535
6167489423,-37.810968,144.9586967
6167489424,-37.8110074,144.9587153
6167489425,-37.8111047,144.9587613
6167489426,-37.8111977,144.9588052
6167489427,-37.8115095,144.959273
6167489429,-37.8120093,144.9591772
6167489430,-37.8120409,144.9591904
6167489431,-37.8121172,144.9592222
6167489434,-37.8119421,144.9594111
6167489436,-37.8120457,144.9594573
6167489437,-37.81209,144.9593116
6167489439,-37.8128454,144.9598685
6167489440,-37.8129377,144.9595872
6167489441,-37.8129884,144.959612
6167489442,-37.8130823,144.959658
6167489443,-37.8131553,144.9596938
6167489445,-37.8130001,144.9599442
6167489446,-37.8130716,144.9599792
6167489449,-37.8139299,144.9603733
6167489451,-37.8139569,144.9601516
6167489452,-37.8139827,144.9600644
6167489453,-37.8139816,144.9604015
6167489454,-37.8140025,144.9603382
6167489455,-37.81405,144.9601946
6167489456,-37.8140793,144.9601084
6167489457,-37.8140202,144.9600804
6167489458,-37.8148408,144.960803
6167489459,-37.8148803,144.96082
6167489460,-37.8149086,144.9608321
6167489461,-37.8149478,144.9608489
6167489463,-37.8150344,144.9605564
6167489464,-37.8149938,144.9605383
6167489465,-37.8149648,144.9605254
6167489462,-37.815026,144.9608825
6167489467,-37.8159437,144.9609659
6167489468,-37.8159187,144.9610528
6167489466,-37.8158592,144.9612594
6167489470,-37.8158834,144.9612715
6167489471,-37.8159634,144.9613069
6167489473,-37.8160186,144.9610975
6167489474,-37.8160413,144.9610111
6167489475,-37.8159653,144.9609759
6167489476,-37.8168667,144.9613975
6167489477,-37.8167841,144.9616873
6167489478,-37.8168214,144.9617058
6167489479,-37.8169115,144.9617505
6167489481,-37.8169075,144.9614164
6167489482,-37.8169947,144.9614569
6167489483,-37.8170761,144.9614947
6167489484,-37.8179187,144.9618773
6167489485,-37.8178333,144.9621506
6167489486,-37.8174039,144.9619702
6167489488,-37.8178439,144.9621165
6167489489,-37.8179571,144.9618977
6167489490,-37.8180126,144.9619272
6167489491,-37.818828,144.9622987
6167489492,-37.8187434,144.9625917
6167489493,-37.8179318,144.9621993
6167489497,-37.8189962,144.9627055
576875476,-37.8194685,144.9791273
650275823,-37.8130547,144.9816845
663120884,-37.8001129,144.9553604
663120882,-37.8001227,144.9549143
6207106485,-37.8117797,144.9988291
576875515,-37.8196497,144.9795095
663120957,-37.8001524,144.9551627
663120967,-37.7999256,144.9551217
767585458,-37.8069927,144.9729476
541122850,-37.8024563,145.0096551
3293342992,-37.8238393,144.9812543
113536277,-37.8177558,144.9625886
3293342999,-37.8238715,144.9810776
3293343010,-37.8238631,144.9816201
3293343016,-37.8238423,144.9814975
2975231286,-37.8006576,144.9577659
2975231291,-37.8007361,144.9585612
711749003,-37.8149372,144.9452921
576875919,-37.8182971,144.975701
576875920,-37.8183117,144.9755586
579497457,-37.8149255,144.9502653
711749196,-37.8149472,144.9450208
579497586,-37.8147867,144.9500749
575434354,-37.8211316,144.9841749
575434357,-37.8210659,144.9843399
575434361,-37.8209822,144.9845129
575434365,-37.8208646,144.9846952
575434371,-37.8207565,144.9848213
575434375,-37.8207703,144.9848428
575434378,-37.8207322,144.9848817
575434381,-37.8205669,144.9850238
575434384,-37.8205542,144.984997
575434387,-37.8204694,144.9850547
575434391,-37.8203487,144.985119
575434395,-37.8202215,144.9851673
575434398,-37.820265,144.9854396
575434417,-37.8202406,144.9854959
1982492360,-37.8004549,144.9452385
206204623,-37.818102,144.9317802
206204624,-37.8180334,144.9330035
206204625,-37.8207271,144.9318429
575434454,-37.8195001,144.9852035
575434457,-37.819338,144.9851526
575434451,-37.8196865,144.9852639
575434461,-37.8191823,144.9850962
575434465,-37.8190467,144.9851874
575434469,-37.8188962,144.9848401
575434472,-37.8188613,144.9848736
1462398704,-37.8202377,145.01446
575434506,-37.8191261,144.9816871
576876304,-37.8178148,144.9746359
1462398739,-37.8198437,145.0116726
1462398773,-37.8199013,145.0122078
3938479955,-37.8201966,144.9650477
3938479956,-37.8201743,144.965127
1462398847,-37.8200061,145.0131178
1462398856,-37.8200618,145.0132237
1462398911,-37.8199587,145.0127352
650276838,-37.8117087,144.982926
1462398968,-37.8201747,145.0139798
6167359485,-37.812877,144.9740492
6167359489,-37.8126443,144.9738043
6167359490,-37.8123779,144.9736766
6167359491,-37.8124701,144.9733891
6167359493,-37.810853,144.9730038
6167359488,-37.8123041,144.9736425
6167359495,-37.8104539,144.9729768
6167359499,-37.8092035,144.9731432
6167359500,-37.8091394,144.9731543
6167359501,-37.8093731,144.9728458
6167359502,-37.8093784,144.9729283
6167359503,-37.8093808,144.9729656
6167359504,-37.8093847,144.9730268
6167359505,-37.8093901,144.9731119
6167359506,-37.8092985,144.9727852
6167359510,-37.8087298,144.9732127
2384097340,-37.810106,144.9555752
2384097341,-37.8103821,144.9557026
576876684,-37.8174345,144.9713113
591294679,-37.8175134,144.9675486
579498247,-37.814614,144.9498952
579498248,-37.8144752,144.9497557
579498250,-37.8142019,144.9494714
579498253,-37.8157265,144.9510606
650277209,-37.8113936,144.9830234
650277273,-37.8117026,144.9829797
5957906903,-37.8013612,144.9742048
5957906913,-37.8040885,144.9737319
5957906914,-37.8040996,144.9738286
5957906915,-37.8041039,144.9738665
5957906920,-37.8059168,144.9733743
5957906923,-37.8059246,144.9734402
5957906928,-37.8055329,144.9734372
5957906940,-37.8000597,144.9746291
5957906941,-37.8012083,144.9742299
5957906944,-37.8000517,144.9745569
5957906945,-37.8000473,144.9745175
767586829,-37.8089395,144.9729125
767586831,-37.8091799,144.9728744
5636125216,-37.8164845,145.0042899
5636125217,-37.8164722,145.0041737
643985980,-37.8152997,144.9902847
650277506,-37.8113959,144.9829026
6167229075,-37.8205448,144.9574546
6167229079,-37.8211013,144.9552709
6167229080,-37.8210396,144.9552382
6167229084,-37.8200469,144.9547662
711357122,-37.8071361,144.9594576
1492153091,-37.812419,144.9538206
1492153093,-37.8125285,144.9538705
1492153094,-37.8125613,144.9540462
1492153096,-37.8123689,144.9537979
1492153097,-37.8124494,144.9539867
1492153099,-37.8123309,144.9539252
1492153102,-37.8124577,144.9538382
1492153104,-37.8124859,144.953851
1492153105,-37.8125999,144.9539031
746912591,-37.8242032,144.9841512
746912592,-37.8242095,144.9842075
711357396,-37.8068504,144.9595236
613315545,-37.8143356,144.9615681
711357439,-37.8068265,144.9595076
259159110,-37.8227719,144.9714152
259159111,-37.8229075,144.9711835
259159152,-37.824345,144.9885233
2776396935,-37.8129664,144.9634303
2776396941,-37.8130868,144.9634825
579499162,-37.8151501,144.9505617
1283617975,-37.7990413,144.9541571
534017209,-37.8097134,144.9879612
1283618016,-37.7990428,144.9540125
2086696164,-37.8159761,144.9513099
591354256,-37.8229191,144.9553496
1283618042,-37.7989545,144.9541248
291965986,-37.8211049,144.955026
576877856,-37.8161066,144.972531
576877857,-37.8161049,144.9723421
591354259,-37.8228682,144.9553282
579499378,-37.814471,144.9496471
4421481854,-37.8037493,144.9737097
4421481853,-37.8036711,144.9730463
4421481863,-37.8035491,144.9730654
4421481865,-37.8044794,144.9732073
579499431,-37.8143184,144.9493829
393115051,-37.8117922,144.9989378
711357937,-37.8066047,144.9593586
576878119,-37.8160973,144.9721557
576878131,-37.8162031,144.9722562
1492416105,-37.8009419,144.9563946
1492416106,-37.8018895,144.9572637
594179721,-37.8163949,144.9654422
579499715,-37.8141838,144.9491295
34633426,-37.8068421,144.9542196
412776175,-37.812137,144.9935001
412776176,-37.8117788,144.9957427
259159793,-37.8216615,144.9630736
412776177,-37.8123649,144.9956342
259159800,-37.8220936,144.9635461
4326586166,-37.7996835,144.9575435
4326586167,-37.7996868,144.9575799
4326586170,-37.7997524,144.957535
4326586172,-37.8007705,144.9574101
4326586176,-37.8010574,144.9567674
4326586178,-37.80156,144.9573359
4326586180,-37.8071155,144.9598682
4326586182,-37.8081012,144.9603222
4326586183,-37.8082091,144.9604111
4326586184,-37.808219,144.9603764
4326586188,-37.8102571,144.9613166
4326586190,-37.8102835,144.9614249
4326586191,-37.8103024,144.9612727
4326586192,-37.8103246,144.961283
4326586193,-37.8103416,144.9613951
4326586194,-37.8103516,144.9613605
4326586198,-37.8112876,144.9617899
4326586201,-37.8123177,144.9622963
4326586203,-37.8132344,144.9627186
4326586205,-37.8141649,144.9631526
4326586206,-37.8141745,144.9631195
4326586208,-37.8142115,144.9632337
4326586200,-37.8122295,144.962224
4326586202,-37.8123258,144.9622684
4326586209,-37.8142263,144.9630802
4326586204,-37.8132425,144.9626908
4326586210,-37.8142526,144.9630923
4326586212,-37.8142756,144.9631661
4326586214,-37.8152228,144.9636
4326586219,-37.8161974,144.9639882
4326586220,-37.8162254,144.9640011
4326586216,-37.8161506,144.9640297
4326586213,-37.815213,144.9636356
4326586223,-37.8171853,144.9645447
4326586224,-37.8171905,144.9645271
4326586218,-37.8161845,144.9641422
4326586221,-37.8162295,144.9641044
4326586222,-37.8162393,144.9640706
4326586225,-37.8171949,144.9645119
549746541,-37.8127562,144.9891122
2207676346,-37.802563,144.9456337
549746669,-37.8116075,144.986225
549746693,-37.8111051,144.9868773
711358557,-37.8070879,144.9590458
871135414,-37.8059867,144.979449
131102989,-37.8145184,144.958323
4544035094,-37.8119326,144.9636221
4544035096,-37.8118633,144.9638606
4544035097,-37.8117238,144.9643407
4544035098,-37.8120488,144.9628453
4544035099,-37.8121452,144.9628902
576878926,-37.8177112,144.9670334
580024664,-37.8035896,144.9387291
1838361811,-37.8125294,144.9651535
711358863,-37.8062689,144.9584207
711358867,-37.8062553,144.9582936
1838361813,-37.8145064,144.9660349
591427994,-37.8189098,144.9625488
591427998,-37.818926,144.9624821
128874949,-37.8007517,145.0022001
128874985,-37.8006458,145.0012261
576879096,-37.8203203,144.9808828
576879097,-37.8201805,144.980577
6167230985,-37.8190884,144.9543375
6167230986,-37.8190398,144.9543176
6167230987,-37.8190351,144.9543153
6167230991,-37.8189236,144.9542636
6167230999,-37.8169463,144.9533552
6167231000,-37.8160628,144.9529516
6167231001,-37.8155682,144.9527158
6167231003,-37.8188878,144.9538868
6167231005,-37.8172549,144.9531826
6167231006,-37.817134,144.9531197
6167231007,-37.8152207,144.9522229
6167231010,-37.8132618,144.9513214
6167231022,-37.8150623,144.9530711
6167231023,-37.8148091,144.9539615
6167231024,-37.8145328,144.9549349
6167231026,-37.8139298,144.9570017
6167231027,-37.8138344,144.957367
6167231028,-37.8138252,144.9574021
6167231029,-37.8138047,144.9574646
6167231030,-37.8134857,144.9585706
6167231031,-37.8132252,144.959461
6167231032,-37.81309,144.959914
6167231033,-37.813008,144.9602039
6167231034,-37.812956,144.9603853
3036576338,-37.8064876,145.0038278
711359068,-37.8063579,144.9592039
3036576351,-37.806973,145.0055785
248746692,-37.8137727,144.9907207
248746693,-37.8142986,144.9952762
248746694,-37.8139845,144.9925554
248746700,-37.8120691,144.9956889
248746703,-37.8137403,144.9953796
248746706,-37.8110847,144.9926428
3146808059,-37.8127728,144.9837252
3146808060,-37.8117309,144.9838923
3146808061,-37.8116114,144.9839132
3146808063,-37.8138488,144.9836191
3146808064,-37.814102,144.984733
3146808069,-37.8116972,144.9835727
3146808070,-37.8115793,144.9835885
3146808071,-37.8118976,144.9866869
3146808072,-37.8120724,144.9871468
3146808075,-37.8126884,144.9878742
3146808076,-37.8125341,144.9878982
3146808077,-37.8120053,144.9877182
3146808078,-37.8121287,144.9876984
3146808079,-37.8120434,144.9880858
3146808080,-37.8121665,144.9880695
3146808092,-37.8105642,144.9845168
3146808093,-37.8104417,144.9845384
3146808094,-37.8106201,144.9849928
3146808095,-37.8104918,144.9850192
576879388,-37.8229052,144.985527
3146808097,-37.8105239,144.9853141
3146808100,-37.8100332,144.9807452
3146808102,-37.8099078,144.9795768
3146808096,-37.8106572,144.9852939
3146808103,-37.8099641,144.9902573
3146808104,-37.8104063,144.9901859
3146808108,-37.8100517,144.9836969
3146808113,-37.8104294,144.9844312
3146808114,-37.8095663,144.9836123
580025166,-37.8034225,144.9386034
4294474620,-37.805352,144.9736526
4294474621,-37.8053507,144.97377
4294474622,-37.8053576,144.9736032
591428485,-37.8185767,144.9637102
711359372,-37.8070805,144.9597162
579500978,-37.8140197,144.9491925
277117986,-37.8238015,144.9476026
1449295035,-37.8157826,144.9791621
1449295036,-37.8168287,144.9823523
1449295043,-37.8157301,144.9791528
1449295050,-37.8157609,144.9789945
1449295057,-37.8156949,144.979134
1449295066,-37.8156092,144.9789433
2347007243,-37.8179644,144.9460629
2347007247,-37.8211126,144.9472811
2347007251,-37.821586,144.9450722
2347007256,-37.823731,144.9826913
2347007258,-37.8238502,144.9836936
1390575046,-37.8618349,144.905716
591429117,-37.8180119,144.9649758
576840457,-37.8197764,144.9809488
54558279,-37.8191804,144.9776988
580026120,-37.8002524,144.9434681
248746929,-37.8236627,144.9971191
248746933,-37.8234562,144.9949336
591429446,-37.8182158,144.9651513
277118795,-37.8253385,144.9460998
248746940,-37.8232999,144.9931572
2013560660,-37.8111953,145.0070963
579501932,-37.8139953,144.9492407
591429485,-37.8182959,144.9648777
591429491,-37.8182266,144.9651144
248746952,-37.8204275,144.9910395
248746953,-37.8204958,144.9916339
248746954,-37.8186194,144.9920489
248746956,-37.8178088,144.9923317
248746959,-37.8183898,144.9899176
248746961,-37.8185054,144.9908864
6206873033,-37.8233549,144.9599171
777813987,-37.8038392,144.9563271
113541105,-37.8175475,144.9633031
113541129,-37.8174021,144.9638127
3863773230,-37.8253657,144.9477248
2442297401,-37.8171142,144.9531806
2442297408,-37.8178098,144.9516661
2442297410,-37.8176014,144.9515374
2442297413,-37.8175441,144.951741
2442297416,-37.8174651,144.9520047
2442297419,-37.8174036,144.9522062
1257406547,-37.8019718,144.9939704
1960476767,-37.817096,144.9528648
2442297447,-37.8188059,144.9524243
1960476776,-37.8172964,144.9529538
2442297450,-37.8188232,144.9523903
1960476797,-37.8173885,144.9526609
579502233,-37.8145324,144.9502117
128876884,-37.8027541,144.9949952
128876893,-37.8028201,144.9956864
128876901,-37.8028947,144.9963921
128876909,-37.8029669,144.9971376
176718197,-37.8143648,144.9664884
777814394,-37.8038433,144.9563621
591430021,-37.8184408,144.9641801
2696446373,-37.8117884,144.984438
2696446375,-37.8117628,144.985371
4730421707,-37.8034957,144.9497343
4730421708,-37.8035042,144.9498163
575570427,-37.8243287,144.9855656
243434000,-37.8234956,144.9764493
575570514,-37.8234727,144.9788056
245531231,-37.8124004,144.965599
575570529,-37.8240109,144.9830631
575570532,-37.824155,144.9842071
575570540,-37.8247008,144.988456
245531251,-37.8123861,144.9656484
591430323,-37.8178652,144.9663478
591430324,-37.8178315,144.9663314
4544037561,-37.8123833,144.9620705
3738993372,-37.8227125,145.0077275
6138135272,-37.8143283,144.9742895
4544561906,-37.8113142,144.9729803
4544561907,-37.8112736,144.9729621
578061043,-37.8252333,144.9451897
52593421,-37.8042068,144.9493511
554206047,-37.7994564,144.9350124
554206050,-37.801289,144.9360284
781091686,-37.8119347,145.0134889
145261423,-37.8156871,144.9619425
591430541,-37.8175146,144.9672298
591430562,-37.8174124,144.96759
250774441,-37.8144842,145.0092157
250774442,-37.816741,145.0088132
250774443,-37.8173912,145.0138215
250774446,-37.8158448,145.013596
250774448,-37.8173005,145.0132819
250774449,-37.8160237,145.0089436
250774450,-37.8166864,145.0134205
250774459,-37.8165214,145.0124522
250774458,-37.8183864,145.0130674
250774468,-37.8194355,145.0128547
250774471,-37.8173474,145.008734
250774472,-37.8179658,145.0131559
145261535,-37.8158075,144.9615259
245531711,-37.8123458,144.9657878
2209383495,-37.7996903,144.9576193
299026739,-37.8017477,145.0111609
222987367,-37.8067851,144.9880745
577518117,-37.8254576,144.9763005
591430819,-37.8174572,144.967618
591430822,-37.8175921,144.9672221
2841675038,-37.8006096,144.9702257
2841675041,-37.8080672,144.9692183
2841675045,-37.8082488,144.9685936
2841675062,-37.809687,144.9636474
2583201106,-37.8110699,144.9904037
2583201107,-37.8104417,144.9905071
591431019,-37.8177016,144.9672078
591431020,-37.8176145,144.967221
591431022,-37.8173826,144.9672611
591431023,-37.8173325,144.9673786
591431024,-37.8172916,144.9675174
591431033,-37.8178838,144.9678476
591431040,-37.8177293,144.9671865
1449297301,-37.8154546,144.9774748
1449297305,-37.8153946,144.9774634
1449297324,-37.8154411,144.9773305
1449297346,-37.8156128,144.9775071
591431246,-37.8177366,144.9669261
650282682,-37.8153641,144.9772463
5928027852,-37.8114087,144.9749462
361268957,-37.7989968,144.9778822
643991276,-37.8244134,144.9886387
54560511,-37.8207406,144.9785753
767592197,-37.8081019,144.973149
781092635,-37.8022925,144.9423995
781092668,-37.8023054,144.9425337
571377469,-37.8041339,144.9564001
781092688,-37.8024309,144.9436393
781092721,-37.8024164,144.9435114
245532558,-37.8119194,144.9672603
781092760,-37.8023596,144.9430107
781092782,-37.8025337,144.9445452
781092815,-37.8022013,144.9416029
1517193200,-37.8159335,144.9825903
767592455,-37.8079299,144.9733064
781092991,-37.8026508,144.9455772
767592583,-37.808003,144.9732937
767592589,-37.8081194,144.9731848
767592592,-37.8080931,144.9731894
154044566,-37.8205606,144.9669005
244222119,-37.8007681,144.9700039
244222121,-37.8003993,144.9704612
767592619,-37.8079225,144.9732186
767592620,-37.8078863,144.9732248
244222123,-37.8005686,144.9700381
781093034,-37.8031147,144.9496683
580028683,-37.8046445,144.9398597
1449298227,-37.8194746,144.9817627
767723857,-37.8047159,144.9723857
443189604,-37.819452,145.0037269
579504501,-37.8139487,144.949348
579504503,-37.8135461,144.9488599
781093236,-37.802889,144.9476755
781093248,-37.8027925,144.9468256
245533066,-37.8120357,144.9668588
781093319,-37.8030255,144.9488558
781093347,-37.8030545,144.9491339
2430634484,-37.8039339,144.9920078
781093374,-37.8029482,144.9481976
580160001,-37.7994828,144.9368464
702450201,-37.8054558,144.9440242
767724090,-37.8046338,144.9724212
767724093,-37.8046315,144.9723996
6206949955,-37.8160012,144.9696706
6206949956,-37.816051,144.9694919
781093481,-37.8031001,144.949536
3961293509,-37.8235083,144.9674029
3961293510,-37.8235797,144.9673879
3961293511,-37.8317585,144.9649035
131107544,-37.8143884,144.9587802
591432433,-37.8185254,144.9652954
591432434,-37.8186593,144.965357
591432435,-37.8187907,144.9654214
591432436,-37.8188914,144.9654683
591432437,-37.8190672,144.9655408
591432438,-37.8191244,144.9654965
131238672,-37.8133462,144.9623325
781093689,-37.8029931,144.9485699
131238716,-37.8136028,144.9614463
767593284,-37.8078889,144.9730386
131238763,-37.8135654,144.9615755
581733261,-37.8047047,144.9279162
131238813,-37.8135033,144.9617899
591432618,-37.8191531,144.9655098
131238848,-37.8134396,144.9620098
4120677316,-37.8099666,144.9645969
4120677317,-37.809982,144.9645405
3222703092,-37.8015212,144.9478527
131238902,-37.8135393,144.9616656
781093879,-37.8023973,144.9433432
3222703096,-37.8014226,144.9469542
3222703099,-37.8018774,144.9461521
3222703094,-37.8014708,144.947374
245533703,-37.8121555,144.966445
591432725,-37.8192184,144.9651152
131238955,-37.8128904,144.9613625
591432775,-37.8195302,144.9637571
196906311,-37.82381,144.9627168
176721271,-37.8141917,144.9671072
575434448,-37.8198041,144.9852907
176721301,-37.8142591,144.9668762
54562201,-37.8178498,144.9746051
5680172487,-37.808919,144.9728584
2385153634,-37.8008223,144.9417567
2640744060,-37.8035245,144.953434
702451422,-37.8049066,144.9477297
2302316258,-37.8111449,144.9784763
2302316260,-37.8113538,144.9785104
702451430,-37.8046538,144.945257
702451442,-37.8045447,144.9441896
4157116150,-37.817663,144.9911581
4157116156,-37.8179119,144.9934186
4157116158,-37.817924,144.9933848
4157116160,-37.8179477,144.9934677
4157116165,-37.8179881,144.9940972
4157116167,-37.8179899,144.9941126
4157116171,-37.8180467,144.9944995
4157116173,-37.8180563,144.9944585
4157116176,-37.818171,144.9957199
4157116177,-37.818184,144.9956959
4157116187,-37.8183002,144.9968055
528650042,-37.8208598,144.9472123
2086399986,-37.8004367,144.98402
767594363,-37.8070706,144.9712662
702451581,-37.8048302,144.9460522
767594381,-37.8071068,144.9709672
767594382,-37.8070286,144.9709445
1277988762,-37.8126057,145.0110143
702451621,-37.8047473,144.9452156
1277988773,-37.8125233,145.0103223
1277988777,-37.8132128,145.0108971
1277988775,-37.8135788,145.0107023
1277988792,-37.8135406,145.0103946
702451699,-37.8047336,144.9450941
6167236637,-37.81434,144.9546842
6167236639,-37.8143014,144.9548242
6167236640,-37.8139572,144.9560267
6167236641,-37.8136191,144.9571952
6167236642,-37.8136016,144.9572596
6167236643,-37.8135903,144.9572938
6167236644,-37.8135706,144.9573567
6167236645,-37.8132911,144.9583563
6167236646,-37.8132241,144.9586233
6167236647,-37.813157,144.9588659
6167236648,-37.8129068,144.9596814
6167236649,-37.812598,144.9607454
6167236650,-37.8123144,144.9617155
6167236651,-37.8121901,144.9621422
6167236652,-37.8121745,144.9621986
6167236653,-37.8121667,144.9622267
6167236654,-37.8121507,144.9622847
6167236655,-37.8115745,144.9642719
6167236656,-37.8114581,144.9646549
6167236657,-37.811453,144.9646701
6167236658,-37.8114481,144.9646868
6167236659,-37.811443,144.9647049
6167236662,-37.8110423,144.9661049
6167236663,-37.8107537,144.9670868
6167236664,-37.8107102,144.9672351
6167236665,-37.8106153,144.9675536
6167236666,-37.8104333,144.9681553
6167236667,-37.8103834,144.9683172
702451772,-37.8046406,144.9441713
6167236669,-37.8100262,144.9695131
6167236670,-37.8095605,144.9711028
6167236671,-37.8092897,144.972042
6167236668,-37.8102362,144.968798
702451774,-37.8045489,144.9432618
6167236674,-37.8096974,144.9715182
6167236675,-37.8097814,144.9712373
6167236676,-37.8099718,144.9705825
6167236677,-37.8101963,144.9697917
6167236678,-37.8102512,144.9696173
6167236679,-37.8103554,144.969275
6167236680,-37.8104709,144.9689016
6167236681,-37.8107183,144.9680741
6167236682,-37.8109284,144.9673354
6167236683,-37.8109721,144.9671861
6167236684,-37.8110569,144.9668768
6167236685,-37.8111755,144.966464
6167236686,-37.8114923,144.9653919
6167236687,-37.8116531,144.9648411
6167236688,-37.8116645,144.9648063
6167236689,-37.8116694,144.9647884
6167236690,-37.8116745,144.964772
6167236691,-37.8116789,144.9647611
6167236692,-37.8117982,144.9643441
6167236693,-37.8123737,144.9623874
6167236695,-37.812698,144.9612736
6167236696,-37.8128193,144.9608495
3199635545,-37.8052211,144.9692373
6167236697,-37.8119686,144.9637646
3199635547,-37.8056684,144.9734148
6167236694,-37.8124133,144.9622451
227315809,-37.8019029,144.9868903
650285160,-37.8136323,144.9749776
650285164,-37.8135886,144.9751268
579506290,-37.8138026,144.9485405
650285170,-37.8133613,144.9750289
1449431156,-37.8132475,144.9737198
227315844,-37.8038008,144.9875014
1449431206,-37.8136487,144.9730863
1449431212,-37.813219,144.9738874
1449431218,-37.8160219,144.9723011
227315895,-37.8037043,144.9865844
1449431232,-37.8131382,144.9738508
1449431236,-37.813292,144.9739203
1449431238,-37.8142993,144.974385
1449431244,-37.8152976,144.9747665
1449431263,-37.8152271,144.9748537
1449431267,-37.8136622,144.9742548
1449431270,-37.813183,144.9739114
528650475,-37.8214542,144.9473652
578064624,-37.824603,144.9456639
2688454941,-37.8175101,144.9958051
1449431342,-37.8133334,144.9739012
227316012,-37.8046584,144.9888154
1449431350,-37.8134507,144.9740083
1449431372,-37.813178,144.9738688
1449431389,-37.8156715,144.9738142
245535095,-37.8120086,144.9669522
1879216504,-37.7996159,144.9636541
2318307717,-37.8109307,144.9767106
2318307718,-37.8108058,144.9767273
1449431432,-37.8129991,144.9739954
2318307719,-37.8107101,144.975858
1449431437,-37.8152811,144.9748412
1449431448,-37.8132502,144.9739417
591434144,-37.8186613,144.9678091
1449431464,-37.8142194,144.9744535
1449431467,-37.8130608,144.97391
1449431465,-37.8131757,144.9739629
1449431476,-37.8131754,144.973829
4996764092,-37.8121141,144.9510268
4996764093,-37.8115401,144.9530611
4996764094,-37.8114594,144.9533647
4996764095,-37.8114227,144.953507
767726031,-37.8037728,144.9737843
1449431504,-37.8152367,144.9747845
1449431510,-37.8134209,144.9738303
1449431511,-37.8160839,144.9724101
1449431515,-37.8134284,144.973982
1449431517,-37.8134281,144.973646
1449431526,-37.8133679,144.973794
1449431533,-37.8152337,144.9748081
1449431539,-37.8114476,144.973172
1449431544,-37.8143103,144.9743508
227316218,-37.8047422,144.989711
1449431554,-37.8134711,144.9737343
1449431564,-37.8152667,144.9749431
1449431574,-37.8152487,144.9747429
1449431578,-37.8134036,144.9740726
1449431579,-37.8160502,144.9723151
1449431580,-37.8148623,144.9745908
1449431584,-37.8134608,144.9739593
1449431585,-37.8138663,144.9715854
1449431590,-37.8142821,144.9744207
1449431597,-37.8134021,144.9739325
1449431600,-37.813274,144.9737564
1449431604,-37.8159809,144.9725503
1449431606,-37.8131411,144.9738925
1449431609,-37.8132915,144.9735592
1449431613,-37.813101,144.9738744
1449431612,-37.8159739,144.9724644
1449431615,-37.8126097,144.9776157
1449431624,-37.8132496,144.9737466
176722502,-37.8140731,144.9675133
1449431625,-37.813381,144.9738693
1449431632,-37.8160032,144.9724791
176722515,-37.8141341,144.9673044
277517042,-37.8063685,144.9591999
277517044,-37.8071876,144.9590913
579507010,-37.8139659,144.9487495
1597543248,-37.8201693,144.9789384
4716795139,-37.819002,144.9528299
4716795144,-37.8187257,144.9532843
4716795153,-37.8187823,144.9535721
4716795154,-37.8187693,144.9535671
4716795155,-37.8187562,144.9535621
4716795156,-37.8188654,144.9539685
4716795157,-37.8188124,144.9535834
4716795162,-37.8189345,144.953097
4716795179,-37.8190917,144.952678
4716795183,-37.8190718,144.952464
4716795184,-37.8190337,144.9524463
2640745799,-37.8037486,144.9525746
4716795309,-37.8189529,144.9525466
4716795320,-37.8191696,144.9522589
4716795353,-37.8187396,144.9532457
2927793636,-37.8223062,144.9967359
2927793638,-37.8223459,144.998507
4716795394,-37.8174262,144.9526255
4716795466,-37.8188744,144.9533351
4716795479,-37.818868,144.9533604
277124775,-37.8222588,144.946977
297178797,-37.8221849,144.9515765
4716795569,-37.8188542,144.9534151
4716795594,-37.8188597,144.9533932
880187088,-37.8018643,144.9584873
880187107,-37.8022658,144.9620746
3132397293,-37.807262,144.9590828
3132397296,-37.8070988,144.9590073
128882422,-37.8020948,145.0019104
591435542,-37.8186521,144.9681756
128882462,-37.8014087,145.0020552
128882514,-37.8003651,144.9984285
591435610,-37.8187462,144.9704251
277125012,-37.8128818,144.9428484
4716795834,-37.8187257,144.9535504
572037071,-37.8064367,144.9520099
361797592,-37.8059271,144.9788781
277125097,-37.8129011,144.9428889
4716795887,-37.8186403,144.9534633
5680175093,-37.8105006,144.9833791
4157118500,-37.8251449,144.9933916
4157118501,-37.8254018,144.9956495
4157118502,-37.8254666,144.9962188
4157118503,-37.8256605,144.9979241
4157118515,-37.8261584,145.0024687
4157118521,-37.8262393,145.0032069
157849660,-37.8207776,144.9617034
4157118524,-37.8263157,145.0039054
4157118532,-37.8264848,145.0054494
4157118546,-37.8271496,145.0115187
1964021884,-37.8182517,144.9651695
1964021886,-37.8179402,144.9660917
1964021894,-37.8182244,144.9652244
1964021898,-37.8179814,144.9668924
1964021902,-37.8179663,144.9661046
1964021905,-37.8182336,144.9652288
1964021915,-37.8190526,144.9655128
591435936,-37.8191032,144.9652444
591435965,-37.8187007,144.9670426
828414268,-37.8200389,144.968701
277125478,-37.81357,144.9410259
5785557614,-37.8001566,144.9425433
5785557617,-37.8017334,144.9416826
5167159984,-37.8119045,145.0035363
5167159986,-37.8113612,145.0050992
605199042,-37.8133396,144.9652632
605199043,-37.8133099,144.965359
2337839881,-37.8010059,144.9874838
2337839904,-37.8010235,144.9876745
4696480570,-37.7999791,144.9944009
4696480571,-37.7999606,144.9942137
5058108327,-37.8222105,144.9679533
5058108338,-37.8225968,144.9694677
5058108339,-37.8225056,144.9692865
5058108340,-37.8223955,144.9692362
5058108341,-37.8223612,144.9693603
5058108344,-37.8224718,144.9694108
5058108346,-37.8223042,144.9683484
5058108347,-37.8224687,144.9684216
612015102,-37.8160682,144.9633109
612015103,-37.8160869,144.9633195
612015106,-37.8162602,144.9634008
52599856,-37.8046076,144.9492808
3537280107,-37.8064703,144.9630062
578067623,-37.8234168,144.9416978
589763586,-37.8218392,144.951834
3144850722,-37.8150465,144.9834342
52600101,-37.7999719,144.9598422
3144850725,-37.8151706,144.9845826
52600109,-37.8001034,144.9610721
52600120,-37.8023661,144.9620569
52600156,-37.7998614,144.9588099
650288479,-37.814368,144.9774963
52600161,-37.8019703,144.9584927
52600163,-37.8041168,144.9594984
650288534,-37.8105946,144.9832324
591306178,-37.8237,144.9563143
2868682188,-37.8045175,144.9694499
3144850932,-37.8154092,144.9867699
3144850934,-37.815446,144.9870912
3144850937,-37.8165701,144.9900578
651992598,-37.7997833,144.9578628
767729190,-37.8102128,144.9472956
767729202,-37.8075969,144.943248
372022839,-37.804029,144.976945
5656845888,-37.817489,145.0054343
5656845889,-37.8174985,145.0055245
5656845890,-37.8176151,145.0054107
5656845891,-37.8176262,145.0055016
767729252,-37.8085804,144.9455316
767729455,-37.8046905,144.9731711
767729490,-37.8049288,144.9731816
1283628978,-37.7998744,144.9550581
1283629001,-37.8003456,144.9556534
582787049,-37.8211908,144.9760202
662741000,-37.823636,144.969217
1964023936,-37.8193052,144.9517384
1964023942,-37.8174432,144.9526385
1964023943,-37.8187425,144.9532489
1964023944,-37.8185637,144.953432
1964023946,-37.8174653,144.9525929
1964023963,-37.8191116,144.9524824
572039368,-37.806604,144.9518701
3285622990,-37.8095255,144.9339598
702456085,-37.8049082,144.9468264
844407073,-37.8192241,144.9465921
60072263,-37.8206455,144.9567325
60072264,-37.8211212,144.955198
310944071,-37.8037654,145.0056674
3215106461,-37.8105069,144.9501256
3215106462,-37.8104633,144.950248
3215106470,-37.8095319,144.9490073
3215106486,-37.808936,144.9520784
3215106498,-37.8078094,144.9524805
589472357,-37.809304,144.9728542
589472358,-37.8093223,144.9730396
589472356,-37.8097473,144.9727841
2885198474,-37.8046901,144.9716922
711369360,-37.8063922,144.9590628
711369366,-37.8063468,144.9591066
774546107,-37.8059066,144.9560692
774546111,-37.8058989,144.9559991
774546115,-37.8060344,144.9572209
774546117,-37.8061273,144.958058
774546128,-37.8059178,144.9561695
428647141,-37.8209636,144.9763313
298099466,-37.8005732,144.9748659
5371634609,-37.8069546,144.9652455
774546374,-37.8062264,144.959634
774546373,-37.8062153,144.9595345
711369697,-37.806456,144.9592734
600744933,-37.8121669,144.9664055
1404216311,-37.800966,144.9870509
1404216321,-37.8009482,144.9887123
126919692,-37.8168653,144.9656426
5556315220,-37.8059806,144.9391348
576868445,-37.824616,144.988997
310944919,-37.8039769,145.0028892
310944921,-37.8039928,145.0016939
310944920,-37.80422,145.0024501
310944924,-37.8039614,145.0043169
310944925,-37.8039021,145.0039682
2247271583,-37.8164198,144.9634235
572040352,-37.8068898,144.9512177
310944926,-37.8038968,145.0036316
2247271590,-37.8162972,144.9637915
736011451,-37.8200819,144.9685729
589473307,-37.8200673,144.9586124
3202917978,-37.8075061,144.9466214
591308515,-37.8253324,144.957069
4884440882,-37.8000152,144.935183
4884440908,-37.7999204,144.934833
4884440910,-37.8001131,144.9353096
4884440911,-37.8000624,144.935244
4884440913,-37.7999692,144.9351234
4884440914,-37.7999235,144.9350643
4884440915,-37.7998772,144.9350044
4884440916,-37.7998306,144.9349441
4884440917,-37.7997859,144.9348862
4884440919,-37.7997371,144.9348231
129279833,-37.8020804,144.9950531
3065030525,-37.8019771,145.0019334
3065030524,-37.8018847,145.0019502
578070441,-37.8225862,144.9402193
579512268,-37.8140574,144.9481379
245802961,-37.8008397,144.9623254
578070517,-37.8241145,144.9434931
3367904406,-37.8129327,144.9680768
440051882,-37.8196857,144.9944302
440051891,-37.8234446,144.9948207
440051897,-37.8234045,144.9948876
2188421309,-37.8188215,144.9609483
2188421311,-37.8183025,144.9607134
440051909,-37.81962,144.9943682
440051913,-37.8207164,144.9935528
440051915,-37.8207808,144.9941131
440051924,-37.8197452,144.9943353
440051926,-37.8207402,144.9941856
440051942,-37.8208406,144.9941675
440051944,-37.8218943,144.9939627
2089593074,-37.811512,145.0098666
2089593076,-37.8116631,145.0098376
2089593079,-37.8124079,145.0096948
2089593081,-37.8131544,145.0095577
440051965,-37.8220432,144.993932
35301704,-37.8084849,144.9993917
35301705,-37.8086463,145.0009754
1140238688,-37.8010278,145.0104513
1140238747,-37.8023505,145.0095602
594192913,-37.8167802,144.965937
302820090,-37.8153813,144.9909646
2213981040,-37.802009,144.98377
2213981044,-37.7998319,144.9841442
2213981051,-37.8027946,144.9835952
2213981059,-37.8006918,144.9839964
777825195,-37.8040517,144.9581406
302820279,-37.8146704,144.9952074
581741497,-37.8049951,144.9312408
581741508,-37.8047461,144.9285066
34909156,-37.8008187,144.948584
1588112477,-37.8233577,144.9762988
131247249,-37.8134098,144.9621127
302820534,-37.8157766,144.9950602
131247295,-37.8137204,144.9610399
317369542,-37.8060933,144.9544511
5448707279,-37.8217497,144.9367564
5448707280,-37.8217346,144.936762
5448707282,-37.8217376,144.9367746
317369554,-37.8064324,144.9544806
76459258,-37.8093137,144.9339968
317369597,-37.8065399,144.9540979
76459296,-37.8091162,144.9319332
131247404,-37.8142123,144.9612641
777825626,-37.803965,144.9574007
844410211,-37.8190391,144.9467214
131247470,-37.8142812,144.9610188
2332601815,-37.8043067,145.0111534
5096779233,-37.800561,144.9701393
5096779234,-37.8009347,144.9698247
5096779235,-37.8009474,144.9699731
5096779236,-37.8010769,144.9697417
5096779238,-37.801189,144.9697813
5096779239,-37.8012019,144.9699293
5096779240,-37.8012086,144.970017
579514099,-37.8129602,144.9474598
5314227973,-37.8186212,144.9653171
5314227974,-37.8186157,144.9653369
5314227975,-37.8188451,144.9654245
5314227976,-37.8188404,144.9654446
54560946,-37.8231549,144.9824744
4940410885,-37.819966,144.9654451
3260985583,-37.7994758,144.9368155
711766276,-37.8146066,144.9477357
4973179165,-37.8051249,144.9614898
4973179167,-37.8051813,144.9614811
4973179170,-37.8051496,144.961486
579383627,-37.8246643,144.9429264
1449308528,-37.8166047,144.9872906
1449308543,-37.8163669,144.9879287
1449308548,-37.8174734,144.9898764
1449308555,-37.8173884,144.989896
1404219801,-37.8025023,144.9923117
2247274906,-37.8165661,144.9628263
1449308568,-37.8166608,144.9875283
1449308580,-37.8171811,144.9887992
1449308597,-37.8168656,144.987958
227324345,-37.8005249,144.9908738
227324361,-37.8020781,144.9885617
1449308623,-37.8165703,144.9869799
1449308625,-37.8174935,144.9888148
814526942,-37.8122375,144.9585135
1449308639,-37.8165726,144.9870015
227324395,-37.8003196,144.9888185
227324436,-37.8021489,144.9892151
1492169247,-37.8010755,144.9639306
1492169253,-37.8004564,144.9640381
1492169257,-37.8004482,144.9639417
1492169260,-37.8004515,144.9639816
227324467,-37.8003853,144.9894761
1492169287,-37.801065,144.9638394
1492169299,-37.8015088,144.9638554
1492169314,-37.8010594,144.9637848
579383913,-37.8243707,144.942563
1492169319,-37.8004426,144.9638685
1492169329,-37.8019877,144.9637723
1492169335,-37.800371,144.9638781
227324534,-37.8004558,144.9901827
711766687,-37.8151397,144.9477272
575384239,-37.8198285,144.981652
711766722,-37.8151594,144.9478253
575384241,-37.8193221,144.981828
227324737,-37.8043117,144.9947485
3259282309,-37.8185708,144.949626
579515304,-37.813614,144.9486545
302822341,-37.8154069,144.9911905
5587121107,-37.818875,144.9567832
702460953,-37.8052165,144.9492987
310949030,-37.8046549,145.0019024
310949036,-37.8054408,145.0013645
267350505,-37.824333,144.9754746
2692003111,-37.8111429,145.0029111
2692003113,-37.8112815,145.0020726
2692003115,-37.8117134,145.0010092
2692003116,-37.8117735,145.0020003
2702095683,-37.8110309,144.9904101
2702095684,-37.8109126,144.9904296
2702095691,-37.8104554,144.9905048
2702095693,-37.8106277,144.9904765
2702095692,-37.810722,144.990461
1725216215,-37.8002658,144.9625905
844412409,-37.8209085,144.9473317
1725216267,-37.800604,144.9655153
1725216302,-37.8009213,144.9624712
1283634746,-37.8007651,144.9585548
1283634748,-37.8016163,144.9585272
1725216333,-37.8010997,144.9607876
1283634766,-37.8006798,144.9577628
1725216340,-37.8015275,144.9622044
1725216344,-37.8015463,144.9623573
1283634781,-37.8009807,144.9577199
1725216355,-37.8016567,144.9623374
1725216360,-37.8016608,144.9623741
603633283,-37.8080057,144.9577132
1725216465,-37.8022824,144.9622235
1725216474,-37.8023249,144.9622158
1725216487,-37.8023819,144.9622054
1725216501,-37.8025039,144.960533
1725216511,-37.8026551,144.9651658
1725216520,-37.8028608,144.9604682
1725216525,-37.8029493,144.9619552
1546958636,-37.8117731,145.0135251
1725216573,-37.8032648,144.9650599
1725216590,-37.8034372,144.9650283
137148242,-37.7998331,144.9398347
1404221279,-37.8026845,144.9942934
1404221281,-37.8042672,144.9947565
1404221282,-37.8042332,144.9939455
1725216611,-37.8038592,144.9649561
1725216623,-37.8041954,144.9602261
30385483,-37.8162232,144.9949785
1725216680,-37.8042876,144.9602094
1725216706,-37.804441,144.9648561
30385488,-37.8171412,144.9961801
1280096200,-37.7936925,144.9475187
1725216731,-37.8045197,144.9601673
1725216746,-37.8046908,144.9648124
1725216770,-37.8047853,144.9648151
1725216788,-37.8051471,144.9600534
709966960,-37.8138381,144.9368164
2325395488,-37.8083042,144.9600796
2325395489,-37.808355,144.9599144
2325395491,-37.8085074,144.9593706
2325395494,-37.8086131,144.9590029
2325395496,-37.810688,144.9855034
2325395498,-37.8115158,144.95291
1725216810,-37.8059721,144.9646005
2325395499,-37.8116119,144.986092
2325395502,-37.8190083,144.9618741
1725216833,-37.8060596,144.9598879
1725216852,-37.8062509,144.9598532
1725216871,-37.8067646,144.9644611
1725216895,-37.8068568,144.9643198
1725216922,-37.8068665,144.9644399
4633573544,-37.8053807,144.9433806
4633573546,-37.8054149,144.9436787
4633573547,-37.8054343,144.9438443
702462230,-37.8049188,144.9478494
6167247178,-37.8208048,144.9551212
128891277,-37.8014528,145.0068826
6167247285,-37.8195118,144.9598887
6167247289,-37.8191851,144.9610198
6167247290,-37.819178,144.9610553
6167247292,-37.8189646,144.9618548
6167247293,-37.8188044,144.9623755
6167247294,-37.8187613,144.9625288
6167247295,-37.818629,144.9629936
6167247296,-37.8181848,144.9645277
6167247297,-37.8181176,144.9647523
6167247298,-37.8182673,144.9642352
6167247306,-37.8201296,144.9586554
6167247308,-37.8200143,144.9590617
6167247310,-37.8197005,144.9602341
6167247321,-37.8182414,144.9651647
6167247326,-37.817231,144.9643889
6167247328,-37.8162701,144.9642341
6167247329,-37.8171566,144.9646434
6167247330,-37.8180245,144.9650515
207141377,-37.8240069,144.9534791
207141384,-37.8245495,144.9529383
2247277141,-37.8146338,144.969489
2948774548,-37.8131321,144.9516991
2948774549,-37.8080795,144.9692773
2948774550,-37.8082822,144.9713433
2948774551,-37.8081849,144.9687701
2948774554,-37.8081641,144.9711114
2948774556,-37.8080206,144.9697885
2948774557,-37.8085701,144.9716575
2948774558,-37.8080269,144.97067
2948774559,-37.8144278,144.9744102
2948774564,-37.8103989,144.9726914
2948774566,-37.8080861,144.9708971
2948774569,-37.8144028,144.9744978
2948774571,-37.8079968,144.9704276
2948774572,-37.8083936,144.9714854
2948774576,-37.809039,144.9719353
2948774577,-37.8079902,144.9701408
2948774582,-37.8104242,144.972604
2948774584,-37.8087939,144.9718035
591354261,-37.8228089,144.9554073
361282276,-37.8017508,144.9837919
4793613069,-37.8059281,144.9389586
128891662,-37.7992931,145.0056747
2187770691,-37.8115975,144.9647755
2187770692,-37.8096383,144.9638164
2187770690,-37.8116075,144.9647411
2187770693,-37.8125216,144.9651806
2187770696,-37.8116027,144.9647577
2187770698,-37.8105653,144.9642804
2187770700,-37.8115055,144.964713
2187770694,-37.8125263,144.9651644
2187770703,-37.8125165,144.9651979
2187770705,-37.8090866,144.9635351
2187770708,-37.81056,144.9642987
2187770709,-37.8115003,144.9647308
53132178,-37.7984297,144.9523904
53132186,-37.7989639,144.9517413
777829277,-37.8039846,144.9584154
777829280,-37.804091,144.9584652
777829305,-37.803875,144.9583647
777829308,-37.8029833,144.9579563
299029562,-37.8011433,145.0087469
4826905584,-37.8195587,144.9636104
4826905589,-37.8195376,144.9637189
4826905590,-37.8196069,144.9634763
4826905596,-37.8196218,144.9633907
299029600,-37.8015596,145.0071069
1131986098,-37.814967,144.9451251
1131986117,-37.8151688,144.9450977
1131986129,-37.814952,144.9450373
1131986141,-37.814907,144.9449427
1131986143,-37.8148787,144.9449115
299023699,-37.808167,145.0095485
299023726,-37.8093318,145.0097176
299023766,-37.8095317,145.0100635
777829842,-37.8040967,144.9585081
777829888,-37.8038782,144.9584089
1691663875,-37.8011832,144.9569261
1691663889,-37.801439,144.9568875
1833877037,-37.8045374,144.9431479
633912912,-37.8148102,144.9572762
1545387649,-37.8009923,144.9566858
633912993,-37.8150899,144.9563101
633913026,-37.8157841,144.9555109
767737566,-37.8038253,144.9562081
53133025,-37.7999252,144.9536474
53133031,-37.7993418,144.9543752
2707996412,-37.80372,144.9693494
2707996427,-37.8040123,144.9692993
163364625,-37.8130029,144.9540946
767737627,-37.8039764,144.9574981
767737643,-37.8041243,144.9586853
767737648,-37.8040695,144.9582857
767737668,-37.8042161,144.9595444
767737689,-37.8043046,144.960361
299024279,-37.8065438,145.0107074
299024283,-37.8094815,145.0100269
767737803,-37.8050872,144.9676227
767737811,-37.8051085,144.9678265
361283566,-37.8003814,144.9835138
128893036,-37.8014629,145.0065284
1404223615,-37.8026418,144.9938728
838386029,-37.8029575,144.9482791
838386039,-37.8029899,144.9494647
777830787,-37.8039177,144.9585909
4061053437,-37.8096732,144.9925222
4061053447,-37.8097448,144.9931259
4061053449,-37.8097476,144.9931516
4061053448,-37.8097468,144.9925222
4061053453,-37.8097638,144.9932051
4061053456,-37.8097839,144.9932567
4061053461,-37.8097941,144.9931954
4061053460,-37.8097941,144.9931233
4061053463,-37.8098006,144.9928419
4061053464,-37.8098082,144.9930308
4061053474,-37.8099889,144.9953274
4061053480,-37.8100447,144.995853
4061053484,-37.8100628,144.9958751
60095425,-37.8246816,144.988878
589742841,-37.8209327,144.9548162
589742849,-37.8210279,144.9548593
1597555513,-37.8196032,144.977878
1597555534,-37.8194843,144.9776749
163627875,-37.8239933,144.9538906
163627903,-37.8233134,144.9536839
1449285264,-37.8160776,144.9825965
5406376885,-37.798968,144.9629597
5406376907,-37.7995405,144.9634954
1449285282,-37.8160789,144.9829911
2081997801,-37.8092207,144.991329
2081997803,-37.8095507,144.9907512
2081997804,-37.8094874,144.9910917
1449285285,-37.8161362,144.9835027
129549424,-37.8093501,144.9315798
114607245,-37.817032,144.9650712
114607264,-37.8169672,144.9652935
5797758258,-37.8069488,144.9451511
5797758261,-37.8069877,144.9452387
5797758263,-37.8071968,144.9452116
5797758264,-37.8071567,144.9451185
2412954936,-37.8175502,144.9672251
5797758274,-37.8068766,144.9449831
5797758275,-37.8068159,144.944843
5797758281,-37.8072309,144.9452928
157861192,-37.8238612,144.9547995
157861191,-37.8235896,144.95587
777831779,-37.804139,144.9588278
702465424,-37.8051025,144.9492222
777700831,-37.8059572,144.9560611
6197211471,-37.8130465,144.9335818
6197211472,-37.813111,144.9335591
6197211473,-37.8131622,144.9335246
6197211474,-37.8132018,144.933495
6197211475,-37.8132197,144.9334721
6197211476,-37.8132275,144.9334583
6197211477,-37.8132457,144.9334457
6197211478,-37.8132674,144.933444
6197211479,-37.8141155,144.9328762
6197211480,-37.8139962,144.9329345
6197211481,-37.8138489,144.9330201
6197211482,-37.8142946,144.9328163
6197211483,-37.8143826,144.9328127
299029572,-37.8011642,145.0091232
3168663491,-37.8118717,144.9999248
6207096572,-37.8140231,144.9545477
6207096573,-37.8139829,144.9546832
589481822,-37.8205244,144.9575339
2978793339,-37.8115789,145.0113915
452380549,-37.8254721,144.9531489
419481484,-37.8179488,144.9905544
419481486,-37.8189582,144.9908093
419481487,-37.8191071,144.9919458
419481489,-37.8181546,144.9954403
2213857170,-37.8064821,144.9829726
419481493,-37.8184546,144.9904617
3144992684,-37.8151172,144.9840884
3144992691,-37.8153434,144.986174
3144992699,-37.8152355,144.9881157
3144992716,-37.8140733,144.9883275
3144992720,-37.8128845,144.9848008
3144992722,-37.8132804,144.984748
5424203733,-37.8187211,144.9771057
5424203734,-37.8197986,144.9767395
5424203737,-37.8190259,144.9768834
6207227908,-37.8072542,144.9680369
5424203785,-37.8231627,144.9790985
452380704,-37.8253492,144.95335
5424203828,-37.822573,144.9793059
5424203832,-37.8224409,144.979516
5424203834,-37.8223824,144.9798417
5424203842,-37.8228795,144.9806268
5424203854,-37.8224994,144.9793968
5424203856,-37.8229273,144.9808521
5424203858,-37.8231285,144.9804287
452380773,-37.8249449,144.9487577
777832599,-37.8029941,144.9579155
777832607,-37.8039799,144.9583706
400738474,-37.8119969,144.9415189
400738477,-37.8121346,144.9414663
777832638,-37.8040854,144.9584151
777832645,-37.8038711,144.9583191
176736454,-37.8139229,144.968028
2237581543,-37.8097268,144.9900345
176736536,-37.813877,144.9681852
591317288,-37.8252803,144.9572245
452380996,-37.8248132,144.9490652
452380999,-37.8249901,144.9496767
452381000,-37.8252684,144.9505753
1404216327,-37.8009025,144.9879895
227330394,-37.8042304,144.9947019
452381032,-37.8249905,144.9494115
452381038,-37.8249321,144.9494474
227330419,-37.8035321,144.9944033
129288570,-37.8000698,144.9953249
129288610,-37.8052069,144.9945958
227330469,-37.8035393,144.9944731
1492175302,-37.8025573,144.9636735
1492175303,-37.8026319,144.9636393
1492175306,-37.8026956,144.9635946
1492175308,-37.8026913,144.9635558
1492175312,-37.8026571,144.9635276
1492175313,-37.8026534,144.9634908
1492175321,-37.802723,144.9636447
227330518,-37.8033265,144.9944293
452381158,-37.8250103,144.9495171
777701883,-37.8059473,144.9559905
452381181,-37.8250247,144.9494574
777701894,-37.8059261,144.955853
452381260,-37.8251853,144.9512525
452381262,-37.8253426,144.9513179
777833054,-37.8038829,144.9584513
777833061,-37.8041053,144.9585577
582797994,-37.8236258,144.9808734
777702088,-37.8058816,144.9558594
299027313,-37.8006985,145.0101121
2658978752,-37.8178522,145.014074
2640759823,-37.8049451,144.9523702
2189478938,-37.811477,144.9730538
2935371908,-37.8252026,144.992677
780979401,-37.805486,144.9522769
780979413,-37.8054697,144.9521305
780979419,-37.80531,144.9506489
780979427,-37.8053228,144.9508074
705744124,-37.8109049,145.0041063
746909188,-37.8203432,145.0144456
440061343,-37.8139288,144.9920729
440061344,-37.8140963,144.9935237
440061345,-37.8148302,144.9905368
440061348,-37.8145859,144.9934439
440061349,-37.8145045,144.9919676
582798753,-37.8233376,144.9791279
2272185768,-37.8211419,145.0153879
582798766,-37.823493,144.980533
2272185773,-37.8205659,145.0144107
844418490,-37.8199083,144.9468934
582798839,-37.8196171,144.9791999
582798849,-37.8183666,144.9765336
582798857,-37.8197305,144.9790766
131124746,-37.8142714,144.9591922
3215191990,-37.8058012,144.9522183
582798861,-37.8200888,144.9787888
299027987,-37.8001659,145.009744
4952477280,-37.8096135,144.9552671
4952477281,-37.8096098,144.9552809
4952477290,-37.8088656,144.9541855
131124870,-37.8140509,144.9599803
582798986,-37.8222433,144.982888
711773913,-37.8175377,144.9497317
1889062696,-37.8096129,144.9913663
2272186199,-37.8094473,145.0099419
2272186202,-37.8088555,145.0100489
844418936,-37.8197232,144.9468102
5563404258,-37.8166816,145.0089196
5563404264,-37.816983,145.0108768
767610868,-37.8080028,144.9731662
767610869,-37.8080311,144.9731813
1889062900,-37.81214,145.01541
310727779,-37.8119041,144.9360874
377540818,-37.8179635,144.9508132
1449316569,-37.8168514,144.9881541
1449316577,-37.8166359,144.9875739
5642440936,-37.8083228,144.9554396
5642440937,-37.8085647,144.955358
1449316602,-37.8166784,144.9876868
1449316603,-37.8175782,144.9900592
1449316618,-37.8168386,144.989889
1449316621,-37.8176215,144.9909744
1449316638,-37.817954,144.9897831
3199521095,-37.8188308,144.968291
3199521097,-37.8187758,144.9700762
3199521098,-37.8187668,144.9699889
777834973,-37.8026405,144.9577484
723964405,-37.8037357,145.0056821
2140983798,-37.8067305,144.9393992
223007282,-37.8069563,144.9899047
5630513723,-37.8171161,144.9527937
5630513724,-37.8173846,144.9526723
5630513726,-37.8172889,144.9525992
310956628,-37.8243566,144.9523426
223007318,-37.809416,144.9894544
579392143,-37.8223004,144.9557533
579392156,-37.8222219,144.9562917
1458422264,-37.8189623,145.0084363
5642310405,-37.803023,144.9679516
5642310406,-37.8030428,144.9681782
579392261,-37.822232,144.9559424
589484813,-37.8202914,144.9576972
777835311,-37.8019303,144.9572928
129291065,-37.8052737,144.9953084
377541452,-37.8155485,144.9463302
129291097,-37.8053366,144.9959967
377541501,-37.8161912,144.9459981
310956988,-37.8225281,144.9503197
310957025,-37.8222167,144.9501092
299029620,-37.7994718,145.0063616
289592440,-37.8121579,144.9536879
6197212213,-37.8090045,144.9352188
582800631,-37.8181804,144.9758986
582800632,-37.8181592,144.9759026
582800719,-37.816191,144.9722489
582800720,-37.8160847,144.9726051
3216954875,-37.8059231,144.9862065
2140984929,-37.8048464,144.9400309
579393133,-37.8204774,144.9589368
2272188022,-37.8037783,145.0052396
2272188025,-37.8040177,145.0047712
781112992,-37.8028948,144.9486112
781112995,-37.8029343,144.948966
781112997,-37.8029596,144.9491929
2640755142,-37.803438,144.9534492
282852908,-37.7999889,145.0093859
282852910,-37.8005373,145.0089533
161535785,-37.8122091,144.9586117
2978797397,-37.8116287,145.0115724
2978797401,-37.8116295,145.0118642
1521014626,-37.8018668,144.9928485
1521014625,-37.8025533,144.9927413
6167254901,-37.818061,144.9648126
6167254902,-37.8180368,144.964893
6167254903,-37.8179935,144.9650369
6167254904,-37.8177636,144.9659853
6167254905,-37.817559,144.9667103
6167254907,-37.817686,144.9662605
6167254914,-37.8180759,144.9650783
6167254915,-37.8181408,144.9651122
6167254916,-37.818168,144.9651264
6167254919,-37.8182567,144.9648178
6167254921,-37.8183303,144.9648524
6167254925,-37.8171789,144.9679935
6167254926,-37.8171243,144.9681884
6167254927,-37.8167982,144.9692946
6167254928,-37.8166592,144.9697714
6167254929,-37.8166063,144.9699492
6167254930,-37.8164954,144.9702995
6167254931,-37.8159141,144.9722493
6167254932,-37.815866,144.9724123
6167254933,-37.8155656,144.973465
6167254934,-37.8155291,144.9735758
161535896,-37.8124518,144.9587199
6167254938,-37.816317,144.9708978
6167254939,-37.8163676,144.9709231
6167254940,-37.8164041,144.9709417
6167254945,-37.8164624,144.9710066
6167254946,-37.8164932,144.9710192
581752741,-37.8044354,144.928002
331143078,-37.7996445,144.9700446
6167254951,-37.8168138,144.9701116
6167254952,-37.8167657,144.9700912
6167254953,-37.8167264,144.9700747
6167254956,-37.8165829,144.9700231
6167254954,-37.8166844,144.9700546
767743918,-37.8045557,144.9724979
6167254973,-37.8168724,144.9699267
767743935,-37.8046629,144.9728903
591321039,-37.8253619,144.9569777
591321042,-37.825403,144.9569625
615176166,-37.8012914,144.9791324
615176175,-37.8013468,144.9797271
686217256,-37.8074124,144.9985205
686217257,-37.8073942,144.9986816
686217259,-37.8061766,144.9981085
686217260,-37.8067976,144.9983802
457365595,-37.8204229,144.9691189
33085559,-37.8103387,144.9570621
129554697,-37.8108192,144.9387736
591321361,-37.816673,144.9663024
471259500,-37.8049954,144.9476554
2700794304,-37.8080709,144.9519654
33085913,-37.8106709,144.9559083
127588852,-37.800242,144.943345
127588858,-37.8004168,144.9449187
777706218,-37.8058416,144.9552137
777706221,-37.805754,144.9543685
2398935830,-37.8085305,144.9421578
781114182,-37.8032271,144.9506548
781114190,-37.8031877,144.9503077
5880339361,-37.8198669,144.9601208
598400059,-37.8140249,144.9644216
598400064,-37.814117,144.9641202
137157732,-37.8029372,144.9444736
304536741,-37.8243169,145.0120641
635493546,-37.8140759,144.9396602
635493548,-37.8140636,144.9396914
137157809,-37.8041336,144.9442617
723967205,-37.8038926,145.0038247
723967221,-37.803919,145.0034639
137157881,-37.8035746,144.9454149
137157901,-37.8038393,144.9480384
304536850,-37.8252835,145.011873
579398336,-37.8175174,144.9733504
723967270,-37.8039646,145.0033097
575386418,-37.8202067,144.9843828
6167279404,-37.8100218,144.9621366
723967382,-37.8042073,145.0026874
126934535,-37.8165753,144.9666375
377544273,-37.814846,144.9458903
302571121,-37.8023202,144.9789589
377544391,-37.8155841,144.9452766
122740509,-37.8263042,144.9517871
377544503,-37.8154817,144.9454612
302571350,-37.8023768,144.9794998
3194806130,-37.8080956,144.9519139
302571407,-37.8025296,144.979472
377544593,-37.8178791,144.9463126
287629311,-37.8049012,144.9517174
287629318,-37.8049132,144.9523755
287629321,-37.8048778,144.9515427
287629326,-37.8047996,144.9515587
287629328,-37.8036257,144.951795
287629333,-37.8037458,144.9517663
287629353,-37.8040866,144.9508656
287629359,-37.8040165,144.9502167
287629393,-37.8034777,144.9487814
60088412,-37.8200711,144.9844351
60088413,-37.820266,144.9843439
287629406,-37.803923,144.9486942
60088414,-37.8204355,144.9841682
60088415,-37.8204811,144.9840904
993190002,-37.8201023,144.968385
287629445,-37.8051406,144.9489936
589488285,-37.8200867,144.9584
767746312,-37.8032028,144.9738322
767746315,-37.8037808,144.9737316
541122845,-37.8029019,145.0098722
541122861,-37.8019746,145.0112368
541122871,-37.8023832,145.0125023
541122872,-37.8027747,145.012641
541122884,-37.8033633,145.0110624
541122904,-37.8033128,145.0111855
541122905,-37.8027452,145.0094654
1390338434,-37.8133019,144.9653553
1390338440,-37.8132784,144.9654389
589488572,-37.8203691,144.957388
598401523,-37.8141478,144.9640239
598401524,-37.8141787,144.9639227
598401527,-37.8146744,144.963545
598401578,-37.8143353,144.9633931
332794364,-37.8086573,145.0058791
332794366,-37.8086792,145.0067071
711778918,-37.8149668,144.9451365
711778924,-37.8150557,144.9451777
711778928,-37.8151243,144.9451961
711778933,-37.8149035,144.9459165
711778936,-37.8144423,144.9474527
711778937,-37.8136156,144.950295
777839236,-37.8017589,144.957393
1996808838,-37.8009874,144.992572
2279006915,-37.8159547,144.9575096
6167357826,-37.8084612,144.9715366
6167357864,-37.8128384,144.9735607
6167357865,-37.8133132,144.9737721
6167357866,-37.8134111,144.9738114
6167357869,-37.8134892,144.9738639
60089302,-37.8242405,144.9867934
60089303,-37.8242364,144.9872827
2774328318,-37.8045637,144.9938213
2774328319,-37.8048211,144.993781
131130370,-37.8141041,144.9597921
6219293732,-37.808795,144.9825871
131130411,-37.8142214,144.9593697
781116475,-37.8104827,145.0089843
131130460,-37.8143366,144.958962
4453229731,-37.8206237,144.9415725
4453229735,-37.8207258,144.9415323
287630661,-37.8040848,144.9453262
287630666,-37.8038209,144.9473745
287630668,-37.8043264,144.9472998
287630673,-37.8036444,144.9459766
287630676,-37.8036348,144.9458995
287630681,-37.8029223,144.945531
287630684,-37.803731,144.946674
287630702,-37.8031406,144.9459879
287630727,-37.8051798,144.9451234
287630734,-37.8050607,144.9441007
287630739,-37.8054046,144.9435795
723969549,-37.8054576,145.0004183
2975262281,-37.8224086,144.9978607
2975262283,-37.8237048,144.9970525
2975262285,-37.8237139,144.9971719
5231666921,-37.8261784,144.951993
289597163,-37.8121267,144.9508691
30467855,-37.8083268,144.9554198
30467863,-37.8085517,144.9553412
2189485869,-37.81115,144.9729569
289597248,-37.8104848,144.9524297
289597255,-37.8103596,144.9528715
289597256,-37.8116575,144.9482588
30467939,-37.820116,144.960265
5982185669,-37.8065991,144.9613092
1496246573,-37.8263746,144.9811628
1496246597,-37.8266136,144.9817239
3218293540,-37.8035112,144.950603
267315670,-37.823454,144.9761762
267315671,-37.8235569,144.9762837
5827671677,-37.8164477,144.9670737
600238649,-37.8198,144.9810292
1404234340,-37.8101921,144.9970966
1404234341,-37.8106886,144.9970119
1404234343,-37.8111455,144.99662
2383211193,-37.8095146,144.963777
2383211195,-37.8095171,144.9637363
2383211202,-37.8095581,144.9637601
2383211203,-37.8095753,144.9638786
2383211205,-37.8095885,144.9637351
2383211206,-37.8096023,144.9637885
2383211214,-37.8132603,144.9655025
2383211215,-37.8132681,144.96547
2383211217,-37.8134886,144.9656257
2383211219,-37.8134953,144.9656479
2383211221,-37.8135027,144.9656729
2383211222,-37.8135048,144.9656151
2383211224,-37.813514,144.9656373
2383211225,-37.8135253,144.9655983
2383211226,-37.8154177,144.9665563
2383211227,-37.8154393,144.966482
2383211230,-37.8154751,144.9665885
2383211229,-37.8154692,144.9664975
2383211231,-37.8154987,144.9665069
2383211233,-37.8155331,144.9665099
3095063270,-37.8233121,144.9406361
2383211240,-37.8174441,144.9672393
2383211235,-37.8173234,144.9674074
2383211237,-37.8173262,144.9673987
129952492,-37.8103197,144.9983089
129952493,-37.8072023,144.9964222
129952494,-37.8073234,144.9975737
2419787407,-37.7990374,144.9357658
777841688,-37.8018052,144.9571189
746908742,-37.8194075,145.01463
1986325611,-37.8055175,144.9979872
1986325609,-37.8054396,144.9988492
257485945,-37.8232007,144.969604
257485946,-37.8219029,144.9690112
257485948,-37.8221192,144.9682661
1960504466,-37.8186852,144.9535365
1686695063,-37.8002993,144.9438816
1686695067,-37.8003149,144.9440199
781118652,-37.8054952,144.9978162
370470105,-37.8169967,145.0109605
370470106,-37.8163229,145.0110807
728165672,-37.8119745,145.0104183
728165673,-37.8128426,145.0105729
728165676,-37.8124211,145.0098233
728165677,-37.8131419,145.0094518
728165678,-37.8131701,145.0096895
2774592864,-37.8209795,144.9687295
728165741,-37.8138626,145.0093266
3743608239,-37.8219919,144.9497507
3743608241,-37.8211132,144.9475498
3743608246,-37.8225482,144.9470536
3743608248,-37.8223963,144.9476342
3743608253,-37.8221675,144.9477922
3743608254,-37.8221988,144.9476227
746909156,-37.8201595,145.0139816
6207106563,-37.8136798,144.9447556
6207106567,-37.813376,144.944541
367849048,-37.8025845,144.9650523
367849057,-37.800914,144.965329
3213448180,-37.8041766,144.959177
367849063,-37.8005063,144.9647032
367849065,-37.8004724,144.9644216
60092011,-37.8223501,144.9840706
746909343,-37.8205326,145.0145066
711782071,-37.815779,144.946163
711782080,-37.8160079,144.9460463
4069715678,-37.8000443,144.9605432
3306876671,-37.8096911,144.9555584
3306876672,-37.8097027,144.9555035
3306876673,-37.8097112,144.9554654
3306876674,-37.8097306,144.9553906
3306876676,-37.8086347,144.9548232
3306876678,-37.808531,144.9547279
3306876680,-37.8084394,144.9547952
1691676440,-37.8062908,144.9591716
1691676443,-37.8061728,144.9580508
129953571,-37.8101954,144.9971252
1691676459,-37.8073287,144.9687324
333901615,-37.8021805,144.9837223
1691676467,-37.806196,144.9583042
1691676471,-37.8073495,144.9688889
746909624,-37.8227542,145.0140718
650285635,-37.8132385,144.9776809
575467530,-37.8189512,144.9817563
598405143,-37.8145544,144.9640906
598405144,-37.814711,144.9635619
267317332,-37.823541,144.9713033
267317336,-37.822897,144.9713977
267317363,-37.8225087,144.9719268
2835280017,-37.7995568,144.9553376
4148228277,-37.8130894,144.9739232
4148228278,-37.8131308,144.9739422
4148228281,-37.8132125,144.973846
4148228282,-37.8132542,144.973865
746909948,-37.8197384,145.0147371
250933574,-37.8226712,145.007735
250933576,-37.822465,145.0058954
250933578,-37.8194136,145.0073016
250933579,-37.8225539,145.0066851
250933582,-37.8226149,145.0072291
250933593,-37.8228222,145.0045573
250933594,-37.8226621,145.0032097
250933595,-37.8224865,145.0016861
250933602,-37.8216222,145.0002919
501018995,-37.8049443,144.9733423
501019005,-37.8049221,144.9731125
250933623,-37.8227517,145.0039638
250933626,-37.8227393,145.0038593
267317634,-37.8212301,144.9614747
250933635,-37.8231668,145.0044933
250933627,-37.8245237,145.0042327
250933637,-37.8233445,145.0060163
250933634,-37.8246087,145.0050343
250933636,-37.823513,145.0075823
250933639,-37.8247764,145.0065823
501019028,-37.8046887,144.9728869
136507806,-37.8180833,144.9614655
250933662,-37.8220177,145.0047069
777712061,-37.8058123,144.955219
267317732,-37.8236564,144.9563849
5682688503,-37.8223097,144.9468753
53932731,-37.8010389,144.9565145
711783259,-37.8163872,144.9459695
4733727848,-37.8041756,144.9490823
4733727849,-37.8041632,144.9490836
4733727850,-37.8041775,144.9492187
4733727851,-37.8041915,144.9492157
4733727852,-37.8042543,144.9492043
4733727863,-37.8043087,144.9492602
2266559612,-37.811544,144.9563109
4733727870,-37.8043534,144.9492338
4733727871,-37.8044164,144.9489564
4733727874,-37.8043762,144.949041
4733727875,-37.8043977,144.9492254
781120729,-37.8054564,144.9971616
723973403,-37.808915,145.0102942
1900213536,-37.8044471,144.9616909
1900213537,-37.8052587,144.9615481
1900213541,-37.8064174,144.9613443
1900213543,-37.806558,144.9614844
711783720,-37.816518,144.9459031
1900213545,-37.8066144,144.9614616
2462381386,-37.80009,144.9620352
2462381389,-37.799822,144.9620769
2462381390,-37.8000729,144.9620379
723973453,-37.809021,145.0101695
2318333325,-37.8076984,144.9768719
2202858907,-37.8216303,144.9535812
2202858918,-37.8214809,144.9538215
2202858921,-37.8215397,144.9538489
2202858922,-37.8213537,144.9525075
4510119499,-37.8139265,145.0078546
575469226,-37.8186433,144.9798535
702478012,-37.8046849,144.9446115
136509229,-37.8180472,144.9615891
3394697031,-37.8102974,144.9611848
2189358931,-37.8078627,144.9768469
3394697044,-37.8122832,144.9624112
5668009822,-37.8102184,145.009017
5668009829,-37.8106139,145.0104371
5668009830,-37.8106286,145.009697
5668009831,-37.8105431,145.0093151
5668009832,-37.8104684,145.0091901
5668009833,-37.810354,145.0100563
5668009828,-37.8106446,145.0106568
5668009827,-37.810702,145.0117432
5668009840,-37.8106951,145.0152907
370752605,-37.8130549,144.9863702
711784381,-37.8173142,144.9462462
581760975,-37.8044873,144.9290548
581761000,-37.8044284,144.9282487
767752170,-37.8008493,144.9700932
248969195,-37.8096032,144.9912713
267319278,-37.823141,144.9707969
248969196,-37.8071263,144.9915639
248969198,-37.8049638,144.9919313
248969212,-37.8046676,144.9919843
248969213,-37.8036911,144.9920464
248969215,-37.8036287,144.9921513
579401853,-37.8190779,144.9738123
1433204920,-37.8171982,144.9529073
4518639874,-37.8076317,144.9421924
589756676,-37.8217461,144.9528802
4518639882,-37.8074934,144.9421545
151451933,-37.8005112,144.9999631
2776561964,-37.8165366,144.9925333
664380024,-37.8209796,144.9659668
664380025,-37.8212542,144.9663599
664380027,-37.8208719,144.965918
767752593,-37.8049263,144.969378
767752596,-37.8052332,144.9693261
767752598,-37.8033526,144.9696479
767752599,-37.8040317,144.9695353
767752603,-37.8021231,144.9698599
2383215085,-37.8040396,144.9587842
2383215090,-37.8044095,144.9613396
2383215099,-37.8063542,144.9580148
2586245662,-37.8177037,144.9508124
579402276,-37.8184632,144.9746122
55900730,-37.8172842,144.9764721
60095042,-37.8192396,144.9869516
60095043,-37.8184634,144.9856392
575470188,-37.8184142,144.9739181
1889073821,-37.80892,144.98255
136510152,-37.8181136,144.9613614
767752915,-37.8030239,144.9697046
579402454,-37.8188581,144.9741129
60095204,-37.8245784,144.9887206
2266561262,-37.8118044,144.9562004
767752955,-37.8030832,144.9696944
580320051,-37.8045552,144.9160408
746912570,-37.8243631,144.9830635
746912571,-37.8243208,144.983089
746912572,-37.8242741,144.9831252
746912573,-37.8242403,144.9831735
746912574,-37.8242138,144.9832312
746912575,-37.8242,144.9832969
746912576,-37.8241947,144.98338
746912577,-37.8242053,144.9834431
746912578,-37.8241756,144.9834833
746912579,-37.8241544,144.9835369
746912580,-37.824146,144.9835879
746912581,-37.8241513,144.9836509
746912582,-37.8241693,144.9837005
746912583,-37.8241979,144.9837448
746912585,-37.8241587,144.9838507
746912587,-37.8241714,144.9839647
746912601,-37.8244341,144.9846125
746912602,-37.8244871,144.9846353
746912603,-37.8245316,144.9846407
746912608,-37.8247138,144.9847144
746912609,-37.8247614,144.9847158
4283908177,-37.8112366,145.0073593
591199154,-37.8221435,144.9567645
591199157,-37.8221048,144.9567341
60095426,-37.8246592,144.9887073
60095430,-37.8232637,144.9781981
60095429,-37.8232695,144.9783224
60095437,-37.8245444,144.9888975
723975136,-37.8107703,145.0099334
579402725,-37.8189293,144.9735523
711785484,-37.8165514,144.9458975
746912793,-37.8243408,144.985531
289602599,-37.80942,144.9518797
289602608,-37.8096265,144.9513209
746912859,-37.8246995,144.9847078
723975301,-37.8109175,145.0098691
4518640804,-37.8074198,144.9422886
4518640807,-37.8076335,144.9425383
289602744,-37.8116085,144.9482016
356449457,-37.8067564,144.9877288
6167254947,-37.8165345,144.9710393
289602822,-37.8121539,144.9488077
289602833,-37.812267,144.9503742
60095777,-37.8155017,144.9773527
289602885,-37.8120344,144.9492301
60095861,-37.817692,144.9912877
370474365,-37.8150423,144.9833949
2977758613,-37.824667,144.9887678
2977758614,-37.8247609,144.9887203
60095899,-37.8174653,144.9900787
60095900,-37.8174431,144.9898839
163642824,-37.8217802,144.9574672
3683319253,-37.8129206,144.9913125
2266562025,-37.8116542,144.9566998
2266562042,-37.8119474,144.9564969
1880686094,-37.8026378,144.9454626
6167489480,-37.8169902,144.9617896
163642967,-37.8187388,144.970932
60096109,-37.816933,144.9833196
163642990,-37.8188007,144.9721113
163643014,-37.8192211,144.9733815
60096157,-37.8181237,144.9850794
163643038,-37.8206517,144.9753299
163643050,-37.8214043,144.9759479
163643086,-37.8237924,144.978438
163643104,-37.8250933,144.9795779
163643112,-37.8267979,144.9822176
163643122,-37.8269626,144.9829125
153681683,-37.8006194,145.0102248
163643157,-37.827413,144.9852205
163643177,-37.8279536,144.9864932
60096380,-37.818893,144.9813747
287637393,-37.8013748,144.9530282
127598515,-37.8061722,144.9447485
780992436,-37.8054558,144.9522831
780992456,-37.8054394,144.9521354
387921008,-37.8214421,144.9638368
780992474,-37.8052814,144.9506528
591435935,-37.8190736,144.965235
2975268834,-37.8223835,144.9973513
2975268835,-37.8223332,144.9969724
319619070,-37.816377,145.0088781
780992532,-37.8056197,144.9537607
780992562,-37.8056041,144.95362
780992582,-37.8052912,144.9508113
580321412,-37.80555,144.9353969
580321413,-37.8053753,144.9347304
580321417,-37.8048602,144.932999
60096724,-37.8186253,144.9859203
60096725,-37.8186998,144.9858463
306905310,-37.810713,144.938994
60096788,-37.8190697,144.9854871
60096789,-37.8190949,144.986234
60096790,-37.8191322,144.9868121
331415844,-37.8223252,145.0046497
331415845,-37.8223751,145.005095
60096860,-37.8184834,144.972258
3729981790,-37.8243909,144.9829901
60096993,-37.8134507,144.9481196
136511965,-37.8181997,144.9610661
6167265864,-37.8149413,144.9680312
6167265865,-37.8173089,144.9674587
6167265866,-37.8164377,144.967108
6167265867,-37.8155582,144.9667107
6167265869,-37.8154518,144.966669
6167265876,-37.8144502,144.9662153
6167265878,-37.8134831,144.9657406
6167265879,-37.8134705,144.9657344
6167265880,-37.8134589,144.9657287
6167265881,-37.812487,144.9653
6167265882,-37.8116324,144.9649121
6167265883,-37.8115673,144.9648796
6167265884,-37.8114702,144.9648342
2936341079,-37.8184881,144.9677397
1497170573,-37.8236149,144.9902265
122749619,-37.8133627,144.9416517
163643138,-37.8272523,144.9845107
306381654,-37.8008323,144.9418537
400753521,-37.806265,144.9366029
2291073957,-37.8081719,144.9688582
2291073960,-37.8084634,144.9679881
400753574,-37.8087969,144.9362431
2291073981,-37.8105239,144.9609857
2291073982,-37.8106368,144.9605957
2291073995,-37.8121675,144.9553308
2291073996,-37.8122663,144.9549714
2291073998,-37.8123079,144.954011
2291074004,-37.8129131,144.9526887
2291074009,-37.8132051,144.9515425
4716823526,-37.8174031,144.9526115
2207974389,-37.8031013,144.9495505
2207974407,-37.8028643,144.9480984
2266563662,-37.808604,144.954759
575472740,-37.8188429,144.9810674
5221319826,-37.8183457,144.9760739
5221319827,-37.8183062,144.976571
6167266588,-37.81084,144.9645436
6167266589,-37.8106612,144.9644541
6167266590,-37.8105323,144.9643944
6167266591,-37.8104749,144.9643799
6167266593,-37.8095468,144.9639783
581764394,-37.8047702,144.9324692
6167266600,-37.8074729,144.9629786
6167266606,-37.8165078,144.9668724
6167266607,-37.8156341,144.9664522
6167266608,-37.8145284,144.9659573
6167266609,-37.8135444,144.9655326
6167266612,-37.8132847,144.9654165
6167266622,-37.8096698,144.9637071
6167266623,-37.8096281,144.9636895
6167266624,-37.8096228,144.9636872
6167266625,-37.8096043,144.9636805
6167266617,-37.8115422,144.9645867
6167266627,-37.809577,144.9636701
589759812,-37.8221859,144.9498976
6167266631,-37.8075459,144.9627241
6167266626,-37.8095947,144.9636776
6167266632,-37.8074457,144.9626764
6167266635,-37.8070748,144.962652
6167266636,-37.8070349,144.9626583
6167266637,-37.8070125,144.9626663
6167266640,-37.8076419,144.9627683
6167266641,-37.8076044,144.9628968
6167266644,-37.8085511,144.9632138
6167266639,-37.8067184,144.9627129
6167266647,-37.8095522,144.9645624
6167266648,-37.8095148,144.9645449
387908963,-37.8215079,144.9636112
2473002363,-37.8042179,145.0025721
2473002365,-37.8042115,145.002375
2473002367,-37.8041871,145.0022771
2473002369,-37.8041384,145.0021403
2473002371,-37.8041839,145.0028001
589759919,-37.8218293,144.9522232
296027574,-37.8122757,144.9447004
711787999,-37.8178778,144.9467021
711788005,-37.8178873,144.9466472
296027679,-37.8112753,144.9471699
579405400,-37.8206485,144.9589885
581764827,-37.8048323,144.9327615
5636163336,-37.8166,145.0056126
5636163337,-37.8165571,145.0057577
709953306,-37.8124537,144.936279
1985546061,-37.8033228,144.9650493
938149791,-37.8007919,144.9701024
363399099,-37.7992141,144.9622938
702351318,-37.804982,144.9365972
493051334,-37.8071804,144.996243
702351342,-37.8046728,144.9365014
554240021,-37.8206326,144.9484857
554240022,-37.8207512,144.9485816
356452387,-37.8052631,144.9863214
363399252,-37.7992426,144.9625463
581765225,-37.8058417,144.9364965
2358053032,-37.812075,144.9885087
2358053047,-37.8121107,144.9886884
420022666,-37.8115122,144.9964897
420022667,-37.8122487,145.0003405
417270188,-37.809813,144.9888787
4283908894,-37.8125122,144.974308
417270193,-37.8108905,144.9886992
667224586,-37.8139087,144.9551027
702351899,-37.8053403,144.9370329
3804564092,-37.8219641,144.9922933
3804564096,-37.8205164,144.9942283
3804564118,-37.8180035,144.9941103
385026714,-37.8017509,144.9950977
2358053593,-37.8143653,144.9882986
2358053626,-37.8142508,144.9861537
1833110269,-37.8180945,144.9650143
1833110273,-37.8169759,144.9693762
1833110274,-37.8191333,144.9614422
1833110277,-37.8195447,144.9599034
1833110279,-37.8178063,144.9660039
1833110319,-37.8070269,144.9659203
356453177,-37.8055859,144.9862639
136514376,-37.8187309,144.961279
581765998,-37.8058839,144.9372744
247532480,-37.8175381,144.9499713
291965894,-37.8253428,144.9570314
363400139,-37.799501,144.9624976
363400141,-37.7995463,144.9628445
363400142,-37.8000063,144.962762
2172718107,-37.8091315,144.9320819
589499478,-37.819881,144.9612829
589499480,-37.8198164,144.9612635
589499483,-37.8194672,144.9610029
306383987,-37.7992825,144.9367692
579407019,-37.819903,144.9600059
356453558,-37.8061413,144.9861693
780995790,-37.8029991,144.9495479
3419344109,-37.8084457,144.9767849
289607026,-37.8135733,144.9502382
363400584,-37.7992159,144.9620989
579407285,-37.822002,144.9686698
579407287,-37.822033,144.968563
6207245783,-37.8094804,144.9744559
6207245784,-37.8093554,144.9744788
702352971,-37.8071248,144.94409
702352972,-37.807175,144.9442171
363400852,-37.7994124,144.9620601
363400855,-37.799787,144.9621041
55905953,-37.8206475,144.9539668
589500304,-37.8202279,144.9574109
331419539,-37.8223225,145.0001699
2672365492,-37.8095431,145.0014003
2672365503,-37.8092645,145.0014454
746917827,-37.824387,144.982992
746917828,-37.8243871,144.9830569
291966932,-37.8006506,144.9743254
291966939,-37.8000371,144.9744259
291966940,-37.801308,144.9742145
746917852,-37.8245703,144.9846872
746917853,-37.8245566,144.984639
36824713,-37.8252827,144.9480362
746912584,-37.8241714,144.9837984
746917965,-37.8246995,144.9847221
746917966,-37.8245586,144.984718
746917968,-37.8245586,144.984761
746912586,-37.8241555,144.9839057
746917972,-37.8245586,144.9848092
746912588,-37.8241958,144.9840063
746912589,-37.8242254,144.9840358
746912590,-37.8242064,144.9840935
2177831012,-37.8236353,144.9821426
746917991,-37.8245576,144.9848589
331419757,-37.8214346,144.9986672
746912593,-37.8242297,144.9842558
2177831028,-37.8234082,144.9814655
746912594,-37.8242614,144.984296
746912595,-37.8242964,144.9843242
746912596,-37.8243049,144.9844019
746912597,-37.824325,144.9844744
746912598,-37.8243547,144.9845334
746912600,-37.8243928,144.9845817
579408070,-37.8219224,144.9685203
589500754,-37.8203996,144.9573989
163648002,-37.8202136,144.9601579
589501040,-37.8204541,144.9574207
702354049,-37.8057852,144.942916
501027460,-37.803208,144.9738755
702354055,-37.8058003,144.9430641
501027465,-37.8049698,144.9736071
501027469,-37.8055332,144.9735098
579408534,-37.8213108,144.9688757
579408548,-37.8210611,144.9687644
579408576,-37.8202103,144.9684007
174789329,-37.8146088,144.9656739
588190422,-37.8151832,144.9713804
1463620356,-37.8167041,145.007284
1463620359,-37.8183131,144.9969154
1463620369,-37.8177322,144.9918048
1463620380,-37.8166139,145.0057327
1463620385,-37.8181699,144.9954372
1463620399,-37.8170017,145.0049113
1463620411,-37.8144638,145.007796
1463620424,-37.8166264,145.0073186
1463620428,-37.8167483,145.0074769
1463620436,-37.8188972,145.0023333
2296976215,-37.8050873,144.959954
1463620444,-37.8180792,144.9946677
1463620453,-37.8186647,145.0003489
2189497200,-37.8112983,144.9729731
2189497210,-37.8114292,144.9730322
2189497215,-37.8102793,144.9728777
1463620472,-37.8179454,144.9934471
2189497217,-37.8110323,144.9728563
251859846,-37.8079972,144.9687948
2189497233,-37.8109295,144.9728153
2189497243,-37.8103178,144.9727405
1463620508,-37.8180527,144.9946725
1463620505,-37.8176913,145.0071899
1463620523,-37.8177779,145.0071761
1463620525,-37.8164772,145.0042998
1463620529,-37.8166314,145.0073694
1463620537,-37.8172475,145.0072642
1463620549,-37.8167058,145.0073651
589763533,-37.8220005,144.9507435
702354384,-37.8079515,144.9459438
702354385,-37.8080089,144.9460714
1463620564,-37.8174842,145.0054383
1463620569,-37.818737,145.0007742
1463620571,-37.8187805,145.0007666
589763571,-37.8218259,144.9516054
589763616,-37.821859,144.9521992
1463620639,-37.8167163,145.0071935
1463620667,-37.8180982,144.9951106
1463620697,-37.8175319,145.005706
1463620717,-37.8163859,145.0042932
1463620719,-37.8173465,145.0054973
1463620721,-37.8165198,145.0049966
1463620725,-37.819053,145.0037757
1463620734,-37.8178978,144.9929822
5422257280,-37.8005354,144.9587012
5422257281,-37.8005431,144.9587703
1463620735,-37.8187351,145.0003355
1463620745,-37.8167792,145.0055926
1463620750,-37.8188693,145.0023381
1463620754,-37.8189265,145.002589
1463620781,-37.8144517,145.0076823
1463620794,-37.8166074,145.0056193
1463620798,-37.8164586,145.0041641
1463620800,-37.8187094,145.0007791
1463620801,-37.8165173,145.0056336
1463620809,-37.8159842,145.0003513
1463620807,-37.8166296,145.0056871
1463620819,-37.8170694,145.0055438
417273054,-37.8092623,144.9838244
1463620837,-37.8188237,145.0023458
1463620841,-37.8167697,145.0071835
1463620845,-37.816861,145.0081355
733678621,-37.8238484,144.9825189
1463620853,-37.8190211,145.003764
1463620855,-37.8190269,145.0038187
589763842,-37.8221843,144.947702
1463620868,-37.8160947,145.0013127
1463620869,-37.8186616,145.0007874
1463620894,-37.8188968,145.0017678
1463620895,-37.8177512,145.0054342
1463620907,-37.816794,145.0074701
1463620910,-37.8176225,145.005412
1463620911,-37.818898,145.0025945
1463620925,-37.8177582,145.006987
1463620935,-37.8163839,145.0041885
1463620938,-37.8191691,145.005214
1463620940,-37.8165434,145.0057526
3313046869,-37.8171138,144.9534699
3313046870,-37.8190538,144.953948
1463620947,-37.8185597,144.9991723
1463620953,-37.8186231,145.0003569
1463620950,-37.8188131,145.0017824
1463620952,-37.8192177,145.0056829
1463620954,-37.8176326,145.0054969
1463620974,-37.8166992,145.0072971
1463620982,-37.8162228,145.0074469
1463620986,-37.8188428,145.0017772
589501821,-37.8204544,144.9577736
589501824,-37.8203771,144.9577362
1463620992,-37.8161646,145.0019676
589501836,-37.8203042,144.9573618
2185303481,-37.8001459,144.9625522
2185303492,-37.8101204,144.953732
2185303494,-37.8103422,144.9550359
1985549817,-37.802031,144.9666456
1985549818,-37.8010827,144.966807
1985549819,-37.8007669,144.9668691
1985549820,-37.8035818,144.9663715
1985549821,-37.8021603,144.9666228
1985549832,-37.8034761,144.9663902
1985549834,-37.8049263,144.9661339
1985549836,-37.8048339,144.9661502
1985549838,-37.8043596,144.9662341
628823578,-37.8040088,144.9764088
137172657,-37.8042506,144.957403
137172748,-37.8049481,144.9562368
2562266904,-37.8218892,144.9540841
331421479,-37.8229312,144.990356
777721749,-37.8058236,144.9550756
777721760,-37.8057967,144.9550782
777721819,-37.8057665,144.9550834
777721838,-37.8057283,144.9550903
331421735,-37.8228554,144.9897726
496572527,-37.8005312,145.0138431
496572534,-37.799773,145.0123966
496572549,-37.8006664,145.010299
3729987756,-37.8216861,144.9898245
301537530,-37.8192943,144.9458405
301537532,-37.8193576,144.9452144
301537533,-37.8194644,144.9452532
301537534,-37.8200831,144.9453992
301537535,-37.8196604,144.9445767
301537539,-37.8197578,144.944234
301537541,-37.821006,144.9442801
301537542,-37.8198872,144.9437787
301537545,-37.8201771,144.9427589
301537546,-37.820077,144.9427141
583473687,-37.8054782,144.9975185
477305501,-37.8004188,145.0100791
247012040,-37.8116355,144.968241
3589872333,-37.8112338,144.9276275
247012058,-37.8115712,144.9684629
26680057,-37.8112053,144.940065
26680059,-37.8115894,144.9407833
1985551132,-37.8049418,144.9662782
579410717,-37.821937,144.9683219
3788315450,-37.8201996,144.9601631
3788315451,-37.820045,144.9611555
3788315452,-37.8202153,144.9602068
814816061,-37.8153678,144.975339
814816065,-37.8152942,144.9751559
4028046140,-37.811866,145.0130405
4297530195,-37.8003467,144.9781135
4297530197,-37.8015939,144.977902
4297530201,-37.8023255,144.9777778
4297530202,-37.8023292,144.9778124
4297530203,-37.8054059,144.9744655
4297530204,-37.8055827,144.9761361
4297530207,-37.8056943,144.9772061
4297530208,-37.8056962,144.9772251
4297530209,-37.8056978,144.9772408
4297530210,-37.8057097,144.9772035
4297530211,-37.8057133,144.9772381
4297530213,-37.8057241,144.9772011
4297530214,-37.805726,144.9772199
4297530218,-37.8059722,144.9794514
4297530224,-37.8062675,144.9830142
4297530227,-37.8063423,144.982857
4297530226,-37.8063106,144.9824031
448076959,-37.7998806,144.9729288
448076960,-37.799995,144.9740232
448076961,-37.80061,144.9739192
1865096363,-37.8052589,144.9692308
247012597,-37.8115093,144.9686768
331416637,-37.8215393,145.007936
598154601,-37.8175628,144.9673906
1833115014,-37.8076815,144.9544519
2174950791,-37.8161002,144.9528211
2174950792,-37.8191541,144.9541094
2174950793,-37.8190226,144.9540493
2174950796,-37.816084,144.9528785
1833115018,-37.8077923,144.9545028
589766049,-37.8221771,144.9477447
2174950855,-37.8171439,144.9533633
2174950856,-37.8171865,144.9532135
801840602,-37.8063045,144.9496603
3804569171,-37.8202705,144.9896737
3804569172,-37.8202297,144.9894253
553459306,-37.8223305,144.9469952
364846732,-37.8060498,144.9800541
260906765,-37.8233952,145.0122796
260906776,-37.8230452,145.012743
260906780,-37.8200416,145.0132257
260906785,-37.8233122,145.011886
260906800,-37.8226746,145.0120678
260906805,-37.8219931,145.0121695
781082264,-37.8231854,145.0139793
260906811,-37.8213165,145.0122742
260906816,-37.8206326,145.0123851
260906820,-37.8231778,145.0138494
260906825,-37.8210515,145.0130839
301539191,-37.8224476,144.9559545
579411832,-37.8222965,144.9679305
301539192,-37.8216065,144.9577757
2279153639,-37.8123412,144.9734482
2279153644,-37.8128105,144.9736625
2279153657,-37.8126386,144.9735827
746921973,-37.824085,144.9850699
746921984,-37.8238646,144.9826675
1833115722,-37.8219372,144.9520932
1833115725,-37.8217763,144.9519159
174792823,-37.8147307,144.9652522
30220444,-37.8072639,144.968907
30220445,-37.8096216,144.9914506
746922193,-37.8237935,144.9826824
260907218,-37.8236272,145.0075634
260907223,-37.823749,145.0088206
260907242,-37.8224327,145.0077752
260907252,-37.8238164,145.0094445
746922230,-37.8239578,144.9826474
457777462,-37.8243216,144.9515999
2339053897,-37.8194528,144.9610643
260907394,-37.8235237,145.0122023
260907398,-37.8240632,145.0121007
260907401,-37.8249302,145.0119503
30220684,-37.8090334,144.985669
30220690,-37.8246023,144.9888876
30220702,-37.8087173,144.9826053
588194210,-37.8146322,144.9725908
660546014,-37.811785,144.9887435
588194334,-37.8145907,144.9718229
588194357,-37.8136955,144.9731067
3938525751,-37.8212793,144.966936
5002595019,-37.8122698,144.9524175
5648622173,-37.8002642,144.9635872
448078442,-37.799876,144.984555
4735836846,-37.803762,144.9497989
4735836857,-37.8035155,144.9498144
4735836858,-37.8034867,144.9498193
4735836881,-37.803498,144.949693
4735836882,-37.803927,144.9496198
4735836883,-37.8039603,144.9499152
598155989,-37.8179065,144.9677541
35726391,-37.8094204,144.9316707
2798330940,-37.8176728,144.969795
598156479,-37.8185887,144.968064
2700682439,-37.823317,144.976448
2700682440,-37.8236668,144.9770017
2700682443,-37.8232981,144.9763712
363406542,-37.8000728,144.963406
2700682442,-37.8233794,144.9766338
2700682445,-37.8241121,144.9771169
598156578,-37.818639,144.9678869
283059741,-37.8002341,144.9970068
4520380528,-37.8156402,144.958311
591341189,-37.821204,144.9581619
581772949,-37.8094123,144.9430572
247277261,-37.8041956,144.9569304
30286987,-37.8095985,144.9345653
385165474,-37.8002207,144.9820441
1833117901,-37.8037919,144.9602993
746924351,-37.8239805,144.9827276
746924352,-37.8239685,144.9827317
331164104,-37.8002505,144.9700839
163654119,-37.8197635,144.9743772
1713449449,-37.8104509,144.9834662
1713449450,-37.8107518,144.986085
1713449451,-37.8110617,144.9888658
1713449452,-37.8111407,144.9911699
1713449453,-37.8112693,144.9909981
163654141,-37.8256656,144.9800894
746924542,-37.8239391,144.9825012
163654164,-37.8260818,144.9806708
163654180,-37.8271104,144.9836705
5587544638,-37.8191726,144.9651628
385165916,-37.800743,144.9844788
25635442,-37.8044268,144.9864613
25635443,-37.8047948,144.9902454
2314545794,-37.8045461,144.9876882
746924716,-37.824258,144.9850357
746924730,-37.8241367,144.9848488
746924731,-37.824062,144.9848639
2020813831,-37.8139932,144.9601685
2020813837,-37.8159014,144.9612113
2020813843,-37.8149716,144.9606149
2020813849,-37.8130167,144.9598849
2020813855,-37.8119746,144.9594259
2020813858,-37.8149294,144.9607603
2020813862,-37.8115241,144.9592206
2020813869,-37.8129615,144.9597068
2020813871,-37.8130553,144.9597517
2020813873,-37.8093125,144.9581717
2020813875,-37.8129222,144.9598423
2020813891,-37.8159398,144.9610629
2020813895,-37.8126793,144.9595761
1449316657,-37.8174962,144.9900733
1449316659,-37.817473,144.9904157
1449316667,-37.8174147,144.9900874
1838361782,-37.8164706,144.966998
1838361784,-37.8114301,144.9647417
1838361787,-37.8115874,144.9648105
1838361788,-37.8125052,144.9652372
1838361789,-37.8114892,144.9647681
1132014788,-37.8170901,144.945844
1838361797,-37.8116108,144.9647297
301542599,-37.8221386,144.9498655
301542605,-37.8218713,144.9506416
1838361805,-37.8136041,144.9657232
588197075,-37.8121458,144.9739079
1132014804,-37.8151782,144.9450536
301542621,-37.8184468,144.9487972
1838361821,-37.8144776,144.9661276
1132014819,-37.8178984,144.9462477
1132014823,-37.8150746,144.9451143
1132014824,-37.8179198,144.9461738
1132014844,-37.8151352,144.9450883
588197119,-37.8121506,144.9738918
1132014848,-37.8179297,144.9461397
588197121,-37.8120674,144.9739267
588197120,-37.8120859,144.9738603
588197122,-37.8121326,144.9739582
1132014861,-37.8151848,144.9450163
588197147,-37.8121156,144.9737584
588197148,-37.8120939,144.9738315
588197149,-37.812159,144.973863
588197151,-37.8121405,144.9738872
588197150,-37.8121813,144.9737879
1132014900,-37.8151717,144.9450809
4698484052,-37.8027369,145.0021591
4698484053,-37.8028881,145.0029594
588197212,-37.8121119,144.9739817
588197217,-37.812169,144.9737831
4698484073,-37.802619,145.0018079
368389510,-37.8013908,144.9706123
368389512,-37.8010284,144.97023
588197261,-37.8120918,144.973973
588197262,-37.8121189,144.9738772
588197264,-37.8121475,144.9737734
2365009329,-37.8028382,144.9481035
588197310,-37.8121265,144.9737639
588197315,-37.8120706,144.9739636
588197312,-37.8120981,144.9738677
33238476,-37.8043557,144.961707
33238480,-37.800251,144.9624289
33238508,-37.8009468,144.9685286
33238509,-37.8009255,144.9683292
3895976703,-37.8092777,144.9291463
368389680,-37.8031679,144.9734487
581775051,-37.8090298,144.9369002
581775087,-37.8089494,144.936611
370749206,-37.8149894,144.9828729
591212312,-37.822644,144.9555467
370749246,-37.8137898,144.9830735
370749268,-37.8127247,144.9832618
6097153881,-37.8027583,145.0024573
370749284,-37.8115651,144.9834455
370749292,-37.8104701,144.9836307
368390007,-37.8019853,144.9713861
1241460740,-37.8110272,144.9900001
368390158,-37.8023647,144.9718769
174796824,-37.8147543,144.9651706
2200514710,-37.805365,144.9735373
2200514713,-37.8053448,144.9737165
3204395235,-37.8068821,144.9491307
3204395236,-37.8070104,144.9489637
3204395237,-37.8069403,144.9488771
4976357659,-37.8140404,144.9676254
4740821316,-37.8034706,144.9497766
4460254039,-37.7996437,144.9549902
233255248,-37.8003059,144.9828231
277164375,-37.8231489,144.9765051
233255272,-37.8001778,144.9816496
781005197,-37.8054246,144.9521368
233255310,-37.8008493,144.980357
370749847,-37.8130736,144.9858413
370749848,-37.8118431,144.9861062
370749842,-37.8140732,144.9857293
370749868,-37.8107698,144.9862384
370749976,-37.8152196,144.9854918
628175395,-37.8130318,144.9485519
247018024,-37.8113862,144.969102
247018054,-37.8111952,144.9697619
781005396,-37.8055008,144.9522729
247018102,-37.8107093,144.9690067
5646660249,-37.7995127,144.9628862
5646660250,-37.799561,144.9636652
103101100,-37.8197727,144.961449
2975544023,-37.8114554,144.9911237
2975544030,-37.8117298,144.9910722
1833120502,-37.799637,144.9551567
1833120506,-37.7997405,144.9550185
1833120507,-37.7997046,144.9550666
1833120509,-37.7996836,144.9550948
1833120520,-37.799593,144.9552155
1833120524,-37.7997915,144.9549504
588198714,-37.8122401,144.9736344
588198715,-37.8121744,144.9738623
588198725,-37.8120579,144.9739576
370750290,-37.8140369,144.9854805
370750302,-37.8142312,144.9856734
370750304,-37.8140393,144.9856987
370750312,-37.813925,144.9830509
370750315,-37.8141757,144.9854437
628175729,-37.8127759,144.9483624
370750323,-37.8142076,144.9857075
588198775,-37.8122989,144.9736625
370750324,-37.8145097,144.9882537
3130995622,-37.8119227,145.009993
49492943,-37.8208575,144.9616783
49492954,-37.8196559,144.9686385
370750443,-37.8144937,144.9882813
373634031,-37.8231612,144.9517464
4740822024,-37.8034692,144.9497639
4740822045,-37.8039285,144.9496288
4740822049,-37.8038748,144.9496453
4740822053,-37.8037629,144.9498081
4740822057,-37.8035236,144.9498862
4740822058,-37.803592,144.9498747
4740822067,-37.8036139,144.9496916
4740822068,-37.8035731,144.9497003
370750526,-37.8132769,144.9882693
301544524,-37.8182698,144.949383
301544528,-37.821293,144.9517962
301544535,-37.8197253,144.9514006
301544536,-37.8199086,144.9507783
581776477,-37.8091367,144.9372571
301544549,-37.8206792,144.9485253
387921006,-37.8205952,144.9635094
387921005,-37.8211033,144.9637063
387921009,-37.8207161,144.9630537
301544568,-37.8212868,144.9492181
581776547,-37.8097355,144.9432826
581776548,-37.8099611,144.9434931
6167278773,-37.8129349,144.9526978
6167278774,-37.8122844,144.9549798
6167278778,-37.8130247,144.9521634
370750696,-37.8133565,144.9883098
370750698,-37.8133648,144.9884655
370750701,-37.8132415,144.9884726
370750708,-37.8132289,144.9883151
781137142,-37.8030948,144.9494928
370750714,-37.8122486,144.9884905
247018750,-37.8114445,144.9689005
247018765,-37.8114822,144.9687706
2304718102,-37.8164523,144.949172
2304718104,-37.8145912,144.9469568
2304718106,-37.8146513,144.9467566
370750748,-37.812085,144.9884869
370750746,-37.8120936,144.9886721
370750747,-37.8122489,144.9886568
34157905,-37.8072432,144.9687506
1985557912,-37.8117833,144.967729
1985557921,-37.8157232,144.9695426
1985557927,-37.8108636,144.9673056
1985557929,-37.8150991,144.9692554
1985557931,-37.8137458,144.9686324
1985557933,-37.8131548,144.9683603
1985557935,-37.81352,144.9685284
1985557938,-37.8166527,144.9699706
1985557960,-37.8070101,144.9657635
1833121231,-37.8008878,144.9491954
2936354302,-37.8025726,144.9923104
370750977,-37.8119739,144.986043
370750991,-37.8122053,144.9884496
370751058,-37.8110414,144.9886748
5827671676,-37.8164925,144.9669257
3419354750,-37.8093671,144.9719597
3419354751,-37.8093322,144.9731214
3419354758,-37.8095112,144.9721459
3419354761,-37.8092574,144.9721461
3419354762,-37.8093928,144.9723086
137180950,-37.8031344,144.9619252
6167279389,-37.8125391,144.954121
387266338,-37.8093099,144.9526406
387266341,-37.8095974,144.9535538
6167279401,-37.8101985,144.9615172
6167279409,-37.8101116,144.9621865
6167279410,-37.8101334,144.9621113
6167279408,-37.8104104,144.9611582
387266357,-37.8103955,144.9556369
6167279418,-37.811963,144.9558165
301545277,-37.8159285,144.9381575
387266370,-37.8102911,144.9530923
387266371,-37.8118083,144.9557773
387266384,-37.8112275,144.9539821
137181013,-37.8015885,144.9621937
387266428,-37.8097499,144.954152
387266443,-37.8113027,144.9546005
387266445,-37.8113891,144.9534946
387266446,-37.8113629,144.9535902
387266447,-37.8103235,144.9530079
628176794,-37.8125778,144.948231
137181091,-37.8027007,144.9650326
781006787,-37.8029968,144.9494294
137181126,-37.8018767,144.9651718
370751497,-37.8129752,144.9856429
370751499,-37.813012,144.9859131
137181198,-37.8005889,144.9653899
370751503,-37.8129413,144.9858829
331167815,-37.8002121,144.9731023
257505351,-37.7995345,144.9630705
257505381,-37.7989401,144.9629875
257505382,-37.7989584,144.9631716
370751614,-37.8117971,144.9860742
370751648,-37.8118074,144.9858424
370751653,-37.8116657,144.9832726
370751656,-37.8116817,144.983426
370751687,-37.8119516,144.9860757
1889089757,-37.80792,144.97319
2191735054,-37.8235355,144.9561987
2191735055,-37.8224838,144.955711
2191735056,-37.8224736,144.955746
2191735058,-37.8224504,144.9558264
2191735060,-37.8235573,144.9561235
370751779,-37.8156022,144.9880167
370751780,-37.8155207,144.9880593
370751788,-37.8155547,144.9880593
370751789,-37.8155255,144.9878219
370751793,-37.8156128,144.9878879
373635381,-37.8228492,144.9546279
364329376,-37.8016387,144.9621849
588200381,-37.8121236,144.9739868
628177510,-37.8113413,144.9475256
628177517,-37.8120017,144.9478347
2885237377,-37.8047217,144.9724424
2885237376,-37.8047684,144.9724347
588200619,-37.8121425,144.9739206
370752171,-37.8139844,144.9835993
370752343,-37.8130695,144.9864823
4518394737,-37.8080981,144.9481678
628177784,-37.8123252,144.9480564
370752408,-37.8120227,144.9866651
581778402,-37.8090287,144.9426335
370752533,-37.814134,144.9861838
251083833,-37.7995122,144.9369913
1358380090,-37.8248456,144.9906276
1426013259,-37.8200687,144.9651511
3555802206,-37.8054215,144.9368532
3555802208,-37.8056732,144.9368923
3555802211,-37.8055432,144.9369369
3555802212,-37.805884,144.9366626
3555802214,-37.8058242,144.9366869
3555802216,-37.8056364,144.9367091
224738413,-37.8093201,144.9885661
3555802227,-37.8054876,144.9368074
3555802228,-37.8058628,144.9366672
3555802229,-37.8052299,144.9369713
224738431,-37.8068758,144.9889895
547568767,-37.8125353,144.9865756
709966972,-37.8142217,144.9370471
547568785,-37.8127465,144.9884014
224738452,-37.8047091,144.9893648
224738476,-37.8071628,144.9918675
247020723,-37.8135345,144.9693589
547568822,-37.8129835,144.988359
5827673276,-37.8181777,144.964958
547568845,-37.8167066,144.9886931
168377553,-37.8115182,144.9609941
168377580,-37.8117055,144.9603483
1327054079,-37.8136019,144.9648752
1327054088,-37.8135118,144.9651816
547568911,-37.8096499,144.9873766
1327054098,-37.8133821,144.9651246
257506570,-37.7997729,144.9636234
257506582,-37.7995582,144.9628871
107167028,-37.8205124,144.9660448
107167047,-37.8206337,144.9660978
6206995797,-37.7993417,144.9671202
107167064,-37.8206671,144.9660763
547568994,-37.8106736,144.9867134
257506658,-37.800149,144.9625806
257506661,-37.7999974,144.963181
125386156,-37.8000915,144.9419838
709967319,-37.8131314,144.9358897
709967340,-37.8130425,144.9363041
1833123396,-37.8035927,144.954148
1833123397,-37.8036134,144.9539699
1833123398,-37.8032633,144.9509739
1833123400,-37.8013431,144.952839
5172837974,-37.8113788,145.0020583
576824181,-37.8196669,144.9809954
317537930,-37.8094486,144.9721165
137182987,-37.8020454,144.9667811
5827673889,-37.824069,144.9643534
2191736649,-37.8232037,144.9559011
2191736651,-37.8228688,144.9557457
2191736652,-37.8226194,144.95563
2191736653,-37.8235722,144.9560719
418987991,-37.8024353,144.9788506
34160610,-37.8051543,144.9691048
2189377507,-37.8084801,144.9758147
34160613,-37.8031755,144.9694427
34160616,-37.8030418,144.9694649
34160619,-37.8010831,144.9697994
2189377522,-37.8082812,144.976622
4283908114,-37.8078958,144.9768239
4283908116,-37.8081037,144.9767682
4283908122,-37.8084043,144.9758436
4283908124,-37.8084589,144.9785084
4283908126,-37.808494,144.9785017
4283908128,-37.8088946,144.982575
4283908129,-37.8089287,144.9825692
4283908130,-37.8090155,144.9837022
4283908131,-37.8090325,144.9838615
4283908132,-37.8090493,144.9836968
4283908133,-37.8090664,144.983856
4283908135,-37.8092565,144.9856345
4283908136,-37.8092956,144.9863171
4283908137,-37.8093288,144.9863112
4283908138,-37.8094755,144.9756474
4283908139,-37.8094795,144.9756838
4283908140,-37.8095703,144.9888808
4283908142,-37.8096028,144.9888748
4283908143,-37.8096086,144.9756251
4283908144,-37.8096126,144.9756618
4283908145,-37.809633,144.9891568
4283908149,-37.8097495,144.9914244
4283908151,-37.809778,144.9912419
4283908152,-37.8098635,144.9938496
4283908153,-37.8099791,144.9952351
4283908154,-37.8100606,144.9960027
4283908155,-37.8100923,144.9960059
4283908156,-37.8101799,144.9971276
4283908157,-37.8103055,144.9983112
4283908158,-37.810388,144.9990886
4283908159,-37.8104784,144.9755071
4283908160,-37.8104908,144.9754623
4283908162,-37.8105288,144.9754866
4283908163,-37.8105551,145.0006641
659636292,-37.8175499,144.9554956
4283908165,-37.8105864,145.0006647
4283908166,-37.8105932,145.0007346
4283908167,-37.8106389,145.0006749
4283908168,-37.810639,145.0015278
4283908169,-37.8106531,145.0006777
4283908172,-37.8110202,145.0005778
4283908171,-37.8109953,145.000582
4283908170,-37.8109494,145.0047234
4283908173,-37.8110224,145.0051534
4283908176,-37.8111797,145.000531
4283908174,-37.8110237,145.0054885
4283908178,-37.8113201,145.0004866
4283908175,-37.8111046,145.006322
4283908179,-37.8113336,145.0086784
4283908181,-37.8114192,145.0097679
4283908182,-37.8114217,145.0098267
4283908183,-37.8114484,145.0097593
4283908184,-37.811452,145.0098405
4283908186,-37.8117726,144.97475
4283908187,-37.8120407,145.014663
4283908180,-37.8113705,145.0087543
4283908188,-37.8120664,145.01463
2481930362,-37.8055111,144.9984334
2481930364,-37.8055106,144.9986564
2481930366,-37.8055328,144.9988036
581779584,-37.8088708,144.9424336
52510917,-37.8092805,144.9320471
243963300,-37.8221442,144.9748752
1889485053,-37.8158343,145.04645
818102529,-37.8172114,144.9524568
4451156232,-37.8173698,144.9658133
2481930530,-37.8054701,144.9972895
26034521,-37.8136472,144.9573201
26034526,-37.8143982,144.9547093
26034528,-37.813458,144.9543042
26034529,-37.812709,144.9568874
26034533,-37.8139489,144.9603145
26034534,-37.8146466,144.9578555
26034535,-37.8154168,144.955181
26034540,-37.8173782,144.95609
26034544,-37.8166075,144.9587571
21578114,-37.8144339,144.9491375
26034576,-37.805671,144.950713
2481930660,-37.8102846,145.0015848
2481930661,-37.8103659,145.0023953
2481930662,-37.8104071,145.0028062
2481930665,-37.8103255,145.0019927
2481930664,-37.8104777,145.0032768
2992062894,-37.8037125,144.963473
2481930669,-37.8096921,145.0034029
2481930672,-37.8104906,145.0041801
2481930673,-37.8104531,145.0037593
636699082,-37.8177655,144.9469248
3130999246,-37.8129967,145.0105475
3130999251,-37.813288,145.0104152
26034664,-37.808432,144.9716374
26034668,-37.8093371,144.9720638
26034671,-37.8103715,144.9725533
26034672,-37.8111201,144.9700211
26034673,-37.8118278,144.9675751
6167413242,-37.8115054,144.9729388
6167413246,-37.8119961,144.971192
6167413247,-37.8121281,144.9707476
6167413248,-37.8121445,144.9706923
6167413253,-37.8128633,144.9682959
6167413254,-37.8128829,144.968234
6167413255,-37.8129552,144.9680058
6167413259,-37.8135834,144.9657896
6167413260,-37.8136163,144.9656842
6167413261,-37.813629,144.9656432
6167413262,-37.8136494,144.9655779
6167413264,-37.8139516,144.9645545
6167413265,-37.8139949,144.9644077
6167413269,-37.8143541,144.9632021
6167413273,-37.8151079,144.9605892
6167413278,-37.8157863,144.9582671
6167413280,-37.815996,144.9575274
6167413282,-37.8162255,144.9567204
6167413281,-37.8161151,144.9570842
2481930795,-37.816799,145.0096011
4442505793,-37.8246122,144.9528441
4442505890,-37.8243312,144.9524688
301548220,-37.8065557,144.9852247
301548221,-37.8065954,144.9860905
301548223,-37.8065163,144.9843136
301548226,-37.8064571,144.9837957
498680515,-37.8025582,144.9930549
498680517,-37.8018936,144.9931566
3218293527,-37.8028513,144.9473439
4283908889,-37.8121266,144.9744946
4283908890,-37.8121374,144.9745318
4283908893,-37.8124992,144.9742733
4283908898,-37.8130163,144.9739665
4283908899,-37.8130519,144.9739889
846545709,-37.8186271,144.9679277
3218293556,-37.8036314,144.9544783
3218293559,-37.8036897,144.9549765
641024830,-37.8089536,144.9425035
846545732,-37.8187402,144.9679507
6138708862,-37.8014312,144.9797686
6138708866,-37.8016737,144.9799337
577455101,-37.8233466,144.9885053
498680831,-37.8124762,144.9940134
5276517410,-37.8152643,144.9777675
1985561682,-37.8167483,144.9699807
1985561684,-37.8167146,144.9699771
846546009,-37.8187275,144.9681008
846546021,-37.8179189,144.9677071
577455248,-37.823455,144.9894381
577455271,-37.823674,144.9903798
577455289,-37.8238562,144.9906269
577455293,-37.8238586,144.990759
577455294,-37.8238344,144.9907869
247022862,-37.8134076,144.9697938
709707024,-37.8127283,144.9425214
846546192,-37.8199428,144.9686547
846546204,-37.8187471,144.9678683
846546205,-37.8199577,144.9684242
247022886,-37.8133084,144.9701309
6167440990,-37.8132527,144.9625511
6167440992,-37.8123619,144.9621441
846546260,-37.8199519,144.9685132
6167440993,-37.8122652,144.9621012
370230657,-37.8006883,144.9662159
21579160,-37.8200944,144.9804962
21579166,-37.8227378,144.9851622
1900234214,-37.8037164,144.9635151
6167441030,-37.8093251,144.9609251
301549266,-37.8020938,144.9845589
301549275,-37.8020069,144.9837501
301549282,-37.8023321,144.9868182
6167441076,-37.8159668,144.9645291
5231691588,-37.8225531,144.9402911
5231691589,-37.8224885,144.9400214
3279505240,-37.820425,144.9766646
5231691614,-37.8217488,144.9368226
846546788,-37.8199486,144.9685642
846546790,-37.8187213,144.9681905
2247182215,-37.8186992,144.9554714
846546859,-37.8200547,144.9686517
846546860,-37.8200671,144.9686178
846546861,-37.8201111,144.9684911
547568737,-37.8106068,144.9887464
547568744,-37.8105531,144.9882467
628180987,-37.8141994,144.9497243
5276518425,-37.8118821,144.9789917
3881388075,-37.8186356,145.000497
628181052,-37.8143284,144.9499124
5232347245,-37.8117322,144.9483402
846547080,-37.8201524,144.968697
577456442,-37.8231925,144.988235
577456443,-37.823148,144.9880714
577456444,-37.8230924,144.9880989
577456446,-37.823147,144.9882545
577456447,-37.8231775,144.9884654
577456465,-37.8231189,144.9885019
577456466,-37.8231144,144.9881752
6167152987,-37.8134067,144.9585336
2392803738,-37.8099693,144.9785167
4405283289,-37.8264748,144.9516952
1463620469,-37.816506,145.0056917
1463620474,-37.8187665,145.0017906
4419701256,-37.8025675,144.9637691
1686719009,-37.8012679,144.9527585
1686719014,-37.8012706,144.953182
1686719032,-37.8013696,144.9530666
1728565030,-37.8238498,144.9548603
2096319043,-37.8079603,144.9754684
1833126495,-37.803422,144.9524861
1833126498,-37.8034374,144.9526287
1833126500,-37.8033534,144.9518514
6200183409,-37.8204917,144.951171
6200183410,-37.819759,144.9522082
6200183481,-37.8205474,144.9524988
3555805908,-37.805124,144.9370784
3555805912,-37.8051664,144.9370566
3555805915,-37.8050924,144.9369674
247417580,-37.8178033,144.9697433
709970691,-37.8154462,144.9356472
3790949312,-37.8052871,144.9369256
3790949315,-37.8053799,144.9372176
3790949319,-37.8052448,144.9373053
3790949321,-37.8053164,144.937245
3790949323,-37.8047601,144.9366538
247024616,-37.8154546,144.9704567
577457184,-37.8204834,144.9811666
652430413,-37.8056591,144.9767276
652430415,-37.8055499,144.9756707
577457231,-37.8198091,144.9798688
652430417,-37.8052183,144.9757292
577457233,-37.8199627,144.9802045
2281655420,-37.8025663,144.9931222
3191033048,-37.8111043,144.9691889
1463620621,-37.8162885,145.0031273
1463620622,-37.8186939,145.0003434
2970963296,-37.8199328,144.9323719
170216835,-37.8097478,144.9924054
170216836,-37.8098841,144.9913969
233262488,-37.8030797,144.9799799
547569034,-37.8101569,144.9888213
233262501,-37.803436,144.9835041
233262526,-37.8027967,144.9836144
3306900958,-37.8191206,144.9597134
547573220,-37.8137969,144.9883813
247025142,-37.8151617,144.9714535
233262588,-37.8031969,144.9811391
233262607,-37.8025553,144.9812484
233262622,-37.8026752,144.9824231
2174963232,-37.8169424,144.9532084
2174963236,-37.8192164,144.9542006
2174963237,-37.8191269,144.9542043
2174963241,-37.8192146,144.954247
2174963245,-37.8170198,144.9533067
2174963246,-37.8190279,144.954338
2174963249,-37.8190591,144.9542399
2174963251,-37.8208423,144.9549685
2174963254,-37.8208542,144.9549213
2174963257,-37.8194228,144.9542336
6200184392,-37.819925,144.9507187
233262696,-37.8023274,144.9777958
233262762,-37.8016989,144.9790637
2324385463,-37.8140242,144.9855048
233262776,-37.8007296,144.9792272
3589872334,-37.811325,144.9269538
2190560994,-37.8142364,144.963148
2190560995,-37.8102862,144.9613285
2190560996,-37.8102978,144.9613754
2190560998,-37.8142003,144.96317
2190560999,-37.8142102,144.9631359
2190561000,-37.8142265,144.963182
2190561002,-37.8103078,144.9613409
593055517,-37.8117563,144.9635572
2358071076,-37.8082812,144.9802632
2358071077,-37.8084225,144.979799
593055535,-37.812004,144.9636734
305876854,-37.8224826,144.9530295
2991935465,-37.8061375,144.9572052
6167285761,-37.8118155,144.95579
6167285762,-37.811661,144.9562924
6167285770,-37.8102326,144.9612406
6167285771,-37.8102167,144.9612965
1132023816,-37.8173448,144.9460826
1132023814,-37.8173553,144.946046
6167285775,-37.8118796,144.9564656
6167285783,-37.810548,144.9609973
6167285784,-37.8104561,144.9613436
577458194,-37.8187013,144.9782069
577458199,-37.8188941,144.9785274
577458200,-37.8191293,144.9788533
827019327,-37.8179614,144.950781
170217605,-37.8099215,144.9912177
709972143,-37.8151896,144.9363179
2459914486,-37.8206992,144.9548043
506155264,-37.8193915,144.9529999
5511139621,-37.8091081,144.9728239
2970964556,-37.8097457,144.9913426
107172439,-37.820682,144.9652872
107172451,-37.8227036,144.9640081
827020051,-37.8182633,144.9504256
349918075,-37.8202868,145.0081578
1879266190,-37.8022222,144.9633323
827020189,-37.8181701,144.9503585
2189382591,-37.8081997,144.9760897
2189382609,-37.8081797,144.9759102
2189382617,-37.8082242,144.9759826
3213448162,-37.8078691,144.9615966
3213448165,-37.8079125,144.9614453
460411875,-37.8067574,144.9829273
3213448168,-37.8079653,144.9612612
3213448169,-37.8080577,144.9609388
3213448172,-37.8089694,144.9617782
3213448174,-37.8090664,144.9614455
3213448176,-37.8085782,144.9591247
3213448208,-37.8007477,144.958667
6167417888,-37.8168728,144.9543047
6167417889,-37.8168415,144.9542915
6167417891,-37.8168042,144.9543002
6167417892,-37.8167745,144.9542874
6167417893,-37.8167573,144.9542771
6167417895,-37.8167184,144.9542903
6167417896,-37.8166863,144.954276
6167417898,-37.8172078,144.9533303
6167417899,-37.8172141,144.9533107
6167417900,-37.8172191,144.9532949
6167417901,-37.8172377,144.9532366
6167417902,-37.8170244,144.9530683
6167417903,-37.8170071,144.9531319
6167417904,-37.816991,144.9531909
6167417905,-37.8169878,144.9532027
6167417906,-37.8169814,144.9532264
6167417907,-37.8170666,144.9530881
6167417909,-37.8168159,144.9538169
6167417917,-37.8165469,144.9547695
6167417918,-37.8164028,144.9552605
6167417920,-37.8163056,144.9555899
6167417921,-37.8162646,144.9557341
6167417923,-37.8159842,144.9567194
6167417924,-37.8158559,144.9571644
6167417925,-37.8156619,144.9578061
6167417926,-37.8155951,144.9580329
6167417927,-37.8155781,144.9580985
6167417928,-37.8155614,144.9581634
6167417929,-37.8155523,144.9581987
6167417930,-37.8155357,144.9582629
6167417932,-37.8154071,144.9587186
6167417933,-37.8151573,144.959592
6167417934,-37.8149718,144.9602405
6167417935,-37.8148987,144.9604959
6167417936,-37.814997,144.9601523
6167417940,-37.8148782,144.9605755
6167417941,-37.8148419,144.9607171
6167417942,-37.8148219,144.9607949
6167417943,-37.8145652,144.9616725
6167417944,-37.8144836,144.9619659
6167417945,-37.8141885,144.9629889
6167417946,-37.8141702,144.9630544
6167417947,-37.8141545,144.9631103
6167417948,-37.8141454,144.963143
6167417949,-37.8141304,144.9631964
6167417950,-37.8141109,144.9632662
6167417957,-37.8134431,144.9656238
6167417958,-37.8134366,144.9656478
6167417959,-37.81342,144.9657097
6167417961,-37.813047,144.9668505
6167417962,-37.8127311,144.9679035
6167417963,-37.8127114,144.9679761
6167417964,-37.8126682,144.9681349
6167417965,-37.8126519,144.9681948
6167417966,-37.8124601,144.9688725
6167417967,-37.8122719,144.9695152
6167417968,-37.8120161,144.9703916
6167417969,-37.812352,144.9692414
6167417976,-37.8121891,144.9697987
6167417977,-37.8120039,144.9704319
6167417978,-37.8119519,144.9706032
6167417979,-37.8119353,144.9706578
6167417980,-37.8117601,144.9712728
6167417981,-37.8116665,144.971594
6167417982,-37.8114961,144.9721762
6167417983,-37.8113026,144.972848
6167417984,-37.8114252,144.9724225
2653377674,-37.80142,144.9584314
2653377676,-37.8013928,144.9581742
6167418088,-37.8115397,144.9720273
6167418090,-37.8112545,144.9729536
6167418091,-37.8112151,144.9730847
6167418092,-37.8112033,144.9731309
577459441,-37.8172658,144.9707262
310727923,-37.8098825,144.9364396
2716423442,-37.8139084,144.9463967
2716423449,-37.8140346,144.9470579
2716423452,-37.8136961,144.9461109
1713460586,-37.8088453,144.9838917
703550857,-37.8101317,144.957781
777737621,-37.8049397,144.9561684
6207002042,-37.8012301,145.009227
6207002055,-37.8008494,145.0098337
1713460710,-37.8094168,144.9722214
168384014,-37.8110719,144.960791
168384030,-37.8113803,144.9597365
364860960,-37.8017911,144.9800967
283334284,-37.7997325,144.9534133
781145741,-37.8002304,144.9432404
364861092,-37.8241227,144.9588148
283334320,-37.8011916,144.9520317
364861168,-37.8243635,144.9585022
283334480,-37.8000975,144.9538613
170219377,-37.8084452,144.9761847
170219384,-37.8086826,144.9784657
170219402,-37.808497,144.9767555
709974145,-37.815505,144.9354882
5402876141,-37.8197781,144.9767491
5402876146,-37.8194169,144.9765848
5402876147,-37.8193607,144.9765948
5402876149,-37.8190503,144.9768798
5402876157,-37.8190254,144.9738405
5402876164,-37.8187255,144.9742742
5402876165,-37.8176138,144.9730313
5402876166,-37.8200557,144.9768385
5402876167,-37.8200973,144.9768181
5402876168,-37.81989,144.9769278
5402876171,-37.8206145,144.9772668
5402876180,-37.8207429,144.9766098
5402876195,-37.8209309,144.9765848
5402876198,-37.8203394,144.9773837
5402876199,-37.8204901,144.9772915
5402876201,-37.8208084,144.9772272
2174966079,-37.8169769,144.9532426
2174966087,-37.8172011,144.9533513
2950388058,-37.8195356,144.9616516
2950388105,-37.8195707,144.9616523
591354267,-37.8226659,144.9554904
2227263908,-37.8121009,144.9745325
5427911108,-37.802094,144.9606107
356080190,-37.8027457,144.9942956
5402876524,-37.8209791,144.9765768
5402876526,-37.8210425,144.9768222
5402876529,-37.8210001,144.9767196
5402876530,-37.8210245,144.9767611
5402876531,-37.8210351,144.976788
5402876532,-37.8209896,144.9771963
5402876533,-37.8212809,144.9769235
5402876534,-37.8210709,144.9771819
5402876536,-37.8210648,144.9770092
5402876537,-37.8210658,144.9770455
5402876538,-37.8210595,144.977085
5402876539,-37.8210489,144.9771212
5402876540,-37.8210367,144.9771467
5402876541,-37.821015,144.9771755
5402876542,-37.8196575,144.9756073
5402876545,-37.8197601,144.9760725
349920059,-37.8187082,145.0053079
2372885311,-37.8098085,144.988837
2372885312,-37.8093612,144.9889192
2372885313,-37.8098392,144.98912
2372885314,-37.8093903,144.9892
591354690,-37.8230006,144.9550492
591354710,-37.8229244,144.9548185
349920091,-37.8185923,145.0052383
4320615301,-37.8167421,144.991126
373644207,-37.8092255,144.9315914
247028658,-37.8156223,144.969886
723964991,-37.8038035,145.0056593
247028711,-37.8155341,144.970186
2384157684,-37.8007984,145.0054278
2399230968,-37.8064151,144.9834693
2569100356,-37.8233154,144.9936838
2569100354,-37.823322,144.9938042
2569100353,-37.8232658,144.9937521
2569100355,-37.8233614,144.9937359
247028810,-37.8153503,144.9708117
2368035914,-37.8083158,144.9788115
356080719,-37.8102103,145.0072531
2569100372,-37.8234541,144.9937219
247028852,-37.8152227,144.9712459
844455131,-37.8209827,144.9475878
836066530,-37.820783,144.9486473
591224041,-37.8237803,144.9475187
91970805,-37.8151851,144.9469846
310729981,-37.8131411,144.9391035
2190564625,-37.8161813,144.9640438
2190564626,-37.8161995,144.9640906
2190564628,-37.8162093,144.9640567
355818807,-37.8102664,144.9977363
356474167,-37.800352,144.9891425
355818813,-37.8073806,144.9981959
493051199,-37.8076947,144.9897434
493051207,-37.8069182,144.989461
493051212,-37.8066361,144.9864862
355818836,-37.8101377,144.9965834
767647066,-37.8079193,144.9731808
355818845,-37.8072638,144.9970284
4380043477,-37.823372,144.9891531
168385919,-37.8112877,144.9608894
493051265,-37.8051976,144.9944969
243096971,-37.8234214,144.9699519
356474260,-37.8004208,144.9898317
252587840,-37.8224967,144.9836975
6167289285,-37.8104418,144.9614008
6167289289,-37.8097466,144.9637581
6167289290,-37.8095175,144.963648
91971018,-37.8176462,144.9486878
6167289291,-37.8094963,144.9637269
6167289293,-37.8094864,144.963764
6167289292,-37.809492,144.9637428
91971021,-37.8178305,144.9487158
6167289294,-37.8094813,144.9637827
6167289295,-37.8094765,144.9638006
6167289296,-37.8094422,144.9639284
6167289297,-37.8093233,144.9643404
6167289298,-37.8091858,144.9648155
6167289300,-37.8087718,144.9661834
6167289301,-37.8087252,144.9663227
6167289304,-37.8080847,144.9685775
6167289307,-37.8075895,144.9702615
2317966813,-37.8106451,144.9756601
6167289310,-37.8077318,144.9706127
2317966814,-37.81052,144.9754675
2317966815,-37.8109456,144.9780495
6167289308,-37.8076444,144.970441
6167289309,-37.8076589,144.97049
6167289311,-37.8079412,144.969917
6167289316,-37.8090083,144.9662934
6167289317,-37.8089655,144.9664333
6167289312,-37.8082448,144.968892
6167289322,-37.8079843,144.9688723
6167289314,-37.8085022,144.9680061
6167289318,-37.8083078,144.9686756
6167289319,-37.8082347,144.9686435
6167289320,-37.8081991,144.9686278
6167289323,-37.8080424,144.9688977
6167289324,-37.8080863,144.9689169
6167289325,-37.808112,144.9689281
6167289326,-37.8081463,144.9689431
6167289327,-37.8082201,144.9689754
355819027,-37.8075236,144.9956587
356474390,-37.8004896,144.9905208
355819035,-37.8087653,144.9961892
243097131,-37.82263,144.9641712
243097133,-37.8229196,144.9649032
243097134,-37.8230078,144.9652809
243097143,-37.8232964,144.969899
243097144,-37.8232987,144.9673409
91971130,-37.8158864,144.9461111
91971135,-37.8156148,144.9462743
355819078,-37.8071296,144.9957194
2613010008,-37.8093814,144.9317534
243097380,-37.8225319,144.9639894
243097384,-37.8201689,144.965031
243097403,-37.8195507,144.9636518
243097404,-37.8192113,144.9651123
2810279737,-37.8168194,144.9879653
2810279742,-37.8168862,144.988144
2810279743,-37.8169154,144.9881339
2810279744,-37.8168138,144.9881655
598171691,-37.8185588,144.9681662
577462683,-37.8182224,144.9775283
373645741,-37.8045416,144.9194029
492939898,-37.8008412,145.0148545
591258553,-37.8239999,144.9537655
492939908,-37.7999799,145.0138091
636707596,-37.8165069,144.9459417
2455200662,-37.8082901,144.9535219
703554589,-37.8091964,144.9565147
506160213,-37.8196552,144.9525596
214131808,-37.8047418,145.0110667
2096325796,-37.8000554,144.9546115
2096325804,-37.800868,144.9535731
2096325806,-37.8009001,144.953532
2096325809,-37.7999827,144.9547057
2096325814,-37.8006539,144.953847
2096325829,-37.8003787,144.954199
2096325834,-37.8003145,144.9541207
2096325836,-37.8002666,144.9543413
3394725163,-37.8177544,144.9591013
3394725167,-37.8184817,144.9566011
2190566770,-37.8171409,144.9644869
3394725369,-37.8149291,144.9605095
3394725370,-37.8150872,144.960665
2299094542,-37.8006201,144.9559921
709846561,-37.8148053,144.9448602
103114335,-37.8128986,144.9562336
252588294,-37.8182748,144.9755146
493053630,-37.8038474,144.9879446
493053633,-37.8045608,144.9878389
3394725583,-37.8131272,144.9597872
3394725585,-37.8138504,144.9573018
3394725588,-37.8128618,144.9598184
3420939994,-37.8003644,144.9792888
4405290791,-37.8238784,144.9548363
373647142,-37.8106998,144.9283886
1449355139,-37.8153039,144.9748912
1449355145,-37.8153613,144.9764461
1449355158,-37.8152264,144.9751988
164063139,-37.8148822,144.9549312
1449355173,-37.8153663,144.9746393
5544289003,-37.7995415,144.9634403
4248528827,-37.8092601,144.9785159
636708808,-37.8173417,144.946281
597911555,-37.8156656,144.9654653
356083726,-37.8097992,144.9918955
702375979,-37.8072282,144.9424879
3394725967,-37.8158055,144.9582047
356083796,-37.8110006,144.9917243
777742438,-37.8057555,144.9560244
372992165,-37.8076697,144.9803686
247032073,-37.814807,144.9726604
356215182,-37.8038468,144.9648389
3394726304,-37.814573,144.9547906
1889102287,-37.80773,144.97136
702376470,-37.8059182,144.9366503
3394726515,-37.8170501,144.9615839
224750210,-37.8058744,144.9783731
224750279,-37.8038875,144.9810214
3394726640,-37.8163262,144.9640475
3394726642,-37.8143721,144.9631478
224750324,-37.8041379,144.983392
356477680,-37.8037537,144.9870536
2188339982,-37.8135002,144.965631
224750410,-37.8061109,144.9806426
702376794,-37.8081998,144.9398497
224750459,-37.8062334,144.9818136
1459448704,-37.8196347,145.0083119
1459448706,-37.8194718,145.008115
1459448708,-37.819504,145.0081017
1459448709,-37.8195083,145.0084531
1459448710,-37.819384,145.0083597
1459448713,-37.8194462,145.0084584
1459448720,-37.8194122,145.0081377
1459448723,-37.8193751,145.0082644
373648298,-37.8089442,144.9257734
703556745,-37.8063482,144.9561166
703556746,-37.8064999,144.9560899
703556751,-37.8066885,144.956051
703556752,-37.8065349,144.9560805
635530384,-37.81284,144.9430922
777743504,-37.8059423,144.9559555
703556755,-37.8068782,144.9560174
703556756,-37.8067213,144.9560456
777743542,-37.805895,144.9559639
4583419070,-37.8179002,144.9896816
578120907,-37.8246196,144.9458094
3162729675,-37.7915638,144.9317598
356478170,-37.8019539,144.987372
635530497,-37.8127424,144.9434419
6226013458,-37.8110328,144.99006
372993330,-37.8076398,144.9809126
356085105,-37.8146759,145.0015684
781151605,-37.802329,144.9427414
703557070,-37.8069078,144.9560107
703557072,-37.8072565,144.9578256
703557073,-37.8070593,144.9559853
760180197,-37.822088,144.9500022
760180199,-37.822171,144.9500743
760180220,-37.8222526,144.9499423
5968588316,-37.8209083,144.9423016
248737313,-37.8179282,144.9745447
2451926620,-37.8082008,144.9622756
103116406,-37.8129674,144.9559964
777743990,-37.8057521,144.9559891
233270916,-37.8002406,144.9822256
174812829,-37.8148103,144.964982
103116463,-37.8130452,144.9557281
103116490,-37.813636,144.9558758
145190645,-37.8178755,144.9563202
2400284473,-37.8198106,144.9650308
2400284479,-37.8201522,144.9651149
591259264,-37.8236214,144.9558887
259616697,-37.8153761,144.9553213
259616699,-37.8173369,144.9562328
259616706,-37.8143577,144.9548499
259616709,-37.8134183,144.9544415
259616712,-37.8141486,144.9547542
591259268,-37.8237514,144.9552956
591259270,-37.8238096,144.9550555
259616740,-37.8080788,144.9516851
591259275,-37.823947,144.9543146
259616751,-37.8092193,144.9524607
4353912828,-37.8244848,145.0120329
4398346291,-37.8201595,144.9650784
4398346297,-37.8193972,144.9652241
4398346300,-37.8192067,144.9651663
4398346301,-37.819245,144.96518
55931054,-37.8131806,144.9477548
55931058,-37.8120653,144.9465208
55931060,-37.8117769,144.9461149
2400284873,-37.8202787,144.9651132
373649798,-37.8090417,144.9295415
373649829,-37.8091018,144.9293206
373649831,-37.8092101,144.9291215
702378470,-37.8074624,144.9440142
1479897577,-37.8202785,144.957434
1479897587,-37.8201081,144.9583279
259617268,-37.8054791,144.9487798
267350556,-37.8240593,144.9735177
3094966840,-37.8033298,144.9480135
3094966841,-37.8033457,144.9481274
3094966842,-37.8041043,144.9478734
3094966843,-37.8045059,144.9479223
3094966844,-37.804492,144.9478087
356479566,-37.8040715,144.9865219
702378611,-37.8053574,144.9431995
356479647,-37.8042118,144.9878906
267350689,-37.824643,144.9720642
267350690,-37.8246819,144.9719478
227766956,-37.7998298,144.9841243
767652542,-37.8081355,144.9731431
647852796,-37.8050368,144.9927309
370242305,-37.7997434,144.9724648
370242314,-37.7997691,144.9718105
370242326,-37.7999955,144.9719925
4723274546,-37.8081091,144.9749603
3394728757,-37.8197751,144.9599386
1450727063,-37.824052,144.9848675
3121574833,-37.8042237,144.9968882
3121574834,-37.8041864,144.9965002
2006021064,-37.8000323,144.9949409
384005175,-37.7998566,144.9786219
4260590672,-37.7990107,144.9541954
777745518,-37.8059977,144.9559457
2185303474,-37.7990471,144.9355884
844461363,-37.8208641,144.9474851
844461364,-37.8208445,144.9475536
767653222,-37.8078944,144.972887
1982297474,-37.805541,144.9979373
364869016,-37.8044436,144.9763334
4049565155,-37.820296,144.9454494
1517123099,-37.8151345,144.9751843
576879120,-37.8226117,144.9848055
576879142,-37.8242505,144.9905173
2020832915,-37.8160008,144.9652756
265516775,-37.8221023,144.9735755
1492350739,-37.80204,144.963742
1492350741,-37.8027001,144.9636274
1492350747,-37.801953,144.9636853
1492350748,-37.8019874,144.9637507
265516842,-37.8217141,144.9738554
2810279736,-37.8168503,144.9879601
2810279738,-37.8167849,144.9879723
2810279739,-37.8166516,144.9882044
2810279740,-37.8167053,144.9881955
2810279741,-37.8167346,144.9881896
2029614911,-37.8020696,144.9843449
2810279752,-37.8170929,144.9888177
2810279751,-37.8171344,144.9888082
2810279750,-37.8171658,144.9888025
844461911,-37.8210532,144.9475329
356087677,-37.8142992,144.998194
781023109,-37.8034831,144.9496043
370243518,-37.8010162,144.9691617
244283340,-37.8087302,145.004482
844462093,-37.8210918,144.9473694
844462098,-37.8210485,144.9473608
174815317,-37.8148227,144.9649463
2088335572,-37.823145,144.9781905
2088335574,-37.823461,144.9786593
384006399,-37.8021598,144.9906112
844462403,-37.8210696,144.947463
370243956,-37.8008234,144.9673772
955611523,-37.8028293,144.966645
580090245,-37.8023569,144.9780705
741702052,-37.8157926,144.9733955
741702068,-37.8152387,144.9753145
3394730435,-37.8104385,144.9493567
3394730436,-37.8103324,144.9496246
373651914,-37.8114421,144.9273307
373651916,-37.8115199,144.9272068
741702104,-37.8155963,144.9740679
741702116,-37.816059,144.9721774
777746930,-37.8057429,144.9558818
311654900,-37.8202452,145.0149442
777746939,-37.8057941,144.9557662
741702160,-37.8167678,144.9699245
741702223,-37.8160546,144.9725048
373652047,-37.8114345,144.9271062
741702228,-37.8167966,144.9699858
741702230,-37.8174886,144.9676326
356088432,-37.8161903,144.9982212
741702279,-37.816747,144.9698802
589527696,-37.82103,144.9552698
2698607289,-37.8231602,144.9786167
2698607292,-37.8230351,144.9787009
2698607296,-37.8234406,144.9783548
2698607298,-37.8234102,144.9782897
2312383359,-37.8087861,145.0087412
2312383360,-37.8087984,145.0088468
758610654,-37.8214743,144.9456271
2312383364,-37.8086738,145.0074977
2312383366,-37.8089847,145.0088674
356088591,-37.8168288,144.9948589
767654684,-37.8076777,144.9732605
356088693,-37.8163022,144.9956386
387152919,-37.7989484,144.9538956
387152925,-37.80622,144.9448585
387152931,-37.805173,144.9450317
339311652,-37.8048827,144.9507265
387152934,-37.8077584,144.9436271
387152936,-37.8078182,144.9437606
387152940,-37.8029033,144.945419
1521014653,-37.8024583,144.9922315
387152990,-37.810586,144.9501666
387152991,-37.8053849,144.94865
387152992,-37.8054726,144.9485587
387152996,-37.8071101,144.9468352
387152998,-37.8084895,144.945285
387153004,-37.8086451,144.9453811
387153005,-37.8085606,144.9452722
387153009,-37.8073886,144.9427395
387153023,-37.8063079,144.9498941
387153032,-37.8077373,144.9477838
387153033,-37.8089964,144.9460894
387153041,-37.8008047,144.94846
387153042,-37.8015738,144.9483325
387153044,-37.8029355,144.9480856
387153045,-37.803873,144.94791
387153065,-37.8009866,144.9500806
387153066,-37.8016709,144.9499456
387153067,-37.8021045,144.9498601
387153071,-37.8023092,144.9498347
387153078,-37.8044101,144.9524597
387153077,-37.8033485,144.9526442
387153082,-37.8051044,144.9521935
387153083,-37.8048885,144.9522312
387153086,-37.8068369,144.9513796
387153087,-37.8065395,144.952036
387153089,-37.8071565,144.950805
387153090,-37.8068121,144.9513383
387153091,-37.8072934,144.9507282
387153092,-37.8096826,144.9468195
387153095,-37.8069542,144.9542763
387153096,-37.8073183,144.9534925
387153097,-37.8081697,144.9517597
387153098,-37.8082379,144.9516256
387153101,-37.810314,144.9473818
356089138,-37.8181162,144.9951082
1521014718,-37.7998614,144.9932054
356089276,-37.8162838,144.9954691
356089330,-37.8176464,144.9959437
1558806055,-37.8105488,144.9643375
2074055712,-37.8246811,145.0057158
6024429121,-37.8162225,144.9383605
6024429122,-37.8154612,144.9405224
6024429123,-37.8144874,144.943067
6024429124,-37.8150926,144.9412892
6024429125,-37.8148791,144.9418491
6024429133,-37.8140189,144.9443017
304536354,-37.8232592,145.0052851
2272185967,-37.8220205,145.0141651
2272185968,-37.8227071,145.0140729
233275064,-37.7989222,144.977281
3085926081,-37.8239194,144.9907013
233275077,-37.8055972,144.9761336
3085926090,-37.8240241,144.9906328
2020835025,-37.8149171,144.9680205
3427761887,-37.8055058,144.997886
268533545,-37.8126261,144.9777841
268533546,-37.8132615,144.9753714
4418535313,-37.8024492,144.9634453
4391665567,-37.8119762,144.9637681
5680175257,-37.8102365,144.9809359
227770320,-37.8006897,144.9839765
227770331,-37.801015,144.9870425
758611933,-37.8215414,144.9456439
758611953,-37.8215042,144.9456369
227770375,-37.8007723,144.9847551
227770439,-37.8013589,144.986982
227770471,-37.8008205,144.9852092
591233135,-37.8245429,144.9528863
60653705,-37.8189238,144.9467475
6167417953,-37.813476,144.9655014
6167417954,-37.8134587,144.9655656
227770511,-37.8016271,144.9869375
60653714,-37.8190226,144.9467782
6167417955,-37.813452,144.9655908
60653715,-37.8190658,144.9466291
60653717,-37.8140957,144.9444699
6167417956,-37.8134476,144.9656069
60653725,-37.8128704,144.9429994
589398179,-37.8126215,144.9738143
60653733,-37.8127594,144.9428102
60653735,-37.812786,144.9432693
758612178,-37.8214382,144.9456191
758612180,-37.8214111,144.9456167
268533990,-37.8117705,144.97473
268533993,-37.8107359,144.9753482
268533994,-37.8110812,144.9780233
371949823,-37.8049166,144.9692898
227508487,-37.808659,144.9588428
227508496,-37.8096849,144.9593225
2173272382,-37.8189,144.9538423
372998488,-37.8090958,144.986353
547586436,-37.813942,144.9844808
547586437,-37.8139718,144.9847561
591233417,-37.8245751,144.9528366
591233422,-37.8244413,144.9526875
591233425,-37.824369,144.9525705
591233420,-37.8244988,144.9526951
2810282455,-37.8149589,144.9914863
3401024069,-37.8233067,144.9702097
3171517001,-37.8038953,144.9617879
4871651915,-37.8233621,144.9417464
589398626,-37.8123696,144.9736957
4418536063,-37.8021972,144.9630762
4418536067,-37.8023828,144.9633268
4418536068,-37.8023967,144.9634554
4418536070,-37.8022591,144.9633489
4418536071,-37.8022564,144.9633256
4418536088,-37.8022093,144.9632001
575472974,-37.8196813,144.9810997
591233716,-37.8243728,144.9525106
372998848,-37.8092246,144.9876645
3161948900,-37.8089164,144.9565559
3161948907,-37.8087034,144.9565759
3161948915,-37.8086596,144.956616
3161948917,-37.8087002,144.9566447
3161948949,-37.8087898,144.9573786
547586916,-37.8136133,144.9862738
4329375111,-37.8172438,144.9677642
1650033638,-37.8200745,145.0150325
5301568556,-37.8085801,144.9408138
5301568567,-37.8082252,144.9398885
5301568569,-37.8088307,144.9420426
5301568573,-37.8087757,144.9420776
5301568575,-37.8086953,144.9421307
5301568579,-37.808675,144.9423368
5301568582,-37.8088204,144.9421927
5301568583,-37.8087625,144.9422436
664372298,-37.8208689,144.9671895
4398351515,-37.8200188,144.9671231
4398351516,-37.8200726,144.9671945
4398351517,-37.8201043,144.9660391
376145063,-37.8090663,144.976665
448103596,-37.8153669,144.9354015
448103597,-37.8158013,144.934271
598049996,-37.8141096,144.9676563
120947918,-37.8159158,144.9688873
376145144,-37.8092433,144.9783574
2181268810,-37.8110427,144.9589884
2181268821,-37.8110829,144.9588361
2181268826,-37.8082148,144.9687138
2181268830,-37.808888,144.9663962
2181268832,-37.8096182,144.9638842
2181268836,-37.8089285,144.9662571
2181268837,-37.8104686,144.9609582
2181268844,-37.8109337,144.959358
26051948,-37.8150464,144.9718458
26051950,-37.813076,144.9709301
26051952,-37.8137935,144.9684686
26051949,-37.8157742,144.969369
2181268853,-37.810582,144.9605678
1895925154,-37.8063476,144.9596346
1895925155,-37.8061852,144.9592654
1525908924,-37.8234465,144.9785077
1525908932,-37.8232542,144.9780021
291210712,-37.8061059,144.9659244
1525908983,-37.8231366,144.9783733
1525908992,-37.8232916,144.9786925
3862791980,-37.8114598,144.9833055
3862791979,-37.8116974,144.9832675
3494348621,-37.8185268,144.9701227
224757641,-37.8072913,144.9931365
224757682,-37.8073834,144.9941797
4520380433,-37.8194281,144.9611686
4520380434,-37.8194358,144.9611336
4520380437,-37.819802,144.9612877
4520380441,-37.8209334,144.961432
4520380442,-37.8200095,144.9614139
4520380446,-37.8233301,144.9608031
4520380447,-37.8233257,144.9607415
4520380455,-37.8212372,144.961431
4520380456,-37.8212486,144.9613678
4520380473,-37.8209342,144.9613737
4520380478,-37.8197989,144.9612984
4520380479,-37.8197891,144.9613321
4520380495,-37.8092714,144.9553018
4520380496,-37.8093427,144.9552953
4520380498,-37.8106611,144.9559425
4520380502,-37.8117362,144.9563269
4520380503,-37.811764,144.9563397
4520380504,-37.8117766,144.9564575
4520380505,-37.8117867,144.9564228
4520380506,-37.8117157,144.9565014
4520380509,-37.8116827,144.9563755
4520380513,-37.8117624,144.9565065
4520380514,-37.8117459,144.9565632
4520380516,-37.8117249,144.9563218
4520380518,-37.8116841,144.956303
4520380519,-37.8116392,144.9563548
4520380521,-37.8116934,144.9565734
4520380524,-37.8136573,144.9572853
4520380525,-37.8137533,144.9573296
4520380526,-37.8146652,144.957788
4520380523,-37.8127191,144.9568527
4520380527,-37.8146754,144.9577519
4520380530,-37.8156592,144.9581359
4520380531,-37.8156873,144.9581489
4520380532,-37.8157078,144.9582309
4520380535,-37.8156051,144.9581835
4520380533,-37.8156977,144.9582655
4520380537,-37.8166359,144.9586589
4520380539,-37.817582,144.9590952
4520380536,-37.8166259,144.9586935
4520380544,-37.8176318,144.9590456
4520380545,-37.817659,144.9590581
4520380540,-37.8176681,144.9591349
4520380542,-37.8176118,144.9592203
4520380550,-37.8183822,144.9606004
4520380543,-37.8175846,144.9592077
4520380552,-37.8192474,144.9610481
4520380546,-37.8185433,144.9596504
4520380556,-37.819402,144.9611183
4520380551,-37.8192375,144.9610823
4520380554,-37.8199091,144.9613446
767658128,-37.8067611,144.9733168
547588442,-37.8158525,144.9880066
2992212332,-37.8216678,144.9737127
767658367,-37.8073053,144.9732282
767658571,-37.8076246,144.9732695
2180614752,-37.8140656,144.9715791
2180614753,-37.8141139,144.9714122
2180614756,-37.8139729,144.9715369
5002594926,-37.8123325,144.9519667
5002594927,-37.8123815,144.951989
5002594975,-37.8123903,144.951993
5002595014,-37.8125142,144.9525304
294619847,-37.8194584,144.9616502
5002595018,-37.8123285,144.9522112
5002595022,-37.8126496,144.9527667
5002595025,-37.8125484,144.9531176
5002595026,-37.8123731,144.9532015
5002595031,-37.8125584,144.9525509
5002595032,-37.8122687,144.9531533
5002595043,-37.8120394,144.9530474
5002595044,-37.8120045,144.9530313
373656306,-37.8098596,144.9289357
5002595073,-37.8123217,144.9531778
5002595074,-37.8125065,144.9532631
5002595076,-37.8123295,144.9532761
5002595077,-37.8123057,144.9533594
5002595079,-37.8122377,144.9535131
5002595085,-37.8123436,144.9535614
294619936,-37.8194441,144.9620309
5002595104,-37.8121918,144.9531932
5002595109,-37.8120908,144.9533372
5002595110,-37.8121147,144.9533483
5002595116,-37.8120046,144.9533889
5002595123,-37.8119927,144.9533834
5002595124,-37.812211,144.9531266
5002595128,-37.8119843,144.9533495
5002595130,-37.81192,144.9535766
5002595131,-37.8119624,144.9534267
5002595133,-37.8120838,144.9530679
5002595134,-37.8120614,144.9531453
5002595138,-37.8119781,144.953434
5002595148,-37.8115747,144.9529382
2992212844,-37.8224422,144.9718403
2992212845,-37.8230011,144.9708771
576818194,-37.8238387,144.9835918
767659039,-37.8076204,144.9732327
767659043,-37.8076129,144.9731621
767659045,-37.8076044,144.9730879
588876889,-37.81078,144.9711956
588876900,-37.8108724,144.9708767
5668009826,-37.8106779,145.0119578
294620418,-37.8189898,144.963902
294620422,-37.8193695,144.9624514
664374694,-37.8207651,144.966875
2325319092,-37.8111067,144.9893634
2325319093,-37.8111649,144.9899736
2325319131,-37.8180999,144.9694137
294620718,-37.8191118,144.96349
294620720,-37.819322,144.9627003
664375058,-37.8212021,144.9665444
294621125,-37.8181434,144.9669135
168398786,-37.8115862,144.9607597
577474522,-37.8201259,144.9803681
294621152,-37.8181136,144.9668992
305106965,-37.8088649,144.9451412
1479905301,-37.8206978,144.9567946
1479905326,-37.8205412,144.9574818
1479905329,-37.8211302,144.9577365
2165149751,-37.8181438,144.9648496
1479905341,-37.8204349,144.957499
1479905345,-37.8207499,144.9574438
1479905357,-37.8207232,144.9574815
1479905361,-37.8208049,144.9561953
1479905364,-37.8203966,144.9576584
1479905395,-37.8208463,144.9572681
2695729275,-37.8065711,144.998273
1479905406,-37.8206648,144.9566673
589402268,-37.8110696,144.9701954
589402277,-37.8116975,144.9704856
589402289,-37.8130266,144.9710999
589402311,-37.810034,144.9697155
1681675815,-37.8098392,144.9764746
777752999,-37.805842,144.955763
777753001,-37.8058725,144.9557611
777753004,-37.8059129,144.9557568
777753006,-37.8059794,144.9557488
777753008,-37.8059881,144.9558441
777753011,-37.8060023,144.9559808
777753012,-37.8060123,144.9560517
777753013,-37.805968,144.9561603
373002835,-37.8106267,144.9862685
174822006,-37.8149493,144.9645132
248746627,-37.8113945,144.9958138
248746628,-37.8116177,144.9974223
248746629,-37.8118847,144.9996558
248746632,-37.811841,145.0027823
846566062,-37.8237138,144.9678611
248746674,-37.8153177,144.9904521
248746675,-37.8164225,144.9914981
248746677,-37.8153385,144.9951358
248746680,-37.8163858,144.9911876
248746681,-37.8177501,144.9918018
248746682,-37.8164807,144.9920155
248746684,-37.8167248,144.99431
248746686,-37.8161578,144.9949905
248746690,-37.8128713,144.9908765
2189398724,-37.8094696,144.9755764
248746691,-37.8134021,144.9954422
248746689,-37.8126546,144.9955805
2189398730,-37.8107426,144.9753661
248746698,-37.8110439,144.9922056
248746699,-37.8117158,144.9920942
2189398733,-37.8094872,144.9757411
248746701,-37.8118516,144.9935419
2189398745,-37.8095988,144.9755558
589664986,-37.8214003,144.9543615
2189398750,-37.8096182,144.9757119
248746724,-37.8111785,144.9936407
248746726,-37.8141624,144.9940968
248746735,-37.8155739,144.9971507
248746739,-37.8132505,145.0001517
248746737,-37.8156647,144.9979117
248746741,-37.8151829,144.9980124
248746740,-37.8154001,144.9997466
373003028,-37.8095508,144.9864633
373003030,-37.8091161,144.9865469
2016383845,-37.8099791,144.9904089
248746910,-37.8216271,144.9893759
248746912,-37.8218104,144.9925744
248746913,-37.8226329,144.9972977
248746914,-37.8219714,144.99404
248746921,-37.8221811,144.9956808
248746922,-37.8222475,144.9962533
248746923,-37.8223138,144.9967983
248746931,-37.8235824,144.9959857
248746930,-37.8236517,144.996533
248746932,-37.8235142,144.9954167
248746934,-37.8233786,144.994316
2005992020,-37.8024037,144.9950094
248746937,-37.825097,144.9928374
248746939,-37.8232386,144.9926553
248746942,-37.8227937,144.9891965
248746943,-37.8229398,144.9904291
248746945,-37.823082,144.9915947
248746948,-37.8225448,144.991686
248746946,-37.8219025,144.9917951
248746950,-37.8205367,144.9919893
846566359,-37.823332,144.969914
248746968,-37.8179312,144.9934494
248746967,-37.8195513,144.9931641
248746966,-37.8196696,144.99427
846566368,-37.8233693,144.9700652
248746980,-37.821635,144.9986317
248747000,-37.8206832,144.993264
248746999,-37.8218665,144.9930653
4824077320,-37.8208959,144.9620589
282825740,-37.8023329,144.9528168
282825748,-37.8015578,144.9529535
583242777,-37.815142,144.9749158
583242779,-37.8143121,144.97602
282825760,-37.8012437,144.9525282
282825777,-37.8031607,144.9500698
2074055733,-37.8246871,145.0058273
282825799,-37.8014154,144.948467
282825803,-37.8010832,144.9510003
282825808,-37.8010208,144.9504061
282825809,-37.8022545,144.9493479
282825811,-37.8024601,144.9490368
282825815,-37.8011765,144.9518883
282825830,-37.8033053,144.9510182
282825831,-37.8033206,144.9511536
282825839,-37.8032848,144.9512167
282825841,-37.8031584,144.9509772
282825859,-37.8011258,144.9514057
282825860,-37.8011401,144.951542
282825863,-37.8044626,144.9509559
282825864,-37.8044416,144.9508031
282825865,-37.8047938,144.9508954
589403294,-37.8091115,144.9692942
294622367,-37.8186879,144.9670361
294622368,-37.8186583,144.9670254
294622369,-37.8186183,144.9670084
294622370,-37.8185757,144.9669905
294622372,-37.8184784,144.9670753
294622373,-37.8184471,144.9670601
294622374,-37.8183099,144.9669939
294622375,-37.8182545,144.9669671
282825893,-37.8036161,144.9541139
282825905,-37.803578,144.9539284
583243026,-37.8127348,144.9771849
903976210,-37.8120608,145.0145128
2613024047,-37.8146901,144.9466273
2237633848,-37.8089867,144.985233
2237633849,-37.8089457,144.9848101
746427704,-37.8167707,144.9947952
746427709,-37.8167289,144.9948716
3067843936,-37.8008447,145.0031671
6060217812,-37.8169255,144.9654367
579966426,-37.8107929,144.9447828
3313210924,-37.8183928,144.9670339
3313210926,-37.8184107,144.9670425
3313210932,-37.8185905,144.9669967
3313210934,-37.8183603,144.9670182
3313210937,-37.8180877,144.9668866
3313210940,-37.8181739,144.9669282
3313210944,-37.8183531,144.9670147
3313210948,-37.8184226,144.9670483
3313210950,-37.8182278,144.9669542
3313210947,-37.8185063,144.9670887
1879021160,-37.8154058,144.9775738
1879021162,-37.8104348,144.9810625
1879021163,-37.8158837,144.9823994
1879021164,-37.8157329,144.9822677
1879021169,-37.8106434,144.9791414
1879021170,-37.8138149,144.982929
1879021176,-37.8156716,144.9800309
846567039,-37.8232265,144.9700411
1879021180,-37.81095,144.9784952
767661756,-37.8076995,144.973072
767661779,-37.8081652,144.9729806
767661788,-37.8081962,144.9733058
3345061643,-37.8251703,144.9574889
224761617,-37.8072243,144.9924968
224761635,-37.8050479,144.9928642
1881118510,-37.8002597,144.962533
224761654,-37.8051531,144.9940216
224761673,-37.8073255,144.9936694
2173278061,-37.8171564,144.9526512
224761795,-37.8051086,144.9935066
477075430,-37.8026682,144.9652654
477075431,-37.8028102,144.9664348
846567423,-37.8202322,144.9687329
846567432,-37.8213127,144.9692297
846567433,-37.8214134,144.9692753
846567434,-37.8220787,144.9695825
846567435,-37.8225384,144.9697943
207078711,-37.8221392,145.0155504
340367480,-37.8178794,144.9929848
746428618,-37.8096605,144.9923455
846567653,-37.823277,144.9700222
846567654,-37.8232838,144.9700191
846567658,-37.8233768,144.969933
441030950,-37.8114807,144.9378319
340367659,-37.8194477,144.9918714
340367695,-37.8197918,144.991792
440506785,-37.8025892,144.9815807
440506788,-37.8026269,144.9819502
356096427,-37.8190021,144.9919706
575379884,-37.8197798,144.98252
2400295351,-37.8203215,144.9640179
575379893,-37.8199937,144.9824617
575379896,-37.8200722,144.982469
664377909,-37.8208616,144.9669175
114268737,-37.8035716,145.0113
2189269627,-37.8209345,144.9613277
2189269630,-37.8200091,144.9614545
2189269631,-37.8199567,144.9614133
2189269632,-37.820933,144.9614707
2189269634,-37.8200187,144.9612976
2189269638,-37.8209341,144.9613851
2189269639,-37.82001,144.9613692
506043053,-37.8193597,144.952975
127638234,-37.8084972,144.945531
127638260,-37.8090911,144.9462079
294624011,-37.8194833,144.9628206
127638288,-37.8095852,144.9467296
224762698,-37.8076028,144.9963551
4162427914,-37.8197719,144.9683168
4162427915,-37.8196909,144.968279
269327461,-37.8164564,144.9790645
664378473,-37.8200177,144.9670299
3810637369,-37.8211473,144.9432881
5636123528,-37.8167237,145.007387
174824778,-37.8153616,144.9646298
575380813,-37.8202141,144.9825186
294624680,-37.8194034,144.9631209
294624741,-37.8195254,144.9624772
575380979,-37.8202827,144.9825612
664378900,-37.8205082,144.9660596
664378901,-37.8205241,144.9660663
664378902,-37.8201236,144.9659657
664378903,-37.8204838,144.9661266
664378904,-37.8204902,144.9661112
664378905,-37.8205146,144.9661206
664378906,-37.8205299,144.9661119
664378907,-37.8205336,144.9660951
3327893029,-37.8065465,144.9595075
3327893030,-37.8071613,144.9594343
3327893032,-37.8065854,144.9593651
664378915,-37.8200677,144.9660228
664378922,-37.8199907,144.9659912
269327967,-37.8167832,144.9820794
591261641,-37.8207919,144.9616702
591261644,-37.8208173,144.9616649
591261651,-37.8208702,144.9616045
224763560,-37.8074612,144.9949676
591261654,-37.8208597,144.9615817
2181275329,-37.809828,144.9628071
2181275335,-37.8087825,144.966348
2181275339,-37.8109859,144.9587939
2181275340,-37.8088231,144.9662083
2181275344,-37.8081053,144.9686808
664379117,-37.8206459,144.9654273
575381329,-37.8204016,144.9826808
356097878,-37.8204451,144.9911925
579968879,-37.8118576,144.9458988
579968880,-37.8116284,144.9456094
6207152062,-37.8078487,144.9743784
3807748049,-37.8069141,144.998466
1463656453,-37.818551,144.9991923
1463656466,-37.8185594,144.9991529
1463656474,-37.8158673,144.9996422
1463656479,-37.8185602,144.9991906
6167289303,-37.8083276,144.9677601
1463656488,-37.8158734,144.9996785
3830161454,-37.8053404,144.9960208
6167289313,-37.8082894,144.968739
6167289315,-37.8088683,144.966779
607756402,-37.8173128,144.9641189
575381641,-37.820479,144.9827895
575381644,-37.8204398,144.9827372
471441550,-37.8042068,144.9679829
3830161559,-37.8070606,144.9950331
579969179,-37.8111269,144.9451274
664379579,-37.8204907,144.9659248
664379580,-37.8204679,144.9660046
664379581,-37.8204791,144.9660281
294625488,-37.8191593,144.9643655
294625491,-37.8192002,144.9639449
579969242,-37.8108454,144.9447809
846569746,-37.8214674,144.9689917
294625652,-37.8196493,144.9616537
592814484,-37.8160742,144.968348
1982439976,-37.8142655,145.0060671
607756857,-37.8179323,144.9619829
607756858,-37.8178879,144.9621366
1982439994,-37.8142944,145.0062345
1982440009,-37.8142199,145.0061672
664380023,-37.8207253,144.9658515
664380046,-37.8212237,144.9664677
664380075,-37.8214424,144.9665591
664380096,-37.8211609,144.9672094
664380095,-37.8210302,144.9671486
664380189,-37.8203466,144.9690838
664380203,-37.8196174,144.9687616
356098857,-37.8214797,144.9931302
356098879,-37.8215904,144.9940303
767665001,-37.8079659,144.9733709
4245791605,-37.8012266,144.9624156
767665017,-37.8077306,144.9734019
767665024,-37.8076336,144.9733475
576824195,-37.818685,144.9801048
5579711429,-37.7966796,144.9353698
356099017,-37.8208973,144.995053
356099095,-37.8208489,144.9946581
2967053348,-37.8072916,144.9972679
2967053349,-37.807309,144.9988107
2967053354,-37.80737,144.9980726
2967053356,-37.807418,144.9989152
168404058,-37.8118901,144.9613941
576824412,-37.8198472,144.9809584
576824420,-37.819788,144.9809864
356099212,-37.8198767,144.9917718
1668523155,-37.8134241,144.9444378
30385338,-37.816278,144.9902938
356099268,-37.8201509,144.9917123
2189161533,-37.8176304,144.9591568
2189161535,-37.8176031,144.9591442
1668523241,-37.820351,144.9640389
1668523257,-37.8207411,144.9622671
3806438657,-37.8197216,144.9514715
1668523264,-37.8208834,144.9624074
1668523263,-37.820871,144.9615315
4110787845,-37.8100798,144.9960381
4110787847,-37.8101503,144.9965522
1668523273,-37.8209026,144.9623358
4110787846,-37.810097,144.9960508
1668523275,-37.8209066,144.9620724
1668523281,-37.8212159,144.9615429
30385491,-37.8155996,144.9973708
30385496,-37.8164671,144.9972205
30385490,-37.8157135,144.9983034
30385495,-37.8172457,144.9970901
579970448,-37.811595,144.9456969
579970462,-37.8111305,144.945186
2505811398,-37.8045351,144.9633718
2505811399,-37.8046273,144.9633557
846570962,-37.8185289,144.9701108
2222040557,-37.8210557,144.943505
2222040558,-37.8210664,144.9440588
2222040561,-37.820935,144.9433761
384017929,-37.8046197,144.9884451
384017930,-37.8021102,144.9888496
356099604,-37.8228411,144.9896646
1367582250,-37.8011342,144.9742413
356099657,-37.8216927,144.9898741
30385747,-37.8202619,144.9895993
2850399839,-37.814727,144.9539234
5727168130,-37.8253037,144.9806862
5727168140,-37.823832,144.981317
5727168141,-37.8238515,144.9815633
1463547037,-37.8185812,145.0049127
356099773,-37.8203369,144.9902518
846571209,-37.8180514,144.9694604
1463547043,-37.8198403,145.0041663
6207022858,-37.8097472,144.9710871
6207022860,-37.8099277,144.9704756
224765801,-37.8104033,144.9990862
2069604226,-37.8010327,144.9791761
477079436,-37.8078471,144.9744618
477079437,-37.8078577,144.9745664
2069604240,-37.8016961,144.9798825
1463547080,-37.8186293,145.0039008
3109398488,-37.8045099,144.9746016
846571483,-37.818595,144.969551
1668524077,-37.8276586,144.9858855
1668524146,-37.8283624,144.9871359
5635942525,-37.8018147,144.9572168
1668524207,-37.8291827,144.9878646
589408684,-37.8072363,144.9591141
579971518,-37.8126732,144.9470689
294627810,-37.8176644,144.9705281
492939878,-37.7995701,145.0108497
492939880,-37.7993751,145.0108819
5001030250,-37.8119644,144.9515531
492939899,-37.8024937,145.0144011
5001030280,-37.8115349,144.9520968
5001030281,-37.8116667,144.9521569
5001030325,-37.8116084,144.9523613
5001030326,-37.8115569,144.9525449
5001030327,-37.8115423,144.9525382
5001030328,-37.8115028,144.9526772
5001030329,-37.8115161,144.9526832
5001030330,-37.8114653,144.9528619
5001030332,-37.8114136,144.9528593
5001030338,-37.8114189,144.9528408
2189273813,-37.8193103,144.9610766
2189273817,-37.819329,144.9611237
2189273819,-37.8193386,144.9610895
4950043382,-37.812793,144.9431557
4950043383,-37.8127901,144.9430852
60096663,-37.8167591,144.9822729
777759525,-37.8060188,144.9570796
777759530,-37.8060706,144.9570722
2021108591,-37.8095146,144.9579733
294628306,-37.8178914,144.9698414
777759743,-37.8060843,144.9572116
443264065,-37.8226443,145.0030338
443264070,-37.8225971,145.0031343
575384675,-37.8193708,144.9818883
575384678,-37.8193899,144.9818883
575384688,-37.8194259,144.9819366
294628572,-37.8174032,144.9703908
312718912,-37.8019642,144.9621276
575384833,-37.8194535,144.9819245
312718915,-37.801199,144.9622622
575384836,-37.8194662,144.9819554
575384839,-37.8192935,144.9820908
3882855727,-37.8195079,144.9530685
294628654,-37.8174395,144.9704191
580890024,-37.8136136,144.9741739
580890038,-37.8094773,144.9744296
580890042,-37.809398,144.9736774
844475923,-37.8225161,144.9477043
294628918,-37.8172128,144.9702005
6167440950,-37.8162415,144.9639456
6167440953,-37.8161476,144.9639035
6167440955,-37.8162548,144.9639516
6167440957,-37.8164402,144.9633924
6167440958,-37.8165106,144.9634215
6167440960,-37.8159722,144.9636147
6167440965,-37.8153148,144.9634949
6167440966,-37.8152578,144.9634694
6167440967,-37.8152077,144.9634432
6167440968,-37.815294,144.963572
6167440969,-37.8152788,144.9636282
6167440972,-37.8152411,144.9637677
6167440973,-37.8151872,144.9635228
6167440974,-37.8151727,144.9635792
6167440975,-37.8151638,144.9636136
6167440976,-37.8151504,144.963666
6167440977,-37.8151371,144.9637175
6167440978,-37.8151864,144.9637397
6167440982,-37.8143923,144.9630777
6167440985,-37.8143114,144.9630425
6167440986,-37.8142098,144.9629982
6167440987,-37.8133626,144.962603
6167440989,-37.8132791,144.9625643
6167440991,-37.8124336,144.9621758
6167440994,-37.8122083,144.962076
6167440995,-37.811388,144.9616951
6167440996,-37.8113246,144.9616622
6167440997,-37.8112863,144.961647
6167440998,-37.8104752,144.9612727
6167440999,-37.8103906,144.9612267
6167441000,-37.8102544,144.9611654
6167441001,-37.8093687,144.9607656
6167441002,-37.8092767,144.9607237
6167441003,-37.8092064,144.9606935
6167441005,-37.8082532,144.9602574
6167441007,-37.8071496,144.9597549
6167441009,-37.807154,144.9600704
767667826,-37.8073957,144.9709222
6167441011,-37.8070319,144.9597603
767667831,-37.80742,144.9711465
6167441017,-37.8072334,144.9597926
6167441014,-37.8070657,144.9600359
6167441019,-37.8080569,144.9604838
6167441020,-37.8081736,144.9605362
6167441021,-37.809128,144.9609769
6167441016,-37.8072167,144.9598518
6167441025,-37.8091726,144.9608157
6167441026,-37.8091882,144.9607595
6167441027,-37.8091936,144.9610091
6167441028,-37.809293,144.9610516
6167441029,-37.809311,144.9609766
6167441031,-37.8093346,144.9608903
6167441032,-37.80935,144.9608341
6167441033,-37.8097097,144.9612294
6167441034,-37.810176,144.9614425
6167441036,-37.8102148,144.9614603
6167441037,-37.8102441,144.9614737
6167441038,-37.8102664,144.9614839
6167441039,-37.81031,144.9615039
6167441040,-37.8103982,144.9615443
6167441042,-37.8112139,144.9619154
6167441043,-37.8112471,144.9619299
6167441046,-37.8112522,144.9617736
6167441047,-37.8112673,144.9617174
6167441048,-37.8113083,144.9619566
6167441051,-37.8113503,144.9618189
6167441052,-37.8113673,144.9617633
6167441053,-37.8121351,144.9623412
6167441054,-37.8121882,144.9623663
6167441055,-37.8123565,144.9624458
6167441056,-37.8131771,144.9628275
6167441058,-37.8132329,144.9626233
6167441059,-37.813342,144.9626728
6167441061,-37.8132849,144.9628752
6167441062,-37.8132,144.9628376
6167441063,-37.8141653,144.9632906
6167441064,-37.8141782,144.9632964
6167441065,-37.8141916,144.9633024
6167441066,-37.8143062,144.9633537
6167441067,-37.8147188,144.9635344
6167441068,-37.816078,144.9641487
6167441069,-37.8156548,144.963956
6167441070,-37.8161117,144.9641637
6167441071,-37.8161425,144.9641774
6167441072,-37.8161707,144.9641899
6167441073,-37.8162009,144.9642033
6167441075,-37.8159152,144.964706
6167441077,-37.8159759,144.9652641
6167441078,-37.8157799,144.9651688
6167441081,-37.8158735,144.9652143
6167441087,-37.8157652,144.9652191
241807173,-37.8088356,144.983731
241807175,-37.809247,144.9836651
241807177,-37.8103283,144.9834863
241807179,-37.8115493,144.9832912
241807183,-37.812708,144.9831015
241807184,-37.8137749,144.9829354
241807187,-37.8149715,144.9827441
241807189,-37.8157776,144.9902006
241807190,-37.8166221,144.9879502
241807192,-37.8098341,144.9890733
241807193,-37.8109075,144.9888918
241807196,-37.8133109,144.9885036
241807198,-37.8143442,144.9882747
281390967,-37.811916,145.0133659
3198005217,-37.8172568,144.9529388
477081585,-37.8030328,144.9657936
579973133,-37.8117943,144.9460717
1495248920,-37.8194063,144.9638025
241807392,-37.8142131,144.9854751
241807394,-37.8117618,144.9859257
241807395,-37.8106095,144.9861142
241807397,-37.8095304,144.9862756
241807391,-37.8151991,144.985293
241807452,-37.8111128,144.9910169
767668329,-37.8071864,144.9689935
3148722376,-37.8211152,144.9577686
3148722377,-37.8210995,144.9578039
3148722378,-37.8210487,144.9579365
3148722379,-37.8210371,144.9579662
289648906,-37.81101,144.9478528
291483918,-37.8147184,144.950696
291483922,-37.817242,144.9523885
2567155992,-37.803444,145.0109935
1458418005,-37.8196932,145.0106718
1458418018,-37.8198341,145.0108556
1458418020,-37.8193118,145.0065121
1458418025,-37.8196257,145.0100232
1458418039,-37.8197173,145.0108716
1458418053,-37.8193861,145.0073063
1458418054,-37.8194585,145.0072939
1458418056,-37.8193779,145.0065013
1458418065,-37.8196578,145.0098988
1458418088,-37.8196704,145.0100186
1458418091,-37.8195812,145.0083212
1458418093,-37.8196142,145.0099096
778809786,-37.7996411,144.9567437
2142220736,-37.8104585,144.9440867
778809794,-37.7997014,144.9577434
145207765,-37.8171934,144.9567295
145207767,-37.8168308,144.9565622
575386073,-37.8203836,144.9842339
575386087,-37.8206468,144.9835352
575386089,-37.8206485,144.9834373
575386093,-37.8206305,144.9832375
575386097,-37.8205902,144.9830457
575386095,-37.8206125,144.9831355
575386108,-37.8205224,144.9828687
575386147,-37.8203232,144.9842929
6280295068,-37.8231907,144.988835
176665285,-37.8126541,144.964723
592818918,-37.8162374,144.9677926
506049281,-37.8136707,144.9367091
506049282,-37.8131932,144.9364189
575386408,-37.8200022,144.9844458
575386414,-37.8201368,144.9844136
575386501,-37.8199355,144.9844445
746435485,-37.8149539,144.9917731
312718297,-37.8044544,144.9596573
312718298,-37.8033314,144.9591308
312718307,-37.8028781,144.9606271
312718309,-37.8025225,144.9606935
3199579113,-37.815188,144.9450088
312718318,-37.803356,144.9618828
6209516580,-37.8028836,144.966495
6209516581,-37.8027286,144.9665224
3276387456,-37.8180912,144.9468787
2501489820,-37.8116818,144.9831732
410105024,-37.8153719,145.0090574
488879346,-37.8109827,144.9542416
2189145377,-37.8171932,144.9588418
2189145378,-37.8166544,144.9585949
2189145380,-37.8156236,144.9581195
2189145384,-37.8127376,144.9567887
2189145385,-37.8118053,144.9563588
2189145387,-37.813725,144.9574279
2189145388,-37.8117008,144.9563112
2189145389,-37.8136757,144.9572213
2189145390,-37.8175535,144.9591934
2189145392,-37.8137717,144.9572655
2189145394,-37.8176866,144.9590709
2189145398,-37.8162933,144.9584283
2189145399,-37.8157263,144.9581669
2189145401,-37.814691,144.9576895
2189145402,-37.8126906,144.9569509
2189145403,-37.8176006,144.9590312
2189145404,-37.8156793,144.9583291
2189145406,-37.8186777,144.959515
2189145408,-37.8117582,144.956521
2189145409,-37.8106426,144.9560066
2457712016,-37.8024067,144.9746222
2457712022,-37.8036213,144.9786599
2457712028,-37.8038657,144.9786233
2457712046,-37.8044394,144.9785221
575387075,-37.8198719,144.9844337
3810637310,-37.8215407,144.9449527
3810637313,-37.821416,144.9444561
3810637328,-37.8209994,144.9431659
845657619,-37.8179257,144.9676815
845657621,-37.8179339,144.9676506
3810637333,-37.8206841,144.9413672
168408619,-37.8119553,144.96046
3810637356,-37.8214474,144.9444435
312718901,-37.8040741,144.9617565
4633638468,-37.8064602,144.9439695
4633638472,-37.8063921,144.9444966
4633638475,-37.8065476,144.9443851
4633638477,-37.8064272,144.9445756
312718923,-37.8009047,144.962314
4633638485,-37.8065136,144.9440952
778942036,-37.8168985,145.0141518
161461931,-37.814955,144.956776
506050308,-37.8141002,144.9443534
2699015970,-37.8016387,144.9846025
3882858365,-37.8168465,144.9700114
2501490564,-37.8116706,144.9830306
2501490566,-37.8114345,144.9830778
2501490568,-37.8114479,144.9832156
2249570202,-37.8214367,144.9986862
778942366,-37.8141608,145.014446
589805478,-37.8222937,144.9476247
778942399,-37.8145441,145.0141839
575518666,-37.8213236,144.9833803
767670317,-37.8052437,144.9690899
312719417,-37.8003085,144.9629788
778942527,-37.8157743,145.0135759
312719425,-37.8006674,144.9629158
312719433,-37.8003698,144.9635368
312719434,-37.8009621,144.9628676
312719435,-37.8001762,144.9617518
312719437,-37.8001482,144.9614906
312719440,-37.8006469,144.9616666
312719443,-37.8007198,144.9623465
575387776,-37.8196346,144.9849957
575387772,-37.8196442,144.9849259
575387785,-37.819873,144.9850654
38779052,-37.7998315,144.9929005
845658418,-37.8186191,144.9679552
6154467901,-37.8069736,144.9644056
269335114,-37.8097832,144.9784224
269335115,-37.8099203,144.9784012
575388261,-37.8198783,144.9849796
575388286,-37.8199366,144.9849822
575388293,-37.8199694,144.985119
576830130,-37.8207002,144.9849092
475511480,-37.8012256,144.9531925
576830150,-37.8206353,144.984965
269335260,-37.8083056,144.9786866
269335261,-37.808699,144.9786163
767671059,-37.8051845,144.9685429
269335418,-37.8121328,144.978011
269335440,-37.8126411,144.9779078
269335441,-37.8118875,144.977897
269335443,-37.8119028,144.9780502
269335444,-37.8111025,144.9781866
635681778,-37.8130783,144.955614
576830453,-37.8193905,144.9851691
145210375,-37.81698,144.9574679
443530294,-37.8145518,145.0046441
443530297,-37.814892,145.0076791
443530298,-37.8141328,145.0047099
778812520,-37.7998114,144.9583424
778812532,-37.7997138,144.9578712
616938661,-37.8187648,144.9615339
616938662,-37.8186204,144.961466
616938663,-37.8186716,144.9612817
3481124174,-37.8118259,144.962038
3327901008,-37.8011004,144.9624386
2768616811,-37.81792,144.9671097
575520122,-37.821333,144.9834794
176668174,-37.8126384,144.9647772
767671823,-37.8049021,144.9691468
1728560657,-37.822349,144.9394121
576831013,-37.817416,144.9877522
2455223905,-37.8113458,144.9669715
410107566,-37.819939,145.0082593
4135567060,-37.8149888,144.9530379
616939286,-37.8187239,144.9613046
576831352,-37.8191884,144.9874733
4785946711,-37.8179083,144.9317522
472236193,-37.8010949,144.9669399
472236196,-37.8003751,144.9699201
472236199,-37.8000976,144.9699674
2236727765,-37.8108044,145.003225
2236727766,-37.8108897,145.0041087
2236727768,-37.8101225,144.996586
2236727775,-37.8107177,145.0023388
2236727788,-37.8111801,145.0070987
571458041,-37.8150399,144.9459788
2236727821,-37.8098294,144.9938236
1458422285,-37.816669,145.008826
2236727826,-37.8108106,145.0029727
2236727832,-37.8109257,145.004158
827048477,-37.8192663,144.9501875
579322398,-37.8153517,144.9911839
2236727840,-37.8111497,145.0064638
1458422309,-37.8167464,145.0092391
2236727849,-37.8099114,144.994597
1458422326,-37.8163257,145.0088873
1458422327,-37.8168137,145.0088002
1458422329,-37.8169167,145.0087973
1458422330,-37.8169127,145.0087607
577356504,-37.8239933,144.990658
778814205,-37.7995307,144.9556883
577356695,-37.8237969,144.9902366
2481930754,-37.8115151,145.0059353
2481930755,-37.8115594,145.0063953
2481930757,-37.8140401,145.0086487
2481930758,-37.8139635,145.0078447
2481930759,-37.8141184,145.009281
4061250646,-37.8009521,144.9700611
575390860,-37.8201845,144.9850372
371967118,-37.8070217,144.9692309
575390870,-37.8204408,144.9848173
575390873,-37.8204874,144.9848884
1132053678,-37.8189575,144.9466373
1132053694,-37.8173765,144.945972
2189149376,-37.8106893,144.9558442
1132053699,-37.8179104,144.9462064
1132053705,-37.8190514,144.9466788
3970811101,-37.8126709,144.9426601
207078696,-37.8237726,145.0157724
4264281396,-37.817809,144.9518045
4264281397,-37.8180578,144.9520378
4264281398,-37.8181822,144.9521435
4264281400,-37.8185624,144.952398
4264281401,-37.818654,144.952458
4264281402,-37.8188828,144.9525659
4264281404,-37.8193803,144.9527942
4264281406,-37.8198625,144.9530283
207078719,-37.8211747,145.0154495
207078731,-37.8203974,145.0151888
266739118,-37.8191262,144.9777675
233555306,-37.8075895,144.980448
5290706350,-37.8083453,144.9766102
5290706353,-37.8082071,144.9761573
233555377,-37.80771,144.9815607
5290706354,-37.8081541,144.9761699
5290706361,-37.8081894,144.9766348
5290706364,-37.8082574,144.9766257
5290706362,-37.8082928,144.9766195
418104790,-37.8184492,144.9904138
418104791,-37.8193063,144.9897682
844482038,-37.8205457,144.9485554
41666069,-37.8052692,144.9338246
176670229,-37.8127511,144.9643878
4698523257,-37.8009662,145.0021528
4698523258,-37.8007346,145.0020597
844482225,-37.8210155,144.9490014
3098154906,-37.8224731,144.937681
3098154909,-37.8226422,144.9384136
277368251,-37.806425,145.0080358
571459351,-37.810778,144.9391446
371967853,-37.8070036,144.9695876
371967864,-37.8070268,144.9709796
371967865,-37.8070505,144.9712139
561538883,-37.8004061,145.0055594
1982318493,-37.80095,144.9927165
1982318497,-37.8015432,144.9923258
588236764,-37.8114812,144.9732528
588236765,-37.8114397,144.9732334
588236766,-37.8114012,144.9732163
588236775,-37.8113535,144.9731957
588236793,-37.8113124,144.973178
588236800,-37.8112718,144.9731604
588236801,-37.811226,144.9731407
588236802,-37.8111847,144.9731228
588236803,-37.8111424,144.9731046
844482569,-37.8207247,144.9486755
844482571,-37.8206787,144.9486413
307349581,-37.8114359,144.980743
577456439,-37.82313,144.9884985
307349677,-37.8101846,144.9809416
307349700,-37.8168514,144.9900071
290048306,-37.8098167,144.9360653
356632899,-37.8012603,144.9747488
844482981,-37.8206946,144.9487901
844483079,-37.8205129,144.9486694
3199584806,-37.8072851,144.9683263
3199584808,-37.8080323,144.9686639
576834101,-37.8170755,144.9832608
161467106,-37.8124016,144.9579478
127650543,-37.8058794,144.9483578
161467170,-37.8128341,144.9581542
3313210941,-37.8184925,144.9670821
758631420,-37.8197678,144.9426642
758631468,-37.8195048,144.9424987
775933064,-37.8048861,144.9586631
2249575579,-37.8256626,144.9979432
2249575583,-37.8256584,144.9979053
576834725,-37.8190015,144.985083
1224854732,-37.8139185,144.9396369
1224854745,-37.8137147,144.9402116
2133183709,-37.8146997,144.9507609
1224854753,-37.8136045,144.9405053
1224854759,-37.8144709,144.9381655
1224854774,-37.8141705,144.9389406
1224854814,-37.8138259,144.9399206
6221450530,-37.8088514,144.9832627
6221450533,-37.8088153,144.982787
6221450535,-37.808938,144.9838767
6221450549,-37.808762,144.9825991
775933250,-37.8059149,144.9591401
576834912,-37.8186703,144.9844226
844484174,-37.8206455,144.9487556
575524447,-37.8213116,144.9832925
575524450,-37.8212576,144.9832656
575524452,-37.8212513,144.9832469
575524455,-37.8213233,144.9832777
844484201,-37.8204843,144.9493105
575524457,-37.8212248,144.9830336
575524459,-37.8211104,144.9827909
575524462,-37.8210055,144.9825937
575524464,-37.8208667,144.9823617
575524466,-37.820747,144.9821901
575524475,-37.8204811,144.9818467
575524478,-37.8202067,144.9815597
575524480,-37.8200775,144.9814498
575524483,-37.8200044,144.9813425
575524485,-37.8199344,144.9812137
575524488,-37.8198592,144.9810072
575524495,-37.8198073,144.9810554
1728565028,-37.823325,144.9533352
1728565033,-37.8231635,144.950924
1728565034,-37.8231328,144.9517408
6221319977,-37.8090028,144.9838663
358731575,-37.8197194,144.9843761
358731576,-37.819802,144.9844123
305909580,-37.80034,145.0041048
305909585,-37.8005666,145.004459
2187972534,-37.809585,144.9638506
2187972536,-37.8095956,144.9638143
844484585,-37.8203995,144.9495988
305909758,-37.8008256,145.0046635
2324025352,-37.8171306,144.9528792
777768981,-37.8061546,144.9583045
780914756,-37.8010622,144.9567734
298045595,-37.8245833,144.9637696
298045598,-37.823214,144.9651841
298045607,-37.8241828,144.9632211
298045612,-37.8228607,144.9665714
298045614,-37.8227467,144.9667789
298045616,-37.822412,144.9676185
298045618,-37.823198,144.9662076
298045619,-37.8233855,144.966044
844484792,-37.8204286,144.9496122
767737602,-37.8038546,144.9564585
4353937735,-37.825016,145.0119305
780915027,-37.8009647,144.9566486
294637965,-37.811914,144.945762
579410795,-37.8221923,144.9680585
1996608006,-37.8002519,144.9634799
2302923319,-37.8148712,144.9647874
2302923326,-37.8158579,144.9823768
2302923329,-37.8159349,144.9824329
127652487,-37.8066249,144.9475429
4299936435,-37.8163067,145.0135038
1132057274,-37.816154,144.9454322
4299936438,-37.8167555,145.0093017
1132057288,-37.8161305,144.9455199
1132057293,-37.8161419,144.9454762
575529166,-37.8242454,144.9883964
575529171,-37.8239161,144.9877779
6167265870,-37.8154228,144.9666571
6167265871,-37.8153924,144.9666436
6167265872,-37.8153597,144.9666296
1224856493,-37.8134636,144.9411155
1224856497,-37.8134322,144.9409425
36819910,-37.8194047,144.9570285
266739853,-37.8246794,144.9923015
266739855,-37.824365,144.9918591
266739856,-37.8242349,144.991632
266739858,-37.8234855,144.9896653
2187973613,-37.8132558,144.9655185
443274277,-37.8186856,145.0053423
443274284,-37.8186997,145.0052457
443274289,-37.8186074,145.0053569
443274291,-37.8225986,145.002643
714724455,-37.8182528,144.9751372
714724461,-37.8181858,144.975564
714724460,-37.8181262,144.9755805
589419721,-37.8094764,144.9727494
589419728,-37.8094949,144.9726843
2705184149,-37.8199366,144.9687322
2705184150,-37.8200186,144.9687654
419632514,-37.8185787,144.99213
1985336815,-37.8050461,144.9672492
1668523256,-37.8207356,144.9618877
576837332,-37.8173524,144.9878848
597546784,-37.8150965,144.964039
597546804,-37.8156881,144.9653972
597546805,-37.8149659,144.964456
595842978,-37.813268,144.9702721
33675553,-37.8089626,144.9580005
2288769447,-37.8028541,145.0036311
176675254,-37.812878,144.9639494
2187975163,-37.8154634,144.9665175
2187975166,-37.8154829,144.9665614
2187975167,-37.8154918,144.9665306
371972631,-37.8056402,144.9731585
371972632,-37.8053361,144.9732443
597547574,-37.8150387,144.9642269
4936948366,-37.8079392,144.9839788
4936948367,-37.8088459,144.9838325
5856680721,-37.8180392,144.9669178
579984177,-37.8080941,144.9429491
579984186,-37.8078693,144.9427237
305912818,-37.8003331,145.0055928
371973410,-37.8062397,144.9702904
371973419,-37.8052643,144.9695957
332127537,-37.8022213,144.9899001
36822339,-37.8204771,144.9576975
683138398,-37.8024048,144.9789446
332127589,-37.8020013,144.98782
3774995963,-37.8076106,144.9803789
3774995964,-37.8075075,144.9804046
6167191149,-37.8138875,144.971597
6167191150,-37.8137335,144.9721162
6167191151,-37.813915,144.9715102
6167191152,-37.8139643,144.9713412
6167191153,-37.8143075,144.9701809
6167191154,-37.8144942,144.9695523
6167191155,-37.814639,144.9690426
6167191156,-37.8146902,144.9688726
6167191158,-37.8153922,144.9665197
6167191159,-37.8153974,144.9665041
6167191160,-37.8154023,144.9664893
6167191161,-37.8154081,144.966467
6167191162,-37.8156175,144.9657244
6167191163,-37.8156668,144.9655559
6167191164,-37.8160919,144.9640996
6167191165,-37.8161066,144.9640479
6167191166,-37.8161163,144.9640138
6167191167,-37.816132,144.9639582
6167191168,-37.8162869,144.9634104
6167191169,-37.8168021,144.9616241
6167191170,-37.816841,144.9614875
6167191172,-37.8170903,144.9606255
6167191173,-37.8173683,144.9596829
6167191174,-37.8175175,144.9591768
6167191176,-37.8175449,144.9590781
6167191177,-37.8175633,144.9590139
6167191178,-37.8179018,144.9578568
6167191179,-37.8182346,144.9566501
6167191180,-37.8182748,144.9565053
6167191181,-37.8188067,144.9546632
6167191182,-37.8189399,144.9542079
6167191183,-37.8189635,144.9541299
6167191184,-37.818975,144.9540912
3097222872,-37.8162029,145.0102235
1148837660,-37.8007265,144.9843237
305913661,-37.8004966,144.9998066
305913663,-37.8004129,144.9988579
305913666,-37.8006046,145.0008396
2237521747,-37.8105716,145.0008345
2237521754,-37.8106776,145.0006474
2237521759,-37.8105799,145.0007616
130015093,-37.8160369,144.9684751
130015095,-37.8161056,144.9682411
207085442,-37.8107142,145.0154597
207085460,-37.81074,145.0139863
278912937,-37.8100903,144.9785812
207085495,-37.8107694,145.0127613
278912960,-37.8106985,144.9831396
207085508,-37.8107635,145.0122618
278912971,-37.8137954,144.9827158
207085518,-37.8106812,145.0122031
233562064,-37.8033334,144.9760114
207085532,-37.810693,145.0110926
4927643637,-37.8054411,144.9333019
4927643639,-37.8054568,144.9333354
207085580,-37.8106352,145.0101566
207085598,-37.8105832,145.0094926
278913068,-37.813503,144.9802213
575397932,-37.8212852,144.9835097
575397935,-37.8212343,144.9837377
575397937,-37.8212555,144.9837404
575397939,-37.8212301,144.9838718
575397941,-37.8211898,144.9840542
207085622,-37.8100114,145.0089575
575397943,-37.8211496,144.9841856
207085638,-37.8094885,145.0089223
844488785,-37.8209034,144.9480676
871096402,-37.800839,144.9609485
871096413,-37.8002511,144.9597986
6167191685,-37.8189911,144.9540331
6167191686,-37.8190188,144.9539293
6167191687,-37.8191049,144.9539738
6167191688,-37.8191325,144.9539896
6167191689,-37.8191792,144.9540185
36823180,-37.8196979,144.9514965
6167191692,-37.8187444,144.9548791
6167191697,-37.818865,144.9548997
6167191709,-37.8187341,144.9553509
6167191705,-37.8186174,144.9553188
6167191713,-37.819226,144.9540462
6167191714,-37.8192035,144.9541322
6167191715,-37.8191898,144.9541886
6167191716,-37.8191868,144.9541987
6167191717,-37.8191782,144.9542293
6167191718,-37.8191349,144.9543556
6167191726,-37.8170102,144.9617208
6167191727,-37.8163096,144.964103
6167191729,-37.816284,144.964188
6167191721,-37.8177367,144.9591666
6167191731,-37.8156738,144.9663184
6167191732,-37.8156133,144.9665224
6167191735,-37.8155922,144.9665938
6167191738,-37.8153515,144.9673938
6167191739,-37.8148953,144.9689667
6167191740,-37.8148482,144.9691384
6167191743,-37.8141371,144.9716123
6167191744,-37.8136845,144.9731019
6167191745,-37.8134506,144.9739921
6167191746,-37.8134398,144.9740272
207085851,-37.8104621,145.0130671
207085868,-37.8104578,145.0115275
207085881,-37.810443,145.0108838
207085897,-37.8104197,145.0104734
207085910,-37.8103275,145.0098579
6167266585,-37.8114136,144.9648066
6167266586,-37.811351,144.9647781
6167266587,-37.8111137,144.9646669
255058357,-37.8129246,144.9714506
255058361,-37.8128792,144.9716044
255058363,-37.812221,144.9712955
145220050,-37.8170934,144.9570757
4693156399,-37.8108364,144.988188
6167266614,-37.8125548,144.9650658
6167266615,-37.8117065,144.9646647
6167266616,-37.8116388,144.9646331
777773640,-37.8055185,144.95227
777773642,-37.8055026,144.9521252
6167266618,-37.8114868,144.9645604
777773646,-37.8056823,144.95375
844489296,-37.8209525,144.9480914
6167266619,-37.810599,144.9641602
844489301,-37.8208419,144.9480733
6167266620,-37.8097564,144.9637961
844489307,-37.8207036,144.9480378
777773654,-37.8056673,144.9536238
36823654,-37.8245951,144.9483863
36823655,-37.8244182,144.948369
777773673,-37.805337,144.950642
777773681,-37.8052016,144.9493933
145220211,-37.8167697,144.9581959
36823672,-37.8201146,144.9522794
36823673,-37.8195834,144.9518962
6125904515,-37.8067851,144.9629507
6125904522,-37.8067765,144.9628773
6125904523,-37.8067729,144.9628411
6125904521,-37.8067683,144.962786
145220258,-37.8168468,144.9579291
6167266645,-37.8090657,144.9634506
5290713856,-37.8093501,144.98651
5290713857,-37.809317,144.9865157
255058767,-37.8125347,144.9727849
255058773,-37.8128208,144.9718045
2797986650,-37.8053548,144.9736275
844489583,-37.8211244,144.9475102
844489584,-37.821095,144.947614
844489585,-37.8210373,144.9476006
4309902215,-37.8024368,144.9800876
844489668,-37.8211745,144.9473256
844489669,-37.8211591,144.947382
844489849,-37.8205844,144.9484461
844489850,-37.8207925,144.9486185
1982456959,-37.8175294,144.9959598
4312130696,-37.8204228,144.9909987
1982456970,-37.8174369,144.9952241
255059109,-37.8126861,144.9722661
176678055,-37.813073,144.963276
579986615,-37.8106471,144.9449283
361227524,-37.802754,144.9745682
202761482,-37.8060912,144.9338228
361227565,-37.8019935,144.9746948
361227566,-37.8012673,144.9748159
777774421,-37.8062072,144.9538029
5457962366,-37.8224787,144.9399782
634774941,-37.8118628,144.9383351
634774943,-37.8117367,144.9383203
634774946,-37.8116138,144.9381312
634774998,-37.8118829,144.9369457
255059521,-37.812584,144.9726157
6143862337,-37.8028849,145.0029832
255059534,-37.812761,144.9720093
361227884,-37.802162,144.9762604
361227896,-37.8016502,144.974752
36824718,-37.8251943,144.9448099
36824724,-37.824725,144.9430046
4735836854,-37.8036664,144.9498622
844490410,-37.8222831,144.9498288
2241718058,-37.8117262,145.012671
774498096,-37.8088685,144.9580942
387704653,-37.8204423,144.9640738
30948020,-37.810795,145.0029751
30948022,-37.8147119,145.0022753
780920704,-37.7997877,144.9551709
844490705,-37.820764,144.9487046
844490706,-37.8207343,144.9488209
844490708,-37.8206998,144.9488941
92137440,-37.8225585,144.9501314
576841731,-37.8244598,144.9876932
493348868,-37.8239858,144.9836623
844490762,-37.8204933,144.9487358
844490766,-37.8206226,144.9488344
844490767,-37.8206703,144.9488722
493873180,-37.804956,144.9696091
493873181,-37.8054323,144.9696279
493873187,-37.8066912,144.9707949
493873191,-37.8058582,144.973045
594798649,-37.8120444,144.9668288
571467856,-37.8205351,145.0144159
576841938,-37.8242732,144.9867417
777906388,-37.8012931,144.956809
36825302,-37.8253564,144.9462415
777906391,-37.8012643,144.9567768
777906400,-37.8011152,144.9566097
1479928042,-37.8208117,144.9550899
36825329,-37.8253131,144.9458456
1479928057,-37.8203187,144.9576205
1479928062,-37.8202665,144.9573456
844491008,-37.8201663,144.9506055
1479928064,-37.820344,144.9574615
1479928084,-37.8203732,144.9574735
1327098184,-37.8141043,144.9641582
1327098203,-37.8135271,144.965125
1327098207,-37.8141101,144.9641391
1327098219,-37.8139564,144.9636633
571730335,-37.8249668,144.9577837
3774998963,-37.8078687,144.9803343
3085953482,-37.8235277,144.9879236
3085953484,-37.823493,144.987923
3085953488,-37.8232653,144.9880314
3085953489,-37.8231848,144.9880665
3085953493,-37.8177496,144.9746972
3085953498,-37.8233811,144.9879836
777775583,-37.805233,144.9506585
3085953512,-37.8234159,144.9879671
3085953521,-37.8233007,144.9880114
3085953523,-37.8236121,144.9878986
493873679,-37.80023,145.0137188
400812560,-37.8250674,144.9537148
400812567,-37.8236871,144.955992
443279896,-37.8150414,144.9917019
443279897,-37.8153528,144.9916292
443279898,-37.8154247,144.9915403
493873691,-37.8002282,145.0103085
493873689,-37.8000781,145.0104891
593488418,-37.80954,144.9626849
571730497,-37.822044,144.9507315
400812631,-37.8237612,144.9562133
571730521,-37.8217043,144.9512757
400812637,-37.8237188,144.9562834
571730561,-37.8220334,144.9507771
1715989148,-37.818645,144.9683478
589425312,-37.8094834,144.9727249
777775780,-37.8048995,144.9508758
1715989157,-37.8187336,144.967859
571730618,-37.8188302,144.9567625
1715989182,-37.8188847,144.967698
577458190,-37.8184788,144.9778126
6197209811,-37.8178023,144.9317543
6197209812,-37.8177981,144.9317683
6197209813,-37.8177908,144.9317756
6197209814,-37.8177809,144.9317784
6197209818,-37.8179731,144.9320529
6197209819,-37.8179629,144.932101
6197209825,-37.8178636,144.9322179
6197209830,-37.8172419,144.93174
6197209831,-37.8171536,144.9317334
6197209832,-37.817062,144.9317439
6197209833,-37.8169827,144.9317622
571468537,-37.8145465,145.0142926
1888086800,-37.7999733,144.9625401
1888086803,-37.8002432,144.9623784
1888086805,-37.7998526,144.9627861
1888086812,-37.8001285,144.9623913
1888086822,-37.8001418,144.9625143
777775931,-37.8052483,144.9508189
41675607,-37.8108425,144.9388903
41675609,-37.810876,144.9390697
41675612,-37.8117045,144.9406911
777775988,-37.8053499,144.9508028
92138359,-37.8185297,144.9484484
41675664,-37.8226648,144.9470849
41675688,-37.8241015,144.9527606
41675699,-37.8212718,144.9612196
41675706,-37.8201575,144.9651789
774499329,-37.8095139,144.9577448
844491859,-37.8194175,144.9530173
714861714,-37.8229843,144.9889836
714861717,-37.8230928,144.9891554
571731102,-37.8241345,144.943471
571731117,-37.8243114,144.9439632
571731182,-37.8242743,144.94398
571731201,-37.8244894,144.9460969
571731202,-37.8245212,144.9460841
571731212,-37.8243379,144.9445459
571731213,-37.8242902,144.9445345
591392064,-37.819616,144.9599063
591392065,-37.8196477,144.9599071
591392066,-37.8197185,144.9599089
591392078,-37.8200685,144.9607348
591392085,-37.8199672,144.9612505
576843200,-37.8247418,144.9899126
775941588,-37.8062038,144.9594321
571731477,-37.8243787,144.9442891
571731478,-37.8243813,144.9443662
571731479,-37.8243951,144.9444393
571731481,-37.8244158,144.9444822
571731482,-37.8243979,144.9446312
571731485,-37.8244809,144.9453486
775941673,-37.8062176,144.9595556
571731495,-37.8245704,144.9458233
775941687,-37.8066692,144.9624905
582798938,-37.8198301,144.9795486
2187980362,-37.8135091,144.9656542
2187980370,-37.8135186,144.9656215
2187980384,-37.8134932,144.9656098
2187980390,-37.8134837,144.9656425
361229932,-37.8003359,144.9749034
571731596,-37.8246631,144.9466253
571731603,-37.8246356,144.9466172
92139159,-37.8184922,144.948613
571731604,-37.8246085,144.9466327
582798958,-37.8222191,144.9832175
591785680,-37.8177227,144.9646588
30404319,-37.8251587,144.9933891
30404320,-37.8100762,144.9960042
30404321,-37.8180679,144.9946701
582798975,-37.8224076,144.9831835
1457647364,-37.8123179,144.9658842
1457647365,-37.8165677,144.9666637
6273363794,-37.7995646,144.9624872
6273363795,-37.7995256,144.962149
571731867,-37.8239148,144.9475744
591392674,-37.8198162,144.9603063
3215191973,-37.8075218,144.9554757
3215191977,-37.807676,144.9552709
3215191979,-37.8064263,144.9556723
3215191975,-37.8077095,144.9555579
3215191976,-37.8076972,144.9554438
3215191993,-37.8052516,144.9498659
3215191995,-37.8058101,144.9490186
3215192004,-37.8074746,144.9504305
3215192009,-37.8075547,144.9502989
3215192018,-37.8083395,144.9490344
3215192023,-37.8078839,144.9497582
3215192024,-37.8093242,144.9464593
3215192041,-37.8081734,144.9482459
3215192052,-37.8102247,144.9475695
3215192056,-37.8100895,144.9478642
3215192058,-37.8100014,144.9480526
3215192060,-37.8098907,144.9482742
579989564,-37.805949,144.9408373
6197211200,-37.8168181,144.9318271
6197211201,-37.8167618,144.9318636
6197211202,-37.8165928,144.9320136
579989614,-37.8052848,144.9400014
579989632,-37.8049272,144.9394914
634777737,-37.8148193,144.9376719
634777739,-37.8147568,144.9377758
634777745,-37.8148009,144.9377857
634777774,-37.8148459,144.9375409
1479930070,-37.8211755,144.9549802
1479930071,-37.8204575,144.9566918
1479930072,-37.8211581,144.9550498
1479930074,-37.8211434,144.9548976
1479930082,-37.8211946,144.9549192
1479930093,-37.821115,144.9548862
1479930096,-37.8209833,144.9550376
1479930098,-37.8206801,144.9559248
621539575,-37.8141705,144.9595405
621539577,-37.8141328,144.9596799
1479930106,-37.8211236,144.9549655
1479930111,-37.8211416,144.9551161
3215192363,-37.8094403,144.9491969
775942445,-37.8064605,144.9613343
775942452,-37.8065393,144.9613218
775942455,-37.8067581,144.9610755
6197211452,-37.8129112,144.933698
6197211467,-37.8129576,144.933682
6197211468,-37.8129675,144.9336625
6197211469,-37.8129796,144.9336409
6197211470,-37.8130106,144.93361
3895980379,-37.8118128,144.94602
634777950,-37.8146593,144.9377443
6197211484,-37.814828,144.932784
634777956,-37.8146711,144.9376032
634777966,-37.81476,144.9375096
634777968,-37.8148177,144.9375311
775942517,-37.8056958,144.9614712
4936954236,-37.8065115,144.9842719
775942584,-37.8054164,144.9615204
6197211585,-37.8150301,144.9328364
6197211586,-37.8149249,144.9327781
6197211587,-37.8149572,144.9327763
6197211588,-37.8149802,144.9327877
6197211589,-37.8149939,144.9328026
6197211590,-37.8150056,144.932818
6197211591,-37.8150174,144.9328297
6197211592,-37.8151052,144.9328434
6197211593,-37.8159474,144.9326379
6197211594,-37.8156966,144.9327192
6197211595,-37.8162818,144.9323467
560984594,-37.817873,144.9486698
591393322,-37.8193484,144.9614874
677245570,-37.8021747,144.9667587
677245571,-37.8020051,144.9651501
1982329493,-37.8024366,144.9919913
1982329495,-37.8022278,144.9905989
775942859,-37.804464,144.9618472
576844518,-37.8244324,144.988745
844493544,-37.8194519,144.9530394
5902824189,-37.8148868,144.9647378
560984864,-37.8180118,144.9480948
5694419767,-37.811807,144.9734053
5694419768,-37.8118378,144.9733504
319157063,-37.8060233,144.9674647
560984914,-37.8185703,144.9470836
560984925,-37.8181093,144.9469292
319157090,-37.8074114,144.9671342
319157116,-37.8074393,144.9670156
319157143,-37.8075664,144.9666053
319157183,-37.8057028,144.9675183
591393797,-37.8198468,144.9614528
594801681,-37.8119336,144.9672113
560985134,-37.8177994,144.946442
560985135,-37.8178767,144.9465948
560985136,-37.8178428,144.9469395
560985140,-37.8175483,144.9465439
2189161530,-37.8176404,144.9591221
560985149,-37.8163977,144.9459686
560985148,-37.816492,144.9459712
2189161534,-37.8096564,144.9554395
2189161536,-37.8176132,144.9591096
1463547020,-37.818575,145.0052604
1463547022,-37.818971,145.0038358
1463547028,-37.8194991,145.0042315
1463547031,-37.8185975,145.0049724
1463547040,-37.8187231,145.0037836
777778344,-37.805403,144.9521413
777778351,-37.805422,144.9522901
1463547079,-37.8187858,145.0038714
1463547083,-37.8187269,145.001466
1463547090,-37.8191051,145.0037948
1463547093,-37.8185006,145.0026771
1463547094,-37.8189642,145.0037432
1463547097,-37.8189424,145.0023257
1463547099,-37.8187328,145.0038814
1463547102,-37.8189706,145.0025804
1463547106,-37.8187761,145.0037747
1463547113,-37.818853,145.0026032
1463547115,-37.818674,145.0052277
1463547112,-37.8184561,145.005315
2347234662,-37.8136699,144.9741999
2347234663,-37.8210375,144.9821816
2347234664,-37.822358,144.982749
168396901,-37.8114081,144.9613741
560985671,-37.8207729,144.945562
319157894,-37.8054973,144.9660332
319157897,-37.807161,144.9680556
306968230,-37.8178106,144.9317421
306968237,-37.8178034,144.931744
306968245,-37.8173564,144.9317596
306968252,-37.8169266,144.9317806
306968259,-37.8166976,144.9319125
306968271,-37.816446,144.9321829
306968281,-37.8160428,144.9325668
4307285742,-37.8161635,145.0099421
4307285744,-37.816091,145.009424
306968306,-37.8158245,144.9326915
306968314,-37.8154797,144.9327496
306968322,-37.8152689,144.9328059
306968335,-37.8150624,144.9328467
306968348,-37.8142234,144.9328325
306968361,-37.8132861,144.9334399
576845616,-37.8233185,144.9891149
306968373,-37.8129588,144.9337
576845696,-37.8230577,144.988975
3168663488,-37.8118438,145.0004152
92141618,-37.8189026,144.9471781
4369807446,-37.8132932,144.9720099
4369807452,-37.8137121,144.9721086
2176972931,-37.8042708,145.0111606
306968733,-37.8013511,144.9361111
2189162940,-37.8117076,144.9564256
2189162941,-37.8117454,144.9564037
2189162942,-37.8156586,144.9582475
2189162943,-37.8117176,144.9563909
2189162944,-37.8156406,144.9581999
2189162945,-37.8156687,144.9582129
2189162947,-37.8117353,144.9564384
3431070188,-37.8169324,145.0029929
589036018,-37.8113308,144.9692934
844495378,-37.8196908,144.9520403
560986691,-37.8198801,144.9438039
366082639,-37.8006491,144.9658899
560986728,-37.8199098,144.9436993
560986784,-37.8200529,144.9427973
560986785,-37.8201633,144.9428076
560986804,-37.8203842,144.9420304
4544002876,-37.8112465,144.9659838
4544002877,-37.8113423,144.9656704
844495712,-37.8194359,144.9526438
5619579752,-37.8194474,145.0145108
5619579757,-37.8172426,145.0140944
5619579755,-37.8184346,145.0143116
306969480,-37.8179807,144.9319734
306969488,-37.817994,144.9317665
844495868,-37.8194841,144.9526672
844495870,-37.8195117,144.9526804
844495873,-37.8195634,144.952704
2187983887,-37.8119995,144.9706252
2187983890,-37.8120976,144.9706706
591264788,-37.8238195,144.9560591
591264806,-37.8238015,144.9561181
560987190,-37.8214197,144.9454782
844495928,-37.8194613,144.9526561
5021236291,-37.7991378,144.9613891
176684166,-37.8109226,144.9607228
844496179,-37.8201061,144.9506096
591396149,-37.8212569,144.9613229
844496218,-37.8202067,144.9506248
2117205389,-37.8242126,144.9733404
319159694,-37.8101542,144.9577029
319159699,-37.8094988,144.957498
667680173,-37.8137954,144.9718227
1560149438,-37.8163425,144.9373093
1985347051,-37.8072167,144.963877
1560149484,-37.8162882,144.9372753
1560149520,-37.8162679,144.9372252
1560149548,-37.8162997,144.9372462
282852909,-37.800252,145.0095156
282852911,-37.800866,145.0082393
1560149552,-37.8162012,144.9373958
1560149567,-37.8159139,144.9381486
202767945,-37.8060488,144.9333386
1560149580,-37.8162293,144.9373234
775945819,-37.8066608,144.9624147
775945827,-37.8064889,144.9613298
844496503,-37.8204853,144.9496384
775945874,-37.806209,144.9594792
844496533,-37.820274,144.9495398
775945877,-37.8061341,144.9594025
2705194658,-37.8210293,144.9696248
2705194659,-37.821075,144.9694435
775945930,-37.8058735,144.9592833
775945931,-37.8054993,144.9591122
207093560,-37.8044999,145.0020283
207093566,-37.8054295,145.0046292
207093568,-37.8052862,145.0053315
775946112,-37.8048441,144.9588116
775946115,-37.8041779,144.9585033
777781181,-37.8052379,144.9523212
1449431614,-37.8153447,144.9746029
1449431622,-37.8152621,144.9751487
1449431623,-37.8152153,144.9749471
